addr,value,status
0,90,ok
1,222,ok
2,19268,ok
3,13389,ok
4,12340,ok
5,17440,ok
6,21569,ok
7,19265,ok
8,19791,ok
9,32,ok
10,12593,ok
11,12593,ok
12,12593,ok
13,12593,ok
14,12593,ok
15,12593,ok
16,12593,ok
17,12593,ok
18,49,ok
19,16256,ok
20,0,ok
21,16256,ok
22,0,ok
23,1,ok
24,14445,ok
25,19908,ok
26,200,ok
27,1000,ok
28,1000,ok
29,1000,ok
30,1000,ok
31,1000,ok
32,1000,ok
33,1000,ok
34,1000,ok
35,1000,ok
36,1000,ok
37,1000,ok
38,1000,ok
39,10,ok
40,200,ok
41,3,ok
42,0,ok
43,1,ok
44,8,ok
45,1,ok
46,0,ok
47,1,ok
48,1,ok
49,100,ok
50,1,ok
51,1,ok
52,100,ok
53,1,ok
54,1,ok
55,5,ok
56,1,ok
57,3,ok
58,0,ok
59,0,ok
60,1,ok
61,4,ok
62,0,ok
63,0,ok
64,0,ok
65,0,ok
66,10,ok
67,0,ok
68,0,ok
69,0,ok
70,0,ok
71,0,ok
72,0,ok
73,0,ok
74,0,ok
75,0,ok
76,0,ok
77,0,ok
78,0,ok
79,0,ok
80,0,ok
81,0,ok
82,0,ok
83,0,ok
84,0,ok
85,1,ok
86,0,ok
87,16960,ok
88,15,ok
89,40960,ok
90,40965,ok
91,32783,ok
92,161,ok
93,0,ok
94,0,ok
95,0,ok
96,0,ok
97,0,ok
98,0,ok
99,0,ok
100,0,ok
101,0,ok
102,0,ok
103,0,ok
104,0,ok
105,0,ok
106,0,ok
107,0,ok
108,0,ok
109,0,ok
110,0,ok
111,0,ok
112,0,ok
113,0,ok
114,0,ok
115,0,ok
116,0,ok
117,0,ok
118,0,ok
119,0,ok
120,0,ok
121,0,ok
122,0,ok
123,0,ok
124,0,ok
125,0,ok
126,0,ok
127,0,ok
128,0,ok
129,0,ok
130,0,ok
131,0,ok
132,0,ok
133,0,ok
134,0,ok
135,0,ok
136,0,ok
137,0,ok
138,0,ok
139,0,ok
140,0,ok
141,0,ok
142,0,ok
143,0,ok
144,0,ok
145,0,ok
146,0,ok
147,0,ok
148,0,ok
149,0,ok
150,0,ok
151,0,ok
152,0,ok
153,0,ok
154,0,ok
155,0,ok
156,0,ok
157,0,ok
158,0,ok
159,0,ok
160,0,ok
161,0,ok
162,0,ok
163,0,ok
164,0,ok
165,0,ok
166,0,ok
167,0,ok
168,0,ok
169,0,ok
170,0,ok
171,0,ok
172,0,ok
173,0,ok
174,0,ok
175,0,ok
176,0,ok
177,0,ok
178,0,ok
179,0,ok
180,0,ok
181,0,ok
182,0,ok
183,0,ok
184,0,ok
185,0,ok
186,0,ok
187,0,ok
188,0,ok
189,0,ok
190,0,ok
191,0,ok
192,0,ok
193,0,ok
194,0,ok
195,0,ok
196,0,ok
197,0,ok
198,0,ok
199,0,ok
200,0,ok
201,0,ok
202,0,ok
203,0,ok
204,0,ok
205,0,ok
206,0,ok
207,0,ok
208,0,ok
209,0,ok
210,0,ok
211,0,ok
212,0,ok
213,0,ok
214,0,ok
215,0,ok
216,0,ok
217,0,ok
218,0,ok
219,0,ok
220,0,ok
221,0,ok
222,0,ok
223,0,ok
224,0,ok
225,0,ok
226,0,ok
227,0,ok
228,0,ok
229,0,ok
230,0,ok
231,0,ok
232,0,ok
233,0,ok
234,0,ok
235,0,ok
236,0,ok
237,0,ok
238,0,ok
239,0,ok
240,0,ok
241,0,ok
242,0,ok
243,0,ok
244,0,ok
245,0,ok
246,0,ok
247,0,ok
248,0,ok
249,0,ok
250,0,ok
251,0,ok
252,0,ok
253,0,ok
254,0,ok
255,0,ok
256,0,ok
257,0,ok
258,0,ok
259,39322,ok
260,16789,ok
261,39322,ok
262,16789,ok
263,0,ok
264,0,ok
265,0,ok
266,0,ok
267,0,ok
268,0,ok
269,0,ok
270,0,ok
271,0,ok
272,0,ok
273,0,ok
274,0,ok
275,0,ok
276,0,ok
277,0,ok
278,0,ok
279,0,ok
280,0,ok
281,0,ok
282,0,ok
283,0,ok
284,0,ok
285,0,ok
286,0,ok
287,0,ok
288,0,ok
289,0,ok
290,0,ok
291,0,ok
292,0,ok
293,0,ok
294,0,ok
295,0,ok
296,0,ok
297,0,ok
298,0,ok
299,0,ok
300,0,ok
301,0,ok
302,0,ok
303,0,ok
304,0,ok
305,0,ok
306,0,ok
307,0,ok
308,0,ok
309,0,ok
310,0,ok
311,0,ok
312,0,ok
313,0,ok
314,0,ok
315,0,ok
316,0,ok
317,0,ok
318,0,ok
319,0,ok
320,0,ok
321,0,ok
322,0,ok
323,0,ok
324,0,ok
325,0,ok
326,0,ok
327,0,ok
328,0,ok
329,0,ok
330,0,ok
331,0,ok
332,0,ok
333,0,ok
334,0,ok
335,0,ok
336,0,ok
337,0,ok
338,0,ok
339,0,ok
340,0,ok
341,0,ok
342,0,ok
343,0,ok
344,0,ok
345,0,ok
346,0,ok
347,0,ok
348,0,ok
349,0,ok
350,0,ok
351,0,ok
352,0,ok
353,0,ok
354,0,ok
355,0,ok
356,0,ok
357,0,ok
358,0,ok
359,0,ok
360,0,ok
361,0,ok
362,0,ok
363,0,ok
364,0,ok
365,0,ok
366,0,ok
367,0,ok
368,0,ok
369,0,ok
370,0,ok
371,0,ok
372,0,ok
373,0,ok
374,0,ok
375,0,ok
376,0,ok
377,0,ok
378,0,ok
379,0,ok
380,0,ok
381,0,ok
382,0,ok
383,0,ok
384,0,ok
385,0,ok
386,0,ok
387,0,ok
388,0,ok
389,0,ok
390,0,ok
391,0,ok
392,0,ok
393,0,ok
394,0,ok
395,0,ok
396,0,ok
397,0,ok
398,0,ok
399,0,ok
400,0,ok
401,0,ok
402,0,ok
403,0,ok
404,0,ok
405,0,ok
406,0,ok
407,0,ok
408,0,ok
409,0,ok
410,0,ok
411,0,ok
412,0,ok
413,0,ok
414,0,ok
415,0,ok
416,0,ok
417,0,ok
418,0,ok
419,0,ok
420,0,ok
421,0,ok
422,0,ok
423,0,ok
424,0,ok
425,0,ok
426,0,ok
427,0,ok
428,0,ok
429,0,ok
430,0,ok
431,0,ok
432,0,ok
433,0,ok
434,0,ok
435,0,ok
436,0,ok
437,0,ok
438,0,ok
439,0,ok
440,0,ok
441,0,ok
442,0,ok
443,0,ok
444,0,ok
445,0,ok
446,0,ok
447,0,ok
448,0,ok
449,0,ok
450,0,ok
451,0,ok
452,0,ok
453,0,ok
454,0,ok
455,0,ok
456,0,ok
457,0,ok
458,0,ok
459,0,ok
460,0,ok
461,0,ok
462,0,ok
463,0,ok
464,0,ok
465,0,ok
466,0,ok
467,0,ok
468,0,ok
469,0,ok
470,0,ok
471,0,ok
472,0,ok
473,0,ok
474,0,ok
475,0,ok
476,0,ok
477,0,ok
478,0,ok
479,0,ok
480,0,ok
481,0,ok
482,0,ok
483,0,ok
484,0,ok
485,0,ok
486,0,ok
487,0,ok
488,0,ok
489,0,ok
490,0,ok
491,0,ok
492,0,ok
493,0,ok
494,0,ok
495,0,ok
496,0,ok
497,0,ok
498,0,ok
499,0,ok
500,14009,ok
501,2149,ok
502,14355,ok
503,47556,ok
504,46777,ok
505,19283,ok
506,47243,ok
507,45846,ok
508,47477,ok
509,0,ok
510,0,ok
511,0,ok
512,0,ok
513,0,ok
514,0,ok
515,0,ok
516,0,ok
517,0,ok
518,0,ok
519,0,ok
520,0,ok
521,0,ok
522,0,ok
523,0,ok
524,0,ok
525,47556,ok
526,14009,ok
527,59119,ok
528,14486,ok
529,59119,ok
530,47254,ok
531,0,ok
532,0,ok
533,0,ok
534,0,ok
535,0,ok
536,0,ok
537,0,ok
538,0,ok
539,0,ok
540,0,ok
541,0,ok
542,0,ok
543,0,ok
544,0,ok
545,0,ok
546,0,ok
547,0,ok
548,0,ok
549,0,ok
550,0,ok
551,0,ok
552,0,ok
553,0,ok
554,0,ok
555,0,ok
556,0,ok
557,0,ok
558,0,ok
559,0,ok
560,0,ok
561,0,ok
562,0,ok
563,0,ok
564,0,ok
565,0,ok
566,0,ok
567,0,ok
568,0,ok
569,0,ok
570,0,ok
571,0,ok
572,0,ok
573,0,ok
574,0,ok
575,0,ok
576,0,ok
577,0,ok
578,0,ok
579,0,ok
580,0,ok
581,0,ok
582,0,ok
583,0,ok
584,0,ok
585,0,ok
586,0,ok
587,0,ok
588,0,ok
589,0,ok
590,0,ok
591,0,ok
592,0,ok
593,0,ok
594,0,ok
595,0,ok
596,0,ok
597,0,ok
598,0,ok
599,0,ok
600,0,ok
601,0,ok
602,0,ok
603,0,ok
604,0,ok
605,0,ok
606,0,ok
607,0,ok
608,0,ok
609,0,ok
610,0,ok
611,0,ok
612,0,ok
613,0,ok
614,0,ok
615,0,ok
616,0,ok
617,0,ok
618,0,ok
619,0,ok
620,0,ok
621,0,ok
622,0,ok
623,0,ok
624,0,ok
625,0,ok
626,0,ok
627,0,ok
628,0,ok
629,0,ok
630,0,ok
631,0,ok
632,0,ok
633,0,ok
634,0,ok
635,0,ok
636,0,ok
637,0,ok
638,0,ok
639,0,ok
640,0,ok
641,44449,ok
642,15643,ok
643,38404,ok
644,15730,ok
645,50446,ok
646,15527,ok
647,31922,ok
648,15556,ok
649,0,ok
650,0,ok
651,15429,ok
652,15523,ok
653,47447,ok
654,15521,ok
655,38935,ok
656,15665,ok
657,59442,ok
658,15545,ok
659,27424,ok
660,15547,ok
661,58910,ok
662,15610,ok
663,435,ok
664,15493,ok
665,13930,ok
666,15648,ok
667,38935,ok
668,15665,ok
669,6433,ok
670,15505,ok
671,0,ok
672,0,ok
673,0,ok
674,0,ok
675,0,ok
676,0,ok
677,0,ok
678,0,ok
679,0,ok
680,0,ok
681,0,ok
682,0,ok
683,0,ok
684,0,ok
685,0,ok
686,0,ok
687,0,ok
688,0,ok
689,0,ok
690,0,ok
691,0,ok
692,0,ok
693,0,ok
694,0,ok
695,0,ok
696,0,ok
697,0,ok
698,0,ok
699,0,ok
700,0,ok
701,0,ok
702,0,ok
703,0,ok
704,0,ok
705,0,ok
706,0,ok
707,0,ok
708,0,ok
709,0,ok
710,0,ok
711,0,ok
712,0,ok
713,0,ok
714,0,ok
715,0,ok
716,0,ok
717,0,ok
718,0,ok
719,54412,ok
720,15089,ok
721,54412,ok
722,15089,ok
723,54412,ok
724,47857,ok
725,54412,ok
726,15089,ok
727,54412,ok
728,15089,ok
729,54412,ok
730,47857,ok
731,54412,ok
732,15089,ok
733,0,ok
734,0,ok
735,54412,ok
736,47857,ok
737,54412,ok
738,47857,ok
739,54412,ok
740,15089,ok
741,54412,ok
742,15089,ok
743,54412,ok
744,47857,ok
745,54412,ok
746,15089,ok
747,54412,ok
748,47857,ok
749,54412,ok
750,47857,ok
751,54412,ok
752,47857,ok
753,54412,ok
754,47857,ok
755,0,ok
756,0,ok
757,0,ok
758,0,ok
759,0,ok
760,0,ok
761,0,ok
762,0,ok
763,0,ok
764,0,ok
765,0,ok
766,0,ok
767,0,ok
768,0,ok
769,0,ok
770,0,ok
771,0,ok
772,0,ok
773,0,ok
774,0,ok
775,0,ok
776,0,ok
777,0,ok
778,0,ok
779,0,ok
780,0,ok
781,0,ok
782,0,ok
783,0,ok
784,0,ok
785,0,ok
786,0,ok
787,0,ok
788,0,ok
789,0,ok
790,0,ok
791,0,ok
792,0,ok
793,0,ok
794,0,ok
795,0,ok
796,0,ok
797,0,ok
798,0,ok
799,0,ok
800,0,ok
801,0,ok
802,0,ok
803,0,ok
804,0,ok
805,0,ok
806,0,ok
807,0,ok
808,0,ok
809,0,ok
810,0,ok
811,0,ok
812,0,ok
813,0,ok
814,0,ok
815,0,ok
816,0,ok
817,0,ok
818,0,ok
819,0,ok
820,0,ok
821,0,ok
822,0,ok
823,0,ok
824,0,ok
825,0,ok
826,0,ok
827,0,ok
828,0,ok
829,0,ok
830,0,ok
831,0,ok
832,0,ok
833,0,ok
834,0,ok
835,0,ok
836,0,ok
837,0,ok
838,0,ok
839,0,ok
840,0,ok
841,13107,ok
842,17054,ok
843,0,ok
844,0,ok
845,0,ok
846,0,ok
847,0,ok
848,0,ok
849,0,ok
850,0,ok
851,0,ok
852,0,ok
853,0,ok
854,0,ok
855,0,ok
856,0,ok
857,0,ok
858,0,ok
859,0,ok
860,0,ok
861,0,ok
862,0,ok
863,0,ok
864,0,ok
865,0,ok
866,0,ok
867,0,ok
868,0,ok
869,0,ok
870,0,ok
871,0,ok
872,0,ok
873,0,ok
874,0,ok
875,0,ok
876,0,ok
877,0,ok
878,0,ok
879,13107,ok
880,17032,ok
881,0,ok
882,0,ok
883,0,ok
884,0,ok
885,0,ok
886,0,ok
887,0,ok
888,0,ok
889,0,ok
890,0,ok
891,0,ok
892,0,ok
893,0,ok
894,0,ok
895,0,ok
896,0,ok
897,0,ok
898,0,ok
899,0,ok
900,0,ok
901,0,ok
902,0,ok
903,0,ok
904,0,ok
905,0,ok
906,0,ok
907,0,ok
908,0,ok
909,0,ok
910,0,ok
911,0,ok
912,0,ok
913,0,ok
914,0,ok
915,0,ok
916,50491,ok
917,7,ok
918,0,ok
919,0,ok
920,38665,ok
921,2,ok
922,0,ok
923,0,ok
924,38683,ok
925,2,ok
926,0,ok
927,0,ok
928,38676,ok
929,2,ok
930,0,ok
931,0,ok
932,50763,ok
933,7,ok
934,0,ok
935,0,ok
936,38360,ok
937,2,ok
938,0,ok
939,0,ok
940,38877,ok
941,2,ok
942,0,ok
943,0,ok
944,39060,ok
945,2,ok
946,0,ok
947,0,ok
948,50305,ok
949,7,ok
950,0,ok
951,0,ok
952,38480,ok
953,2,ok
954,0,ok
955,0,ok
956,38642,ok
957,2,ok
958,0,ok
959,0,ok
960,38717,ok
961,2,ok
962,0,ok
963,0,ok
964,50350,ok
965,7,ok
966,0,ok
967,0,ok
968,38644,ok
969,2,ok
970,0,ok
971,0,ok
972,38766,ok
973,2,ok
974,0,ok
975,0,ok
976,38473,ok
977,2,ok
978,0,ok
979,0,ok
980,51866,ok
981,7,ok
982,0,ok
983,0,ok
984,39190,ok
985,2,ok
986,0,ok
987,0,ok
988,39553,ok
989,2,ok
990,0,ok
991,0,ok
992,38658,ok
993,2,ok
994,0,ok
995,0,ok
996,49833,ok
997,7,ok
998,0,ok
999,0,ok
1000,38456,ok
1001,2,ok
1002,0,ok
1003,0,ok
1004,38540,ok
1005,2,ok
1006,0,ok
1007,0,ok
1008,38372,ok
1009,2,ok
1010,0,ok
1011,0,ok
1012,49970,ok
1013,7,ok
1014,0,ok
1015,0,ok
1016,38546,ok
1017,2,ok
1018,0,ok
1019,0,ok
1020,38418,ok
1021,2,ok
1022,0,ok
1023,0,ok
1024,38540,ok
1025,2,ok
1026,0,ok
1027,0,ok
1028,49765,ok
1029,7,ok
1030,0,ok
1031,0,ok
1032,38416,ok
1033,2,ok
1034,0,ok
1035,0,ok
1036,38425,ok
1037,2,ok
1038,0,ok
1039,0,ok
1040,38458,ok
1041,2,ok
1042,0,ok
1043,0,ok
1044,49883,ok
1045,7,ok
1046,0,ok
1047,0,ok
1048,38584,ok
1049,2,ok
1050,0,ok
1051,0,ok
1052,38395,ok
1053,2,ok
1054,0,ok
1055,0,ok
1056,38438,ok
1057,2,ok
1058,0,ok
1059,0,ok
1060,49902,ok
1061,7,ok
1062,0,ok
1063,0,ok
1064,38450,ok
1065,2,ok
1066,0,ok
1067,0,ok
1068,38523,ok
1069,2,ok
1070,0,ok
1071,0,ok
1072,38464,ok
1073,2,ok
1074,0,ok
1075,0,ok
1076,50229,ok
1077,7,ok
1078,0,ok
1079,0,ok
1080,38549,ok
1081,2,ok
1082,0,ok
1083,0,ok
1084,38667,ok
1085,2,ok
1086,0,ok
1087,0,ok
1088,38547,ok
1089,2,ok
1090,0,ok
1091,0,ok
1092,49955,ok
1093,7,ok
1094,0,ok
1095,0,ok
1096,38489,ok
1097,2,ok
1098,0,ok
1099,0,ok
1100,38487,ok
1101,2,ok
1102,0,ok
1103,0,ok
1104,38514,ok
1105,2,ok
1106,0,ok
1107,0,ok
1108,0,ok
1109,0,ok
1110,0,ok
1111,0,ok
1112,0,ok
1113,0,ok
1114,0,ok
1115,0,ok
1116,0,ok
1117,0,ok
1118,0,ok
1119,0,ok
1120,0,ok
1121,0,ok
1122,0,ok
1123,0,ok
1124,33640,ok
1125,4,ok
1126,0,ok
1127,0,ok
1128,32952,ok
1129,1,ok
1130,0,ok
1131,0,ok
1132,33102,ok
1133,1,ok
1134,0,ok
1135,0,ok
1136,33121,ok
1137,1,ok
1138,0,ok
1139,0,ok
1140,33735,ok
1141,4,ok
1142,0,ok
1143,0,ok
1144,32871,ok
1145,1,ok
1146,0,ok
1147,0,ok
1148,33167,ok
1149,1,ok
1150,0,ok
1151,0,ok
1152,33233,ok
1153,1,ok
1154,0,ok
1155,0,ok
1156,33305,ok
1157,4,ok
1158,0,ok
1159,0,ok
1160,32891,ok
1161,1,ok
1162,0,ok
1163,0,ok
1164,32939,ok
1165,1,ok
1166,0,ok
1167,0,ok
1168,33011,ok
1169,1,ok
1170,0,ok
1171,0,ok
1172,33381,ok
1173,4,ok
1174,0,ok
1175,0,ok
1176,32937,ok
1177,1,ok
1178,0,ok
1179,0,ok
1180,32969,ok
1181,1,ok
1182,0,ok
1183,0,ok
1184,33010,ok
1185,1,ok
1186,0,ok
1187,0,ok
1188,34105,ok
1189,4,ok
1190,0,ok
1191,0,ok
1192,33229,ok
1193,1,ok
1194,0,ok
1195,0,ok
1196,33443,ok
1197,1,ok
1198,0,ok
1199,0,ok
1200,32968,ok
1201,1,ok
1202,0,ok
1203,0,ok
1204,33355,ok
1205,4,ok
1206,0,ok
1207,0,ok
1208,32935,ok
1209,1,ok
1210,0,ok
1211,0,ok
1212,32999,ok
1213,1,ok
1214,0,ok
1215,0,ok
1216,32957,ok
1217,1,ok
1218,0,ok
1219,0,ok
1220,33138,ok
1221,4,ok
1222,0,ok
1223,0,ok
1224,32860,ok
1225,1,ok
1226,0,ok
1227,0,ok
1228,32889,ok
1229,1,ok
1230,0,ok
1231,0,ok
1232,32924,ok
1233,1,ok
1234,0,ok
1235,0,ok
1236,33313,ok
1237,4,ok
1238,0,ok
1239,0,ok
1240,32885,ok
1241,1,ok
1242,0,ok
1243,0,ok
1244,32963,ok
1245,1,ok
1246,0,ok
1247,0,ok
1248,33000,ok
1249,1,ok
1250,0,ok
1251,0,ok
1252,33334,ok
1253,4,ok
1254,0,ok
1255,0,ok
1256,32931,ok
1257,1,ok
1258,0,ok
1259,0,ok
1260,33038,ok
1261,1,ok
1262,0,ok
1263,0,ok
1264,32900,ok
1265,1,ok
1266,0,ok
1267,0,ok
1268,33402,ok
1269,4,ok
1270,0,ok
1271,0,ok
1272,32903,ok
1273,1,ok
1274,0,ok
1275,0,ok
1276,33013,ok
1277,1,ok
1278,0,ok
1279,0,ok
1280,33021,ok
1281,1,ok
1282,0,ok
1283,0,ok
1284,33298,ok
1285,4,ok
1286,0,ok
1287,0,ok
1288,32937,ok
1289,1,ok
1290,0,ok
1291,0,ok
1292,32987,ok
1293,1,ok
1294,0,ok
1295,0,ok
1296,32909,ok
1297,1,ok
1298,0,ok
1299,0,ok
1300,33253,ok
1301,4,ok
1302,0,ok
1303,0,ok
1304,32931,ok
1305,1,ok
1306,0,ok
1307,0,ok
1308,32890,ok
1309,1,ok
1310,0,ok
1311,0,ok
1312,32967,ok
1313,1,ok
1314,0,ok
1315,0,ok
1316,0,ok
1317,0,ok
1318,0,ok
1319,0,ok
1320,0,ok
1321,0,ok
1322,0,ok
1323,0,ok
1324,0,ok
1325,0,ok
1326,0,ok
1327,0,ok
1328,0,ok
1329,0,ok
1330,0,ok
1331,0,ok
1332,1011,ok
1333,0,ok
1334,0,ok
1335,0,ok
1336,453,ok
1337,0,ok
1338,0,ok
1339,0,ok
1340,296,ok
1341,0,ok
1342,0,ok
1343,0,ok
1344,260,ok
1345,0,ok
1346,0,ok
1347,0,ok
1348,1103,ok
1349,0,ok
1350,0,ok
1351,0,ok
1352,370,ok
1353,0,ok
1354,0,ok
1355,0,ok
1356,357,ok
1357,0,ok
1358,0,ok
1359,0,ok
1360,376,ok
1361,0,ok
1362,0,ok
1363,0,ok
1364,1290,ok
1365,0,ok
1366,0,ok
1367,0,ok
1368,448,ok
1369,0,ok
1370,0,ok
1371,0,ok
1372,470,ok
1373,0,ok
1374,0,ok
1375,0,ok
1376,372,ok
1377,0,ok
1378,0,ok
1379,0,ok
1380,1197,ok
1381,0,ok
1382,0,ok
1383,0,ok
1384,466,ok
1385,0,ok
1386,0,ok
1387,0,ok
1388,477,ok
1389,0,ok
1390,0,ok
1391,0,ok
1392,252,ok
1393,0,ok
1394,0,ok
1395,0,ok
1396,1395,ok
1397,0,ok
1398,0,ok
1399,0,ok
1400,463,ok
1401,0,ok
1402,0,ok
1403,0,ok
1404,500,ok
1405,0,ok
1406,0,ok
1407,0,ok
1408,430,ok
1409,0,ok
1410,0,ok
1411,0,ok
1412,1078,ok
1413,0,ok
1414,0,ok
1415,0,ok
1416,398,ok
1417,0,ok
1418,0,ok
1419,0,ok
1420,370,ok
1421,0,ok
1422,0,ok
1423,0,ok
1424,309,ok
1425,0,ok
1426,0,ok
1427,0,ok
1428,1424,ok
1429,0,ok
1430,0,ok
1431,0,ok
1432,527,ok
1433,0,ok
1434,0,ok
1435,0,ok
1436,440,ok
1437,0,ok
1438,0,ok
1439,0,ok
1440,455,ok
1441,0,ok
1442,0,ok
1443,0,ok
1444,1233,ok
1445,0,ok
1446,0,ok
1447,0,ok
1448,477,ok
1449,0,ok
1450,0,ok
1451,0,ok
1452,395,ok
1453,0,ok
1454,0,ok
1455,0,ok
1456,361,ok
1457,0,ok
1458,0,ok
1459,0,ok
1460,1203,ok
1461,0,ok
1462,0,ok
1463,0,ok
1464,503,ok
1465,0,ok
1466,0,ok
1467,0,ok
1468,272,ok
1469,0,ok
1470,0,ok
1471,0,ok
1472,426,ok
1473,0,ok
1474,0,ok
1475,0,ok
1476,1221,ok
1477,0,ok
1478,0,ok
1479,0,ok
1480,466,ok
1481,0,ok
1482,0,ok
1483,0,ok
1484,398,ok
1485,0,ok
1486,0,ok
1487,0,ok
1488,356,ok
1489,0,ok
1490,0,ok
1491,0,ok
1492,1328,ok
1493,0,ok
1494,0,ok
1495,0,ok
1496,452,ok
1497,0,ok
1498,0,ok
1499,0,ok
1500,442,ok
1501,0,ok
1502,0,ok
1503,0,ok
1504,432,ok
1505,0,ok
1506,0,ok
1507,0,ok
1508,1248,ok
1509,0,ok
1510,0,ok
1511,0,ok
1512,422,ok
1513,0,ok
1514,0,ok
1515,0,ok
1516,456,ok
1517,0,ok
1518,0,ok
1519,0,ok
1520,369,ok
1521,0,ok
1522,0,ok
1523,0,ok
1524,0,ok
1525,0,ok
1526,0,ok
1527,0,ok
1528,0,ok
1529,0,ok
1530,0,ok
1531,0,ok
1532,0,ok
1533,0,ok
1534,0,ok
1535,0,ok
1536,0,ok
1537,0,ok
1538,0,ok
1539,0,ok
1540,0,ok
1541,0,ok
1542,0,ok
1543,0,ok
1544,0,ok
1545,0,ok
1546,0,ok
1547,0,ok
1548,0,ok
1549,0,ok
1550,0,ok
1551,0,ok
1552,0,ok
1553,0,ok
1554,0,ok
1555,0,ok
1556,0,ok
1557,0,ok
1558,0,ok
1559,0,ok
1560,0,ok
1561,0,ok
1562,0,ok
1563,0,ok
1564,0,ok
1565,0,ok
1566,0,ok
1567,0,ok
1568,0,ok
1569,0,ok
1570,0,ok
1571,0,ok
1572,0,ok
1573,0,ok
1574,0,ok
1575,0,ok
1576,0,ok
1577,0,ok
1578,0,ok
1579,0,ok
1580,0,ok
1581,0,ok
1582,0,ok
1583,0,ok
1584,0,ok
1585,0,ok
1586,0,ok
1587,0,ok
1588,0,ok
1589,0,ok
1590,0,ok
1591,0,ok
1592,0,ok
1593,0,ok
1594,0,ok
1595,0,ok
1596,0,ok
1597,0,ok
1598,0,ok
1599,0,ok
1600,0,ok
1601,0,ok
1602,0,ok
1603,0,ok
1604,0,ok
1605,0,ok
1606,0,ok
1607,0,ok
1608,0,ok
1609,0,ok
1610,0,ok
1611,0,ok
1612,0,ok
1613,0,ok
1614,0,ok
1615,0,ok
1616,0,ok
1617,0,ok
1618,0,ok
1619,0,ok
1620,0,ok
1621,0,ok
1622,0,ok
1623,0,ok
1624,0,ok
1625,0,ok
1626,0,ok
1627,0,ok
1628,0,ok
1629,0,ok
1630,0,ok
1631,0,ok
1632,0,ok
1633,0,ok
1634,0,ok
1635,0,ok
1636,0,ok
1637,0,ok
1638,0,ok
1639,0,ok
1640,0,ok
1641,0,ok
1642,0,ok
1643,0,ok
1644,0,ok
1645,0,ok
1646,0,ok
1647,0,ok
1648,0,ok
1649,0,ok
1650,0,ok
1651,0,ok
1652,0,ok
1653,0,ok
1654,0,ok
1655,0,ok
1656,0,ok
1657,0,ok
1658,0,ok
1659,0,ok
1660,0,ok
1661,0,ok
1662,0,ok
1663,0,ok
1664,0,ok
1665,0,ok
1666,0,ok
1667,0,ok
1668,0,ok
1669,0,ok
1670,0,ok
1671,0,ok
1672,0,ok
1673,0,ok
1674,0,ok
1675,0,ok
1676,0,ok
1677,0,ok
1678,0,ok
1679,0,ok
1680,0,ok
1681,0,ok
1682,0,ok
1683,0,ok
1684,0,ok
1685,0,ok
1686,0,ok
1687,0,ok
1688,0,ok
1689,0,ok
1690,0,ok
1691,0,ok
1692,0,ok
1693,0,ok
1694,0,ok
1695,0,ok
1696,0,ok
1697,0,ok
1698,0,ok
1699,0,ok
1700,0,ok
1701,0,ok
1702,0,ok
1703,0,ok
1704,0,ok
1705,0,ok
1706,0,ok
1707,0,ok
1708,0,ok
1709,0,ok
1710,0,ok
1711,0,ok
1712,0,ok
1713,0,ok
1714,0,ok
1715,0,ok
1716,0,ok
1717,0,ok
1718,0,ok
1719,0,ok
1720,0,ok
1721,0,ok
1722,0,ok
1723,0,ok
1724,0,ok
1725,0,ok
1726,0,ok
1727,0,ok
1728,0,ok
1729,0,ok
1730,0,ok
1731,0,ok
1732,0,ok
1733,0,ok
1734,0,ok
1735,0,ok
1736,0,ok
1737,0,ok
1738,0,ok
1739,0,ok
1740,0,ok
1741,0,ok
1742,0,ok
1743,0,ok
1744,0,ok
1745,0,ok
1746,0,ok
1747,0,ok
1748,0,ok
1749,0,ok
1750,0,ok
1751,0,ok
1752,0,ok
1753,0,ok
1754,0,ok
1755,0,ok
1756,0,ok
1757,0,ok
1758,0,ok
1759,0,ok
1760,0,ok
1761,0,ok
1762,0,ok
1763,0,ok
1764,0,ok
1765,0,ok
1766,0,ok
1767,0,ok
1768,0,ok
1769,0,ok
1770,0,ok
1771,0,ok
1772,0,ok
1773,0,ok
1774,0,ok
1775,0,ok
1776,0,ok
1777,0,ok
1778,0,ok
1779,0,ok
1780,0,ok
1781,0,ok
1782,0,ok
1783,0,ok
1784,0,ok
1785,0,ok
1786,0,ok
1787,0,ok
1788,0,ok
1789,0,ok
1790,0,ok
1791,0,ok
1792,0,ok
1793,0,ok
1794,0,ok
1795,0,ok
1796,0,ok
1797,0,ok
1798,0,ok
1799,0,ok
1800,0,ok
1801,0,ok
1802,0,ok
1803,0,ok
1804,0,ok
1805,0,ok
1806,0,ok
1807,0,ok
1808,0,ok
1809,0,ok
1810,0,ok
1811,0,ok
1812,0,ok
1813,0,ok
1814,0,ok
1815,0,ok
1816,0,ok
1817,0,ok
1818,0,ok
1819,0,ok
1820,0,ok
1821,0,ok
1822,0,ok
1823,0,ok
1824,0,ok
1825,0,ok
1826,0,ok
1827,0,ok
1828,0,ok
1829,0,ok
1830,0,ok
1831,0,ok
1832,0,ok
1833,0,ok
1834,0,ok
1835,0,ok
1836,0,ok
1837,0,ok
1838,0,ok
1839,0,ok
1840,0,ok
1841,0,ok
1842,0,ok
1843,0,ok
1844,0,ok
1845,0,ok
1846,0,ok
1847,0,ok
1848,0,ok
1849,0,ok
1850,0,ok
1851,0,ok
1852,0,ok
1853,0,ok
1854,0,ok
1855,0,ok
1856,0,ok
1857,0,ok
1858,0,ok
1859,0,ok
1860,0,ok
1861,0,ok
1862,0,ok
1863,0,ok
1864,0,ok
1865,0,ok
1866,0,ok
1867,0,ok
1868,0,ok
1869,0,ok
1870,0,ok
1871,0,ok
1872,0,ok
1873,0,ok
1874,0,ok
1875,0,ok
1876,0,ok
1877,0,ok
1878,0,ok
1879,0,ok
1880,0,ok
1881,0,ok
1882,0,ok
1883,0,ok
1884,0,ok
1885,0,ok
1886,0,ok
1887,0,ok
1888,0,ok
1889,0,ok
1890,0,ok
1891,0,ok
1892,0,ok
1893,0,ok
1894,0,ok
1895,0,ok
1896,0,ok
1897,0,ok
1898,0,ok
1899,0,ok
1900,0,ok
1901,0,ok
1902,0,ok
1903,0,ok
1904,0,ok
1905,0,ok
1906,0,ok
1907,0,ok
1908,0,ok
1909,0,ok
1910,0,ok
1911,0,ok
1912,0,ok
1913,0,ok
1914,0,ok
1915,0,ok
1916,0,ok
1917,0,ok
1918,0,ok
1919,0,ok
1920,0,ok
1921,0,ok
1922,0,ok
1923,0,ok
1924,0,ok
1925,0,ok
1926,0,ok
1927,0,ok
1928,0,ok
1929,0,ok
1930,0,ok
1931,0,ok
1932,0,ok
1933,0,ok
1934,0,ok
1935,0,ok
1936,0,ok
1937,0,ok
1938,0,ok
1939,0,ok
1940,0,ok
1941,0,ok
1942,0,ok
1943,0,ok
1944,0,ok
1945,0,ok
1946,0,ok
1947,0,ok
1948,0,ok
1949,0,ok
1950,0,ok
1951,0,ok
1952,0,ok
1953,0,ok
1954,0,ok
1955,0,ok
1956,0,ok
1957,0,ok
1958,0,ok
1959,0,ok
1960,0,ok
1961,0,ok
1962,0,ok
1963,0,ok
1964,0,ok
1965,0,ok
1966,0,ok
1967,0,ok
1968,0,ok
1969,0,ok
1970,0,ok
1971,0,ok
1972,0,ok
1973,0,ok
1974,0,ok
1975,0,ok
1976,0,ok
1977,0,ok
1978,0,ok
1979,0,ok
1980,0,ok
1981,0,ok
1982,0,ok
1983,0,ok
1984,0,ok
1985,0,ok
1986,0,ok
1987,0,ok
1988,0,ok
1989,0,ok
1990,0,ok
1991,0,ok
1992,0,ok
1993,0,ok
1994,0,ok
1995,0,ok
1996,0,ok
1997,0,ok
1998,0,ok
1999,0,ok
2000,0,ok
2001,0,ok
2002,0,ok
2003,0,ok
2004,0,ok
2005,0,ok
2006,0,ok
2007,0,ok
2008,0,ok
2009,0,ok
2010,0,ok
2011,0,ok
2012,0,ok
2013,0,ok
2014,0,ok
2015,0,ok
2016,0,ok
2017,0,ok
2018,0,ok
2019,0,ok
2020,0,ok
2021,0,ok
2022,0,ok
2023,0,ok
2024,0,ok
2025,0,ok
2026,0,ok
2027,0,ok
2028,0,ok
2029,0,ok
2030,0,ok
2031,0,ok
2032,0,ok
2033,0,ok
2034,0,ok
2035,0,ok
2036,0,ok
2037,0,ok
2038,0,ok
2039,0,ok
2040,0,ok
2041,0,ok
2042,0,ok
2043,0,ok
2044,0,ok
2045,0,ok
2046,0,ok
2047,0,ok
2048,0,ok
2049,0,ok
2050,0,ok
2051,0,ok
2052,0,ok
2053,0,ok
2054,0,ok
2055,0,ok
2056,0,ok
2057,0,ok
2058,0,ok
2059,0,ok
2060,0,ok
2061,0,ok
2062,0,ok
2063,0,ok
2064,0,ok
2065,0,ok
2066,0,ok
2067,0,ok
2068,0,ok
2069,0,ok
2070,0,ok
2071,0,ok
2072,0,ok
2073,0,ok
2074,0,ok
2075,0,ok
2076,0,ok
2077,0,ok
2078,0,ok
2079,0,ok
2080,0,ok
2081,0,ok
2082,0,ok
2083,0,ok
2084,0,ok
2085,0,ok
2086,0,ok
2087,0,ok
2088,0,ok
2089,0,ok
2090,0,ok
2091,0,ok
2092,0,ok
2093,0,ok
2094,0,ok
2095,0,ok
2096,0,ok
2097,0,ok
2098,0,ok
2099,0,ok
2100,0,ok
2101,0,ok
2102,0,ok
2103,0,ok
2104,0,ok
2105,0,ok
2106,0,ok
2107,0,ok
2108,0,ok
2109,0,ok
2110,0,ok
2111,0,ok
2112,0,ok
2113,0,ok
2114,0,ok
2115,0,ok
2116,0,ok
2117,0,ok
2118,0,ok
2119,0,ok
2120,0,ok
2121,0,ok
2122,0,ok
2123,0,ok
2124,0,ok
2125,0,ok
2126,0,ok
2127,0,ok
2128,0,ok
2129,0,ok
2130,0,ok
2131,0,ok
2132,0,ok
2133,0,ok
2134,0,ok
2135,0,ok
2136,0,ok
2137,0,ok
2138,0,ok
2139,0,ok
2140,0,ok
2141,0,ok
2142,0,ok
2143,0,ok
2144,0,ok
2145,0,ok
2146,0,ok
2147,0,ok
2148,0,ok
2149,0,ok
2150,0,ok
2151,0,ok
2152,0,ok
2153,0,ok
2154,0,ok
2155,0,ok
2156,0,ok
2157,0,ok
2158,0,ok
2159,0,ok
2160,0,ok
2161,0,ok
2162,0,ok
2163,0,ok
2164,0,ok
2165,0,ok
2166,0,ok
2167,0,ok
2168,0,ok
2169,0,ok
2170,0,ok
2171,0,ok
2172,0,ok
2173,0,ok
2174,0,ok
2175,0,ok
2176,0,ok
2177,0,ok
2178,0,ok
2179,0,ok
2180,0,ok
2181,0,ok
2182,0,ok
2183,0,ok
2184,0,ok
2185,0,ok
2186,0,ok
2187,0,ok
2188,0,ok
2189,0,ok
2190,0,ok
2191,0,ok
2192,0,ok
2193,0,ok
2194,0,ok
2195,0,ok
2196,0,ok
2197,0,ok
2198,0,ok
2199,0,ok
2200,0,ok
2201,0,ok
2202,0,ok
2203,0,ok
2204,0,ok
2205,0,ok
2206,0,ok
2207,0,ok
2208,0,ok
2209,0,ok
2210,0,ok
2211,0,ok
2212,0,ok
2213,0,ok
2214,0,ok
2215,0,ok
2216,0,ok
2217,0,ok
2218,0,ok
2219,0,ok
2220,0,ok
2221,0,ok
2222,0,ok
2223,0,ok
2224,17346,ok
2225,14445,ok
2226,0,ok
2227,0,ok
2228,17346,ok
2229,14445,ok
2230,0,ok
2231,0,ok
2232,17346,ok
2233,14445,ok
2234,0,ok
2235,0,ok
2236,17346,ok
2237,14445,ok
2238,0,ok
2239,0,ok
2240,17346,ok
2241,14445,ok
2242,0,ok
2243,0,ok
2244,17346,ok
2245,14445,ok
2246,0,ok
2247,0,ok
2248,17344,ok
2249,14445,ok
2250,0,ok
2251,0,ok
2252,17346,ok
2253,14445,ok
2254,0,ok
2255,0,ok
2256,17346,ok
2257,14445,ok
2258,0,ok
2259,0,ok
2260,17346,ok
2261,14445,ok
2262,0,ok
2263,0,ok
2264,17346,ok
2265,14445,ok
2266,0,ok
2267,0,ok
2268,17346,ok
2269,14445,ok
2270,0,ok
2271,0,ok
2272,17346,ok
2273,14445,ok
2274,0,ok
2275,0,ok
2276,17346,ok
2277,14445,ok
2278,0,ok
2279,0,ok
2280,17346,ok
2281,14445,ok
2282,0,ok
2283,0,ok
2284,17346,ok
2285,14445,ok
2286,0,ok
2287,0,ok
2288,17346,ok
2289,14445,ok
2290,0,ok
2291,0,ok
2292,17346,ok
2293,14445,ok
2294,0,ok
2295,0,ok
2296,17346,ok
2297,14445,ok
2298,0,ok
2299,0,ok
2300,0,ok
2301,0,ok
2302,0,ok
2303,0,ok
2304,0,ok
2305,0,ok
2306,0,ok
2307,0,ok
2308,0,ok
2309,0,ok
2310,0,ok
2311,0,ok
2312,0,ok
2313,0,ok
2314,0,ok
2315,0,ok
2316,0,ok
2317,0,ok
2318,0,ok
2319,0,ok
2320,0,ok
2321,0,ok
2322,0,ok
2323,0,ok
2324,0,ok
2325,0,ok
2326,0,ok
2327,0,ok
2328,0,ok
2329,0,ok
2330,0,ok
2331,0,ok
2332,0,ok
2333,0,ok
2334,0,ok
2335,0,ok
2336,0,ok
2337,13107,ok
2338,17054,ok
2339,0,ok
2340,0,ok
2341,0,ok
2342,0,ok
2343,0,ok
2344,0,ok
2345,0,ok
2346,0,ok
2347,0,ok
2348,0,ok
2349,0,ok
2350,0,ok
2351,0,ok
2352,0,ok
2353,0,ok
2354,0,ok
2355,0,ok
2356,0,ok
2357,0,ok
2358,0,ok
2359,0,ok
2360,0,ok
2361,0,ok
2362,0,ok
2363,0,ok
2364,0,ok
2365,0,ok
2366,0,ok
2367,0,ok
2368,0,ok
2369,0,ok
2370,0,ok
2371,0,ok
2372,0,ok
2373,0,ok
2374,0,ok
2375,0,ok
2376,16944,ok
2377,0,ok
2378,0,ok
2379,0,ok
2380,0,ok
2381,0,ok
2382,0,ok
2383,0,ok
2384,0,ok
2385,0,ok
2386,0,ok
2387,0,ok
2388,0,ok
2389,0,ok
2390,0,ok
2391,0,ok
2392,0,ok
2393,0,ok
2394,0,ok
2395,0,ok
2396,0,ok
2397,0,ok
2398,0,ok
2399,0,ok
2400,0,ok
2401,0,ok
2402,0,ok
2403,0,ok
2404,0,ok
2405,0,ok
2406,0,ok
2407,0,ok
2408,0,ok
2409,0,ok
2410,0,ok
2411,0,ok
2412,0,ok
2413,0,ok
2414,0,ok
2415,0,ok
2416,0,ok
2417,0,ok
2418,0,ok
2419,0,ok
2420,0,ok
2421,0,ok
2422,0,ok
2423,0,ok
2424,0,ok
2425,0,ok
2426,0,ok
2427,0,ok
2428,0,ok
2429,0,ok
2430,0,ok
2431,0,ok
2432,0,ok
2433,0,ok
2434,0,ok
2435,0,ok
2436,0,ok
2437,0,ok
2438,0,ok
2439,0,ok
2440,0,ok
2441,0,ok
2442,0,ok
2443,0,ok
2444,0,ok
2445,0,ok
2446,0,ok
2447,0,ok
2448,0,ok
2449,0,ok
2450,0,ok
2451,0,ok
2452,0,ok
2453,0,ok
2454,0,ok
2455,0,ok
2456,0,ok
2457,0,ok
2458,0,ok
2459,0,ok
2460,0,ok
2461,0,ok
2462,0,ok
2463,0,ok
2464,0,ok
2465,0,ok
2466,0,ok
2467,0,ok
2468,0,ok
2469,0,ok
2470,0,ok
2471,0,ok
2472,0,ok
2473,0,ok
2474,0,ok
2475,0,ok
2476,0,ok
2477,0,ok
2478,0,ok
2479,0,ok
2480,0,ok
2481,0,ok
2482,0,ok
2483,0,ok
2484,0,ok
2485,0,ok
2486,0,ok
2487,0,ok
2488,0,ok
2489,0,ok
2490,0,ok
2491,0,ok
2492,0,ok
2493,0,ok
2494,0,ok
2495,0,ok
2496,0,ok
2497,0,ok
2498,0,ok
2499,0,ok
2500,0,ok
2501,0,ok
2502,0,ok
2503,0,ok
2504,0,ok
2505,0,ok
2506,0,ok
2507,0,ok
2508,0,ok
2509,0,ok
2510,0,ok
2511,0,ok
2512,0,ok
2513,0,ok
2514,0,ok
2515,0,ok
2516,0,ok
2517,0,ok
2518,0,ok
2519,0,ok
2520,0,ok
2521,0,ok
2522,0,ok
2523,0,ok
2524,0,ok
2525,0,ok
2526,0,ok
2527,0,ok
2528,0,ok
2529,0,ok
2530,0,ok
2531,0,ok
2532,0,ok
2533,0,ok
2534,0,ok
2535,0,ok
2536,0,ok
2537,0,ok
2538,0,ok
2539,0,ok
2540,0,ok
2541,0,ok
2542,0,ok
2543,0,ok
2544,0,ok
2545,0,ok
2546,0,ok
2547,0,ok
2548,0,ok
2549,0,ok
2550,0,ok
2551,0,ok
2552,0,ok
2553,0,ok
2554,0,ok
2555,0,ok
2556,0,ok
2557,0,ok
2558,0,ok
2559,0,ok
2560,0,ok
2561,0,ok
2562,0,ok
2563,0,ok
2564,0,ok
2565,0,ok
2566,0,ok
2567,0,ok
2568,0,ok
2569,0,ok
2570,0,ok
2571,0,ok
2572,0,ok
2573,0,ok
2574,0,ok
2575,0,ok
2576,0,ok
2577,0,ok
2578,0,ok
2579,0,ok
2580,0,ok
2581,0,ok
2582,0,ok
2583,0,ok
2584,0,ok
2585,0,ok
2586,0,ok
2587,0,ok
2588,0,ok
2589,0,ok
2590,0,ok
2591,0,ok
2592,0,ok
2593,0,ok
2594,0,ok
2595,0,ok
2596,0,ok
2597,0,ok
2598,0,ok
2599,0,ok
2600,0,ok
2601,0,ok
2602,0,ok
2603,0,ok
2604,0,ok
2605,0,ok
2606,0,ok
2607,0,ok
2608,0,ok
2609,0,ok
2610,0,ok
2611,0,ok
2612,0,ok
2613,0,ok
2614,0,ok
2615,0,ok
2616,0,ok
2617,0,ok
2618,0,ok
2619,0,ok
2620,0,ok
2621,0,ok
2622,0,ok
2623,0,ok
2624,0,ok
2625,0,ok
2626,0,ok
2627,0,ok
2628,0,ok
2629,0,ok
2630,0,ok
2631,0,ok
2632,0,ok
2633,0,ok
2634,0,ok
2635,0,ok
2636,0,ok
2637,0,ok
2638,0,ok
2639,0,ok
2640,0,ok
2641,0,ok
2642,0,ok
2643,0,ok
2644,0,ok
2645,0,ok
2646,0,ok
2647,0,ok
2648,0,ok
2649,0,ok
2650,0,ok
2651,0,ok
2652,0,ok
2653,0,ok
2654,0,ok
2655,0,ok
2656,0,ok
2657,0,ok
2658,0,ok
2659,0,ok
2660,0,ok
2661,0,ok
2662,0,ok
2663,0,ok
2664,0,ok
2665,0,ok
2666,0,ok
2667,0,ok
2668,0,ok
2669,0,ok
2670,0,ok
2671,0,ok
2672,0,ok
2673,0,ok
2674,0,ok
2675,0,ok
2676,0,ok
2677,0,ok
2678,0,ok
2679,0,ok
2680,0,ok
2681,0,ok
2682,0,ok
2683,0,ok
2684,0,ok
2685,0,ok
2686,0,ok
2687,0,ok
2688,0,ok
2689,0,ok
2690,0,ok
2691,0,ok
2692,0,ok
2693,0,ok
2694,0,ok
2695,0,ok
2696,0,ok
2697,0,ok
2698,0,ok
2699,0,ok
2700,0,ok
2701,0,ok
2702,0,ok
2703,0,ok
2704,0,ok
2705,0,ok
2706,0,ok
2707,0,ok
2708,0,ok
2709,0,ok
2710,0,ok
2711,0,ok
2712,0,ok
2713,0,ok
2714,0,ok
2715,0,ok
2716,0,ok
2717,0,ok
2718,0,ok
2719,0,ok
2720,0,ok
2721,0,ok
2722,0,ok
2723,0,ok
2724,0,ok
2725,0,ok
2726,0,ok
2727,0,ok
2728,0,ok
2729,0,ok
2730,0,ok
2731,0,ok
2732,0,ok
2733,0,ok
2734,0,ok
2735,0,ok
2736,0,ok
2737,0,ok
2738,0,ok
2739,0,ok
2740,0,ok
2741,0,ok
2742,0,ok
2743,0,ok
2744,0,ok
2745,0,ok
2746,0,ok
2747,0,ok
2748,0,ok
2749,0,ok
2750,0,ok
2751,0,ok
2752,0,ok
2753,0,ok
2754,0,ok
2755,0,ok
2756,0,ok
2757,0,ok
2758,0,ok
2759,0,ok
2760,0,ok
2761,0,ok
2762,0,ok
2763,0,ok
2764,0,ok
2765,0,ok
2766,0,ok
2767,0,ok
2768,0,ok
2769,0,ok
2770,0,ok
2771,0,ok
2772,0,ok
2773,0,ok
2774,0,ok
2775,0,ok
2776,0,ok
2777,0,ok
2778,0,ok
2779,0,ok
2780,0,ok
2781,0,ok
2782,0,ok
2783,0,ok
2784,0,ok
2785,0,ok
2786,0,ok
2787,0,ok
2788,0,ok
2789,0,ok
2790,0,ok
2791,0,ok
2792,0,ok
2793,0,ok
2794,0,ok
2795,0,ok
2796,0,ok
2797,0,ok
2798,0,ok
2799,0,ok
2800,0,ok
2801,0,ok
2802,0,ok
2803,0,ok
2804,0,ok
2805,0,ok
2806,0,ok
2807,0,ok
2808,0,ok
2809,27985,ok
2810,27985,ok
2811,14445,ok
2812,14445,ok
2813,0,ok
2814,0,ok
2815,0,ok
2816,0,ok
2817,27999,ok
2818,27999,ok
2819,14445,ok
2820,14445,ok
2821,0,ok
2822,0,ok
2823,0,ok
2824,0,ok
2825,28013,ok
2826,28013,ok
2827,14445,ok
2828,14445,ok
2829,0,ok
2830,0,ok
2831,0,ok
2832,0,ok
2833,28027,ok
2834,28027,ok
2835,14445,ok
2836,14445,ok
2837,0,ok
2838,0,ok
2839,0,ok
2840,0,ok
2841,43690,ok
2842,43690,ok
2843,43690,ok
2844,43690,ok
2845,43690,ok
2846,43690,ok
2847,43690,ok
2848,43690,ok
2849,43690,ok
2850,43690,ok
2851,43690,ok
2852,43690,ok
2853,43690,ok
2854,43690,ok
2855,43690,ok
2856,43690,ok
2857,43690,ok
2858,43690,ok
2859,43690,ok
2860,43690,ok
2861,43690,ok
2862,43690,ok
2863,43690,ok
2864,43690,ok
2865,43690,ok
2866,43690,ok
2867,43690,ok
2868,43690,ok
2869,43690,ok
2870,43690,ok
2871,43690,ok
2872,43690,ok
2873,43690,ok
2874,43690,ok
2875,43690,ok
2876,43690,ok
2877,43690,ok
2878,43690,ok
2879,43690,ok
2880,43690,ok
2881,43690,ok
2882,43690,ok
2883,43690,ok
2884,43690,ok
2885,43690,ok
2886,43690,ok
2887,43690,ok
2888,43690,ok
2889,43690,ok
2890,43690,ok
2891,43690,ok
2892,43690,ok
2893,43690,ok
2894,43690,ok
2895,43690,ok
2896,43690,ok
2897,43690,ok
2898,43690,ok
2899,43690,ok
2900,0,ok
2901,43690,ok
2902,43690,ok
2903,43690,ok
2904,43690,ok
2905,28162,ok
2906,28162,ok
2907,14446,ok
2908,14446,ok
2909,0,ok
2910,0,ok
2911,0,ok
2912,0,ok
2913,28176,ok
2914,28176,ok
2915,14446,ok
2916,14446,ok
2917,0,ok
2918,0,ok
2919,0,ok
2920,0,ok
2921,43690,ok
2922,43690,ok
2923,43690,ok
2924,43690,ok
2925,43690,ok
2926,43690,ok
2927,43690,ok
2928,43690,ok
2929,43690,ok
2930,43690,ok
2931,43690,ok
2932,43690,ok
2933,43690,ok
2934,43690,ok
2935,43690,ok
2936,43690,ok
2937,43690,ok
2938,43690,ok
2939,43690,ok
2940,43690,ok
2941,43690,ok
2942,43690,ok
2943,43690,ok
2944,43690,ok
2945,43690,ok
2946,43690,ok
2947,43690,ok
2948,43690,ok
2949,43690,ok
2950,43690,ok
2951,43690,ok
2952,43690,ok
2953,43690,ok
2954,43690,ok
2955,43690,ok
2956,43690,ok
2957,43690,ok
2958,43690,ok
2959,43690,ok
2960,43690,ok
2961,43690,ok
2962,43690,ok
2963,43690,ok
2964,43690,ok
2965,43690,ok
2966,43690,ok
2967,43690,ok
2968,43690,ok
2969,43690,ok
2970,43690,ok
2971,43690,ok
2972,43690,ok
2973,43690,ok
2974,43690,ok
2975,43690,ok
2976,43690,ok
2977,43690,ok
2978,43690,ok
2979,43690,ok
2980,43690,ok
2981,43690,ok
2982,43690,ok
2983,43690,ok
2984,43690,ok
2985,43690,ok
2986,43690,ok
2987,43690,ok
2988,43690,ok
2989,43690,ok
2990,43690,ok
2991,43690,ok
2992,43690,ok
2993,43690,ok
2994,43690,ok
2995,43690,ok
2996,43690,ok
2997,43690,ok
2998,43690,ok
2999,43690,ok
3000,0,ok
3001,0,ok
3002,0,ok
3003,0,ok
3004,0,ok
3005,0,ok
3006,0,ok
3007,0,ok
3008,0,ok
3009,0,ok
3010,0,ok
3011,0,ok
3012,0,ok
3013,0,ok
3014,0,ok
3015,0,ok
3016,0,ok
3017,0,ok
3018,0,ok
3019,0,ok
3020,0,ok
3021,0,ok
3022,0,ok
3023,0,ok
3024,0,ok
3025,0,ok
3026,0,ok
3027,0,ok
3028,0,ok
3029,0,ok
3030,0,ok
3031,0,ok
3032,0,ok
3033,0,ok
3034,0,ok
3035,0,ok
3036,0,ok
3037,0,ok
3038,0,ok
3039,0,ok
3040,0,ok
3041,0,ok
3042,0,ok
3043,5844,ok
3044,14747,ok
3045,45246,ok
3046,59523,ok
3047,24084,ok
3048,17596,ok
3049,59993,ok
3050,53916,ok
3051,20649,ok
3052,19315,ok
3053,11331,ok
3054,31586,ok
3055,53815,ok
3056,12783,ok
3057,10779,ok
3058,52388,ok
3059,47578,ok
3060,20040,ok
3061,25592,ok
3062,26607,ok
3063,36101,ok
3064,10674,ok
3065,28250,ok
3066,19778,ok
3067,60204,ok
3068,21107,ok
3069,12847,ok
3070,13826,ok
3071,9883,ok
3072,16480,ok
3073,12547,ok
3074,3830,ok
3075,6538,ok
3076,47414,ok
3077,17291,ok
3078,57401,ok
3079,47076,ok
3080,7714,ok
3081,60051,ok
3082,40244,ok
3083,30314,ok
3084,56989,ok
3085,31717,ok
3086,57603,ok
3087,30399,ok
3088,18142,ok
3089,45393,ok
3090,21250,ok
3091,5166,ok
3092,32962,ok
3093,34426,ok
3094,2429,ok
3095,48910,ok
3096,57729,ok
3097,33927,ok
3098,20454,ok
3099,16243,ok
3100,0,ok
3101,0,ok
3102,0,ok
3103,0,ok
3104,0,ok
3105,0,ok
3106,0,ok
3107,0,ok
3108,0,ok
3109,0,ok
3110,0,ok
3111,0,ok
3112,0,ok
3113,0,ok
3114,0,ok
3115,0,ok
3116,0,ok
3117,0,ok
3118,0,ok
3119,0,ok
3120,0,ok
3121,0,ok
3122,0,ok
3123,0,ok
3124,0,ok
3125,0,ok
3126,0,ok
3127,0,ok
3128,0,ok
3129,0,ok
3130,0,ok
3131,0,ok
3132,0,ok
3133,0,ok
3134,0,ok
3135,0,ok
3136,0,ok
3137,0,ok
3138,0,ok
3139,0,ok
3140,0,ok
3141,0,ok
3142,0,ok
3143,5844,ok
3144,14747,ok
3145,45246,ok
3146,59523,ok
3147,24084,ok
3148,17596,ok
3149,59993,ok
3150,53916,ok
3151,20649,ok
3152,19315,ok
3153,11331,ok
3154,31586,ok
3155,53815,ok
3156,12783,ok
3157,10779,ok
3158,52388,ok
3159,47578,ok
3160,20040,ok
3161,25592,ok
3162,26607,ok
3163,36101,ok
3164,10674,ok
3165,28250,ok
3166,19778,ok
3167,60204,ok
3168,21107,ok
3169,12847,ok
3170,13826,ok
3171,9883,ok
3172,16480,ok
3173,12547,ok
3174,3830,ok
3175,6538,ok
3176,47414,ok
3177,17291,ok
3178,57401,ok
3179,47076,ok
3180,7714,ok
3181,60051,ok
3182,40244,ok
3183,30314,ok
3184,56989,ok
3185,31717,ok
3186,57603,ok
3187,30399,ok
3188,18142,ok
3189,45393,ok
3190,21250,ok
3191,5166,ok
3192,32962,ok
3193,34426,ok
3194,2429,ok
3195,48910,ok
3196,57729,ok
3197,33927,ok
3198,20454,ok
3199,16243,ok
3200,0,ok
3201,0,ok
3202,0,ok
3203,0,ok
3204,0,ok
3205,0,ok
3206,0,ok
3207,0,ok
3208,0,ok
3209,0,ok
3210,0,ok
3211,0,ok
3212,0,ok
3213,0,ok
3214,0,ok
3215,0,ok
3216,0,ok
3217,0,ok
3218,0,ok
3219,0,ok
3220,0,ok
3221,0,ok
3222,0,ok
3223,0,ok
3224,0,ok
3225,0,ok
3226,0,ok
3227,0,ok
3228,0,ok
3229,0,ok
3230,0,ok
3231,0,ok
3232,0,ok
3233,0,ok
3234,0,ok
3235,0,ok
3236,0,ok
3237,0,ok
3238,0,ok
3239,0,ok
3240,0,ok
3241,0,ok
3242,0,ok
3243,5844,ok
3244,14747,ok
3245,45246,ok
3246,59523,ok
3247,24084,ok
3248,17596,ok
3249,59993,ok
3250,53916,ok
3251,20649,ok
3252,19315,ok
3253,11331,ok
3254,31586,ok
3255,53815,ok
3256,12783,ok
3257,10779,ok
3258,52388,ok
3259,47578,ok
3260,20040,ok
3261,25592,ok
3262,26607,ok
3263,36101,ok
3264,10674,ok
3265,28250,ok
3266,19778,ok
3267,60204,ok
3268,21107,ok
3269,12847,ok
3270,13826,ok
3271,9883,ok
3272,16480,ok
3273,12547,ok
3274,3830,ok
3275,6538,ok
3276,47414,ok
3277,17291,ok
3278,57401,ok
3279,47076,ok
3280,7714,ok
3281,60051,ok
3282,40244,ok
3283,30314,ok
3284,56989,ok
3285,31717,ok
3286,57603,ok
3287,30399,ok
3288,18142,ok
3289,45393,ok
3290,21250,ok
3291,5166,ok
3292,32962,ok
3293,34426,ok
3294,2429,ok
3295,48910,ok
3296,57729,ok
3297,33927,ok
3298,20454,ok
3299,16243,ok
3300,0,ok
3301,0,ok
3302,0,ok
3303,0,ok
3304,0,ok
3305,0,ok
3306,0,ok
3307,0,ok
3308,0,ok
3309,0,ok
3310,0,ok
3311,0,ok
3312,0,ok
3313,0,ok
3314,0,ok
3315,0,ok
3316,0,ok
3317,0,ok
3318,0,ok
3319,0,ok
3320,0,ok
3321,0,ok
3322,0,ok
3323,0,ok
3324,0,ok
3325,0,ok
3326,0,ok
3327,0,ok
3328,0,ok
3329,0,ok
3330,0,ok
3331,0,ok
3332,0,ok
3333,0,ok
3334,0,ok
3335,0,ok
3336,0,ok
3337,0,ok
3338,0,ok
3339,0,ok
3340,0,ok
3341,0,ok
3342,0,ok
3343,5844,ok
3344,14747,ok
3345,45246,ok
3346,59523,ok
3347,24084,ok
3348,17596,ok
3349,59993,ok
3350,53916,ok
3351,20649,ok
3352,19315,ok
3353,11331,ok
3354,31586,ok
3355,53815,ok
3356,12783,ok
3357,10779,ok
3358,52388,ok
3359,47578,ok
3360,20040,ok
3361,25592,ok
3362,26607,ok
3363,36101,ok
3364,10674,ok
3365,28250,ok
3366,19778,ok
3367,60204,ok
3368,21107,ok
3369,12847,ok
3370,13826,ok
3371,9883,ok
3372,16480,ok
3373,12547,ok
3374,3830,ok
3375,6538,ok
3376,47414,ok
3377,17291,ok
3378,57401,ok
3379,47076,ok
3380,7714,ok
3381,60051,ok
3382,40244,ok
3383,30314,ok
3384,56989,ok
3385,31717,ok
3386,57603,ok
3387,30399,ok
3388,18142,ok
3389,45393,ok
3390,21250,ok
3391,5166,ok
3392,32962,ok
3393,34426,ok
3394,2429,ok
3395,48910,ok
3396,57729,ok
3397,33927,ok
3398,20454,ok
3399,16243,ok
3400,0,ok
3401,0,ok
3402,0,ok
3403,0,ok
3404,0,ok
3405,0,ok
3406,0,ok
3407,0,ok
3408,0,ok
3409,0,ok
3410,0,ok
3411,0,ok
3412,0,ok
3413,0,ok
3414,0,ok
3415,0,ok
3416,0,ok
3417,0,ok
3418,0,ok
3419,0,ok
3420,0,ok
3421,0,ok
3422,0,ok
3423,0,ok
3424,0,ok
3425,0,ok
3426,0,ok
3427,0,ok
3428,0,ok
3429,0,ok
3430,0,ok
3431,0,ok
3432,0,ok
3433,0,ok
3434,0,ok
3435,0,ok
3436,0,ok
3437,0,ok
3438,0,ok
3439,0,ok
3440,0,ok
3441,0,ok
3442,0,ok
3443,5844,ok
3444,14747,ok
3445,45246,ok
3446,59523,ok
3447,24084,ok
3448,17596,ok
3449,59993,ok
3450,53916,ok
3451,20649,ok
3452,19315,ok
3453,11331,ok
3454,31586,ok
3455,53815,ok
3456,12783,ok
3457,10779,ok
3458,52388,ok
3459,47578,ok
3460,20040,ok
3461,25592,ok
3462,26607,ok
3463,36101,ok
3464,10674,ok
3465,28250,ok
3466,19778,ok
3467,60204,ok
3468,21107,ok
3469,12847,ok
3470,13826,ok
3471,9883,ok
3472,16480,ok
3473,12547,ok
3474,3830,ok
3475,6538,ok
3476,47414,ok
3477,17291,ok
3478,57401,ok
3479,47076,ok
3480,7714,ok
3481,60051,ok
3482,40244,ok
3483,30314,ok
3484,56989,ok
3485,31717,ok
3486,57603,ok
3487,30399,ok
3488,18142,ok
3489,45393,ok
3490,21250,ok
3491,5166,ok
3492,32962,ok
3493,34426,ok
3494,2429,ok
3495,48910,ok
3496,57729,ok
3497,33927,ok
3498,20454,ok
3499,16243,ok
3500,0,ok
3501,0,ok
3502,0,ok
3503,22279,ok
3504,2052,ok
3505,3600,ok
3506,0,ok
3507,0,ok
3508,0,ok
3509,0,ok
3510,0,ok
3511,0,ok
3512,0,ok
3513,3600,ok
3514,0,ok
3515,0,ok
3516,0,ok
3517,0,ok
3518,0,ok
3519,0,ok
3520,0,ok
3521,3600,ok
3522,0,ok
3523,0,ok
3524,0,ok
3525,0,ok
3526,0,ok
3527,0,ok
3528,0,ok
3529,3600,ok
3530,0,ok
3531,0,ok
3532,0,ok
3533,0,ok
3534,0,ok
3535,0,ok
3536,0,ok
3537,3600,ok
3538,0,ok
3539,0,ok
3540,0,ok
3541,0,ok
3542,0,ok
3543,0,ok
3544,0,ok
3545,3600,ok
3546,0,ok
3547,0,ok
3548,0,ok
3549,0,ok
3550,0,ok
3551,0,ok
3552,0,ok
3553,3600,ok
3554,0,ok
3555,0,ok
3556,0,ok
3557,0,ok
3558,0,ok
3559,0,ok
3560,0,ok
3561,3600,ok
3562,0,ok
3563,0,ok
3564,0,ok
3565,0,ok
3566,0,ok
3567,0,ok
3568,0,ok
3569,3600,ok
3570,0,ok
3571,0,ok
3572,0,ok
3573,0,ok
3574,0,ok
3575,27985,ok
3576,20879,ok
3577,0,ok
3578,0,ok
3579,3600,ok
3580,0,ok
3581,0,ok
3582,0,ok
3583,0,ok
3584,0,ok
3585,0,ok
3586,0,ok
3587,3600,ok
3588,0,ok
3589,0,ok
3590,0,ok
3591,0,ok
3592,0,ok
3593,0,ok
3594,0,ok
3595,3600,ok
3596,0,ok
3597,0,ok
3598,0,ok
3599,0,ok
3600,100,ok
3601,0,ok
3602,22279,ok
3603,2052,ok
3604,6416,ok
3605,8193,ok
3606,8193,ok
3607,0,ok
3608,0,ok
3609,0,ok
3610,0,ok
3611,6416,ok
3612,8193,ok
3613,0,ok
3614,0,ok
3615,0,ok
3616,0,ok
3617,0,ok
3618,0,ok
3619,6416,ok
3620,8193,ok
3621,0,ok
3622,0,ok
3623,0,ok
3624,0,ok
3625,0,ok
3626,0,ok
3627,6416,ok
3628,8193,ok
3629,0,ok
3630,0,ok
3631,0,ok
3632,0,ok
3633,0,ok
3634,0,ok
3635,6416,ok
3636,8193,ok
3637,0,ok
3638,0,ok
3639,0,ok
3640,0,ok
3641,0,ok
3642,0,ok
3643,6416,ok
3644,8193,ok
3645,0,ok
3646,0,ok
3647,0,ok
3648,0,ok
3649,27999,ok
3650,24479,ok
3651,0,ok
3652,0,ok
3653,6416,ok
3654,8193,ok
3655,0,ok
3656,0,ok
3657,0,ok
3658,0,ok
3659,0,ok
3660,0,ok
3661,6416,ok
3662,8193,ok
3663,0,ok
3664,0,ok
3665,0,ok
3666,0,ok
3667,0,ok
3668,0,ok
3669,6416,ok
3670,8193,ok
3671,0,ok
3672,0,ok
3673,0,ok
3674,0,ok
3675,0,ok
3676,0,ok
3677,6416,ok
3678,8193,ok
3679,0,ok
3680,0,ok
3681,0,ok
3682,0,ok
3683,0,ok
3684,0,ok
3685,6416,ok
3686,8193,ok
3687,0,ok
3688,0,ok
3689,0,ok
3690,0,ok
3691,0,ok
3692,0,ok
3693,6416,ok
3694,8193,ok
3695,0,ok
3696,0,ok
3697,0,ok
3698,0,ok
3699,0,ok
3700,3800,ok
3701,0,ok
3702,65521,ok
3703,65535,ok
3704,65535,ok
3705,0,ok
3706,0,ok
3707,0,ok
3708,0,ok
3709,3,ok
3710,0,ok
3711,0,ok
3712,0,ok
3713,0,ok
3714,0,ok
3715,0,ok
3716,0,ok
3717,3,ok
3718,0,ok
3719,0,ok
3720,0,ok
3721,0,ok
3722,0,ok
3723,28013,ok
3724,28079,ok
3725,0,ok
3726,0,ok
3727,3,ok
3728,0,ok
3729,0,ok
3730,0,ok
3731,0,ok
3732,0,ok
3733,0,ok
3734,0,ok
3735,3,ok
3736,0,ok
3737,0,ok
3738,0,ok
3739,0,ok
3740,0,ok
3741,0,ok
3742,0,ok
3743,3,ok
3744,0,ok
3745,0,ok
3746,0,ok
3747,0,ok
3748,0,ok
3749,0,ok
3750,0,ok
3751,3,ok
3752,0,ok
3753,0,ok
3754,0,ok
3755,0,ok
3756,0,ok
3757,0,ok
3758,0,ok
3759,3,ok
3760,0,ok
3761,0,ok
3762,0,ok
3763,0,ok
3764,0,ok
3765,0,ok
3766,0,ok
3767,3,ok
3768,0,ok
3769,0,ok
3770,0,ok
3771,0,ok
3772,0,ok
3773,0,ok
3774,0,ok
3775,3,ok
3776,0,ok
3777,0,ok
3778,0,ok
3779,0,ok
3780,0,ok
3781,0,ok
3782,0,ok
3783,3,ok
3784,0,ok
3785,0,ok
3786,0,ok
3787,0,ok
3788,0,ok
3789,0,ok
3790,0,ok
3791,3,ok
3792,0,ok
3793,0,ok
3794,0,ok
3795,0,ok
3796,0,ok
3797,28027,ok
3798,31679,ok
3799,0,ok
3800,3900,ok
3801,0,ok
3802,65521,ok
3803,65535,ok
3804,65535,ok
3805,0,ok
3806,0,ok
3807,0,ok
3808,0,ok
3809,3,ok
3810,0,ok
3811,0,ok
3812,0,ok
3813,0,ok
3814,0,ok
3815,0,ok
3816,0,ok
3817,3,ok
3818,0,ok
3819,0,ok
3820,0,ok
3821,0,ok
3822,0,ok
3823,0,ok
3824,0,ok
3825,3,ok
3826,0,ok
3827,0,ok
3828,0,ok
3829,0,ok
3830,0,ok
3831,0,ok
3832,0,ok
3833,3,ok
3834,0,ok
3835,0,ok
3836,0,ok
3837,0,ok
3838,0,ok
3839,0,ok
3840,0,ok
3841,3,ok
3842,0,ok
3843,0,ok
3844,0,ok
3845,0,ok
3846,0,ok
3847,0,ok
3848,0,ok
3849,3,ok
3850,0,ok
3851,0,ok
3852,0,ok
3853,0,ok
3854,0,ok
3855,0,ok
3856,0,ok
3857,3,ok
3858,0,ok
3859,0,ok
3860,0,ok
3861,0,ok
3862,0,ok
3863,0,ok
3864,0,ok
3865,3,ok
3866,0,ok
3867,0,ok
3868,0,ok
3869,0,ok
3870,0,ok
3871,43690,ok
3872,43690,ok
3873,0,ok
3874,0,ok
3875,3,ok
3876,0,ok
3877,0,ok
3878,0,ok
3879,43690,ok
3880,43690,ok
3881,43690,ok
3882,43690,ok
3883,3,ok
3884,0,ok
3885,0,ok
3886,0,ok
3887,43690,ok
3888,43690,ok
3889,43690,ok
3890,43690,ok
3891,3,ok
3892,0,ok
3893,0,ok
3894,0,ok
3895,43690,ok
3896,43690,ok
3897,43690,ok
3898,43690,ok
3899,3,ok
3900,4000,ok
3901,0,ok
3902,0,ok
3903,43690,ok
3904,43690,ok
3905,43690,ok
3906,43690,ok
3907,3,ok
3908,0,ok
3909,0,ok
3910,0,ok
3911,43690,ok
3912,43690,ok
3913,43690,ok
3914,43690,ok
3915,3,ok
3916,0,ok
3917,0,ok
3918,0,ok
3919,43690,ok
3920,43690,ok
3921,43690,ok
3922,43690,ok
3923,3,ok
3924,0,ok
3925,0,ok
3926,0,ok
3927,43690,ok
3928,43690,ok
3929,43690,ok
3930,43690,ok
3931,3,ok
3932,0,ok
3933,0,ok
3934,0,ok
3935,43690,ok
3936,43690,ok
3937,43690,ok
3938,43690,ok
3939,3,ok
3940,0,ok
3941,0,ok
3942,0,ok
3943,43690,ok
3944,43690,ok
3945,43690,ok
3946,43690,ok
3947,43690,ok
3948,43690,ok
3949,3,ok
3950,0,ok
3951,0,ok
3952,0,ok
3953,43690,ok
3954,43690,ok
3955,43690,ok
3956,43690,ok
3957,3,ok
3958,0,ok
3959,0,ok
3960,0,ok
3961,43690,ok
3962,43690,ok
3963,43690,ok
3964,43690,ok
3965,3,ok
3966,0,ok
3967,0,ok
3968,0,ok
3969,43690,ok
3970,43690,ok
3971,43690,ok
3972,43690,ok
3973,3,ok
3974,0,ok
3975,0,ok
3976,0,ok
3977,43690,ok
3978,43690,ok
3979,43690,ok
3980,43690,ok
3981,3,ok
3982,0,ok
3983,0,ok
3984,0,ok
3985,43690,ok
3986,43690,ok
3987,43690,ok
3988,43690,ok
3989,3,ok
3990,0,ok
3991,0,ok
3992,0,ok
3993,43690,ok
3994,43690,ok
3995,43690,ok
3996,43690,ok
3997,3,ok
3998,0,ok
3999,0,ok
4000,0,ok
4001,43690,ok
4002,43690,ok
4003,43690,ok
4004,43690,ok
4005,3,ok
4006,0,ok
4007,0,ok
4008,0,ok
4009,43690,ok
4010,43690,ok
4011,43690,ok
4012,43690,ok
4013,3,ok
4014,0,ok
4015,0,ok
4016,0,ok
4017,43690,ok
4018,43690,ok
4019,43690,ok
4020,43690,ok
4021,43690,ok
4022,43690,ok
4023,3,ok
4024,0,ok
4025,0,ok
4026,0,ok
4027,43690,ok
4028,43690,ok
4029,43690,ok
4030,43690,ok
4031,3,ok
4032,0,ok
4033,0,ok
4034,0,ok
4035,43690,ok
4036,43690,ok
4037,43690,ok
4038,43690,ok
4039,3,ok
4040,0,ok
4041,0,ok
4042,0,ok
4043,43690,ok
4044,43690,ok
4045,43690,ok
4046,43690,ok
4047,3,ok
4048,0,ok
4049,0,ok
4050,0,ok
4051,43690,ok
4052,43690,ok
4053,43690,ok
4054,43690,ok
4055,3,ok
4056,0,ok
4057,0,ok
4058,0,ok
4059,43690,ok
4060,43690,ok
4061,43690,ok
4062,43690,ok
4063,3,ok
4064,0,ok
4065,0,ok
4066,0,ok
4067,43690,ok
4068,43690,ok
4069,43690,ok
4070,43690,ok
4071,3,ok
4072,0,ok
4073,0,ok
4074,0,ok
4075,43690,ok
4076,43690,ok
4077,43690,ok
4078,43690,ok
4079,3,ok
4080,0,ok
4081,0,ok
4082,0,ok
4083,43690,ok
4084,43690,ok
4085,43690,ok
4086,43690,ok
4087,3,ok
4088,0,ok
4089,0,ok
4090,0,ok
4091,43690,ok
4092,43690,ok
4093,43690,ok
4094,43690,ok
4095,43690,ok
4096,43690,ok
4097,3,ok
4098,0,ok
4099,0,ok
4100,0,ok
4101,43690,ok
4102,43690,ok
4103,43690,ok
4104,43690,ok
4105,1786,ok
4106,8192,ok
4107,0,ok
4108,0,ok
4109,43690,ok
4110,43690,ok
4111,43690,ok
4112,43690,ok
4113,1786,ok
4114,8192,ok
4115,0,ok
4116,0,ok
4117,43690,ok
4118,43690,ok
4119,43690,ok
4120,43690,ok
4121,1786,ok
4122,8192,ok
4123,0,ok
4124,0,ok
4125,43690,ok
4126,43690,ok
4127,43690,ok
4128,43690,ok
4129,1786,ok
4130,8192,ok
4131,0,ok
4132,0,ok
4133,43690,ok
4134,43690,ok
4135,43690,ok
4136,43690,ok
4137,1786,ok
4138,8192,ok
4139,0,ok
4140,0,ok
4141,43690,ok
4142,43690,ok
4143,43690,ok
4144,43690,ok
4145,1786,ok
4146,8192,ok
4147,0,ok
4148,0,ok
4149,43690,ok
4150,43690,ok
4151,43690,ok
4152,43690,ok
4153,1786,ok
4154,8192,ok
4155,0,ok
4156,0,ok
4157,43690,ok
4158,43690,ok
4159,43690,ok
4160,43690,ok
4161,1786,ok
4162,8192,ok
4163,0,ok
4164,0,ok
4165,43690,ok
4166,43690,ok
4167,43690,ok
4168,43690,ok
4169,43690,ok
4170,43690,ok
4171,1786,ok
4172,8192,ok
4173,0,ok
4174,0,ok
4175,43690,ok
4176,43690,ok
4177,43690,ok
4178,43690,ok
4179,1786,ok
4180,8192,ok
4181,0,ok
4182,0,ok
4183,43690,ok
4184,43690,ok
4185,43690,ok
4186,43690,ok
4187,1786,ok
4188,8192,ok
4189,0,ok
4190,0,ok
4191,43690,ok
4192,43690,ok
4193,43690,ok
4194,43690,ok
4195,1786,ok
4196,8192,ok
4197,0,ok
4198,0,ok
4199,43690,ok
4200,4300,ok
4201,0,ok
4202,65521,ok
4203,65535,ok
4204,0,ok
4205,0,ok
4206,0,ok
4207,43690,ok
4208,43690,ok
4209,43690,ok
4210,43690,ok
4211,0,ok
4212,0,ok
4213,0,ok
4214,0,ok
4215,43690,ok
4216,43690,ok
4217,43690,ok
4218,43690,ok
4219,0,ok
4220,0,ok
4221,0,ok
4222,0,ok
4223,43690,ok
4224,43690,ok
4225,43690,ok
4226,43690,ok
4227,0,ok
4228,0,ok
4229,0,ok
4230,0,ok
4231,43690,ok
4232,43690,ok
4233,43690,ok
4234,43690,ok
4235,0,ok
4236,0,ok
4237,0,ok
4238,0,ok
4239,43690,ok
4240,43690,ok
4241,43690,ok
4242,43690,ok
4243,43690,ok
4244,43690,ok
4245,0,ok
4246,0,ok
4247,0,ok
4248,0,ok
4249,43690,ok
4250,43690,ok
4251,43690,ok
4252,43690,ok
4253,0,ok
4254,0,ok
4255,0,ok
4256,0,ok
4257,43690,ok
4258,43690,ok
4259,43690,ok
4260,43690,ok
4261,0,ok
4262,0,ok
4263,0,ok
4264,0,ok
4265,43690,ok
4266,43690,ok
4267,43690,ok
4268,43690,ok
4269,0,ok
4270,0,ok
4271,0,ok
4272,0,ok
4273,43690,ok
4274,43690,ok
4275,43690,ok
4276,43690,ok
4277,0,ok
4278,0,ok
4279,0,ok
4280,0,ok
4281,43690,ok
4282,43690,ok
4283,43690,ok
4284,43690,ok
4285,0,ok
4286,0,ok
4287,0,ok
4288,0,ok
4289,43690,ok
4290,43690,ok
4291,43690,ok
4292,43690,ok
4293,0,ok
4294,0,ok
4295,0,ok
4296,0,ok
4297,43690,ok
4298,43690,ok
4299,43690,ok
4300,100,ok
4301,0,ok
4302,22279,ok
4303,2052,ok
4304,2052,ok
4305,43690,ok
4306,43690,ok
4307,43690,ok
4308,43690,ok
4309,6416,ok
4310,8193,ok
4311,0,ok
4312,0,ok
4313,43690,ok
4314,43690,ok
4315,43690,ok
4316,43690,ok
4317,43690,ok
4318,43690,ok
4319,6416,ok
4320,8193,ok
4321,0,ok
4322,0,ok
4323,43690,ok
4324,43690,ok
4325,43690,ok
4326,43690,ok
4327,6416,ok
4328,8193,ok
4329,0,ok
4330,0,ok
4331,43690,ok
4332,43690,ok
4333,43690,ok
4334,43690,ok
4335,6416,ok
4336,8193,ok
4337,0,ok
4338,0,ok
4339,43690,ok
4340,43690,ok
4341,43690,ok
4342,43690,ok
4343,6416,ok
4344,8193,ok
4345,0,ok
4346,0,ok
4347,43690,ok
4348,43690,ok
4349,43690,ok
4350,43690,ok
4351,6416,ok
4352,8193,ok
4353,0,ok
4354,0,ok
4355,43690,ok
4356,43690,ok
4357,43690,ok
4358,43690,ok
4359,6416,ok
4360,8193,ok
4361,0,ok
4362,0,ok
4363,43690,ok
4364,43690,ok
4365,43690,ok
4366,43690,ok
4367,6416,ok
4368,8193,ok
4369,0,ok
4370,0,ok
4371,43690,ok
4372,43690,ok
4373,43690,ok
4374,43690,ok
4375,6416,ok
4376,8193,ok
4377,0,ok
4378,0,ok
4379,43690,ok
4380,43690,ok
4381,43690,ok
4382,43690,ok
4383,6416,ok
4384,8193,ok
4385,0,ok
4386,0,ok
4387,43690,ok
4388,43690,ok
4389,43690,ok
4390,43690,ok
4391,43690,ok
4392,43690,ok
4393,6416,ok
4394,8193,ok
4395,0,ok
4396,0,ok
4397,43690,ok
4398,43690,ok
4399,43690,ok
4400,100,ok
4401,0,ok
4402,22279,ok
4403,2052,ok
4404,2052,ok
4405,43690,ok
4406,43690,ok
4407,43690,ok
4408,43690,ok
4409,1885,ok
4410,8192,ok
4411,0,ok
4412,0,ok
4413,43690,ok
4414,43690,ok
4415,43690,ok
4416,43690,ok
4417,1885,ok
4418,8192,ok
4419,0,ok
4420,0,ok
4421,43690,ok
4422,43690,ok
4423,43690,ok
4424,43690,ok
4425,1885,ok
4426,8192,ok
4427,0,ok
4428,0,ok
4429,43690,ok
4430,43690,ok
4431,43690,ok
4432,43690,ok
4433,1885,ok
4434,8192,ok
4435,0,ok
4436,0,ok
4437,43690,ok
4438,43690,ok
4439,43690,ok
4440,43690,ok
4441,1885,ok
4442,8192,ok
4443,0,ok
4444,0,ok
4445,43690,ok
4446,43690,ok
4447,43690,ok
4448,43690,ok
4449,1885,ok
4450,8192,ok
4451,0,ok
4452,0,ok
4453,43690,ok
4454,43690,ok
4455,43690,ok
4456,43690,ok
4457,1885,ok
4458,8192,ok
4459,0,ok
4460,0,ok
4461,43690,ok
4462,43690,ok
4463,28162,ok
4464,523,ok
4465,43690,ok
4466,43690,ok
4467,1885,ok
4468,8192,ok
4469,0,ok
4470,0,ok
4471,0,ok
4472,0,ok
4473,0,ok
4474,0,ok
4475,1885,ok
4476,8192,ok
4477,0,ok
4478,0,ok
4479,0,ok
4480,0,ok
4481,0,ok
4482,0,ok
4483,1885,ok
4484,8192,ok
4485,0,ok
4486,0,ok
4487,0,ok
4488,0,ok
4489,0,ok
4490,0,ok
4491,1885,ok
4492,8192,ok
4493,0,ok
4494,0,ok
4495,0,ok
4496,0,ok
4497,0,ok
4498,0,ok
4499,1885,ok
4500,4600,ok
4501,0,ok
4502,0,ok
4503,0,ok
4504,0,ok
4505,0,ok
4506,0,ok
4507,3,ok
4508,0,ok
4509,0,ok
4510,0,ok
4511,0,ok
4512,0,ok
4513,0,ok
4514,0,ok
4515,3,ok
4516,0,ok
4517,0,ok
4518,0,ok
4519,0,ok
4520,0,ok
4521,0,ok
4522,0,ok
4523,3,ok
4524,0,ok
4525,0,ok
4526,0,ok
4527,0,ok
4528,0,ok
4529,0,ok
4530,0,ok
4531,3,ok
4532,0,ok
4533,0,ok
4534,0,ok
4535,0,ok
4536,0,ok
4537,28176,ok
4538,4161,ok
4539,0,ok
4540,0,ok
4541,3,ok
4542,0,ok
4543,0,ok
4544,0,ok
4545,32711,ok
4546,50954,ok
4547,2764,ok
4548,52293,ok
4549,3,ok
4550,0,ok
4551,0,ok
4552,0,ok
4553,41461,ok
4554,62732,ok
4555,3115,ok
4556,11198,ok
4557,3,ok
4558,0,ok
4559,0,ok
4560,0,ok
4561,23847,ok
4562,10072,ok
4563,22572,ok
4564,11372,ok
4565,3,ok
4566,0,ok
4567,0,ok
4568,0,ok
4569,8057,ok
4570,31030,ok
4571,13933,ok
4572,27984,ok
4573,3,ok
4574,0,ok
4575,0,ok
4576,0,ok
4577,61246,ok
4578,15877,ok
4579,1435,ok
4580,39805,ok
4581,3,ok
4582,0,ok
4583,0,ok
4584,0,ok
4585,61540,ok
4586,25723,ok
4587,31530,ok
4588,11005,ok
4589,3,ok
4590,0,ok
4591,0,ok
4592,0,ok
4593,12331,ok
4594,11133,ok
4595,32002,ok
4596,722,ok
4597,3,ok
4598,0,ok
4599,0,ok
4600,0,ok
4601,57876,ok
4602,5169,ok
4603,12703,ok
4604,40716,ok
4605,1946,ok
4606,8192,ok
4607,0,ok
4608,0,ok
4609,40818,ok
4610,40818,ok
4611,43690,ok
4612,43690,ok
4613,10460,ok
4614,56409,ok
4615,1946,ok
4616,8192,ok
4617,0,ok
4618,0,ok
4619,43690,ok
4620,43690,ok
4621,43690,ok
4622,43690,ok
4623,1946,ok
4624,8192,ok
4625,0,ok
4626,0,ok
4627,43690,ok
4628,43690,ok
4629,43690,ok
4630,43690,ok
4631,1946,ok
4632,8192,ok
4633,0,ok
4634,0,ok
4635,43690,ok
4636,43690,ok
4637,43690,ok
4638,43690,ok
4639,1946,ok
4640,8192,ok
4641,0,ok
4642,0,ok
4643,43690,ok
4644,43690,ok
4645,43690,ok
4646,43690,ok
4647,1946,ok
4648,8192,ok
4649,0,ok
4650,0,ok
4651,43690,ok
4652,43690,ok
4653,43690,ok
4654,43690,ok
4655,1946,ok
4656,8192,ok
4657,0,ok
4658,0,ok
4659,43690,ok
4660,43690,ok
4661,43690,ok
4662,43690,ok
4663,1946,ok
4664,8192,ok
4665,0,ok
4666,0,ok
4667,43690,ok
4668,43690,ok
4669,43690,ok
4670,43690,ok
4671,1946,ok
4672,8192,ok
4673,0,ok
4674,0,ok
4675,43690,ok
4676,43690,ok
4677,43690,ok
4678,43690,ok
4679,1946,ok
4680,8192,ok
4681,0,ok
4682,0,ok
4683,43690,ok
4684,43690,ok
4685,43690,ok
4686,43690,ok
4687,43690,ok
4688,43690,ok
4689,1946,ok
4690,8192,ok
4691,0,ok
4692,0,ok
4693,43690,ok
4694,43690,ok
4695,43690,ok
4696,43690,ok
4697,1946,ok
4698,8192,ok
4699,0,ok
4700,0,ok
4701,43690,ok
4702,43690,ok
4703,43690,ok
4704,43690,ok
4705,3,ok
4706,0,ok
4707,0,ok
4708,0,ok
4709,43690,ok
4710,43690,ok
4711,43690,ok
4712,43690,ok
4713,3,ok
4714,0,ok
4715,0,ok
4716,0,ok
4717,43690,ok
4718,43690,ok
4719,43690,ok
4720,43690,ok
4721,3,ok
4722,0,ok
4723,0,ok
4724,0,ok
4725,43690,ok
4726,43690,ok
4727,43690,ok
4728,43690,ok
4729,3,ok
4730,0,ok
4731,0,ok
4732,0,ok
4733,43690,ok
4734,43690,ok
4735,43690,ok
4736,43690,ok
4737,3,ok
4738,0,ok
4739,0,ok
4740,0,ok
4741,43690,ok
4742,43690,ok
4743,43690,ok
4744,43690,ok
4745,3,ok
4746,0,ok
4747,0,ok
4748,0,ok
4749,43690,ok
4750,43690,ok
4751,43690,ok
4752,43690,ok
4753,3,ok
4754,0,ok
4755,0,ok
4756,0,ok
4757,43690,ok
4758,43690,ok
4759,43690,ok
4760,43690,ok
4761,43690,ok
4762,43690,ok
4763,3,ok
4764,0,ok
4765,0,ok
4766,0,ok
4767,43690,ok
4768,43690,ok
4769,43690,ok
4770,43690,ok
4771,3,ok
4772,0,ok
4773,0,ok
4774,0,ok
4775,43690,ok
4776,43690,ok
4777,43690,ok
4778,43690,ok
4779,3,ok
4780,0,ok
4781,0,ok
4782,0,ok
4783,43690,ok
4784,43690,ok
4785,43690,ok
4786,43690,ok
4787,3,ok
4788,0,ok
4789,0,ok
4790,0,ok
4791,43690,ok
4792,43690,ok
4793,43690,ok
4794,43690,ok
4795,3,ok
4796,0,ok
4797,0,ok
4798,0,ok
4799,43690,ok
4800,100,ok
4801,0,ok
4802,22279,ok
4803,2052,ok
4804,6416,ok
4805,8193,ok
4806,8193,ok
4807,43690,ok
4808,43690,ok
4809,43690,ok
4810,43690,ok
4811,6416,ok
4812,8193,ok
4813,0,ok
4814,0,ok
4815,43690,ok
4816,43690,ok
4817,43690,ok
4818,43690,ok
4819,6416,ok
4820,8193,ok
4821,0,ok
4822,0,ok
4823,43690,ok
4824,43690,ok
4825,43690,ok
4826,43690,ok
4827,6416,ok
4828,8193,ok
4829,0,ok
4830,0,ok
4831,43690,ok
4832,43690,ok
4833,43690,ok
4834,43690,ok
4835,43690,ok
4836,43690,ok
4837,6416,ok
4838,8193,ok
4839,0,ok
4840,0,ok
4841,43690,ok
4842,43690,ok
4843,43690,ok
4844,43690,ok
4845,6416,ok
4846,8193,ok
4847,0,ok
4848,0,ok
4849,43690,ok
4850,43690,ok
4851,43690,ok
4852,43690,ok
4853,6416,ok
4854,8193,ok
4855,0,ok
4856,0,ok
4857,43690,ok
4858,43690,ok
4859,43690,ok
4860,43690,ok
4861,6416,ok
4862,8193,ok
4863,0,ok
4864,0,ok
4865,43690,ok
4866,43690,ok
4867,43690,ok
4868,43690,ok
4869,6416,ok
4870,8193,ok
4871,0,ok
4872,0,ok
4873,43690,ok
4874,43690,ok
4875,43690,ok
4876,43690,ok
4877,6416,ok
4878,8193,ok
4879,0,ok
4880,0,ok
4881,43690,ok
4882,43690,ok
4883,43690,ok
4884,43690,ok
4885,6416,ok
4886,8193,ok
4887,0,ok
4888,0,ok
4889,43690,ok
4890,43690,ok
4891,43690,ok
4892,43690,ok
4893,6416,ok
4894,8193,ok
4895,0,ok
4896,0,ok
4897,43690,ok
4898,43690,ok
4899,43690,ok
4900,100,ok
4901,0,ok
4902,22279,ok
4903,2052,ok
4904,2052,ok
4905,43690,ok
4906,43690,ok
4907,43690,ok
4908,43690,ok
4909,43690,ok
4910,43690,ok
4911,5000,ok
4912,0,ok
4913,0,ok
4914,0,ok
4915,43690,ok
4916,43690,ok
4917,43690,ok
4918,43690,ok
4919,5000,ok
4920,0,ok
4921,0,ok
4922,0,ok
4923,43690,ok
4924,43690,ok
4925,43690,ok
4926,43690,ok
4927,5000,ok
4928,0,ok
4929,0,ok
4930,0,ok
4931,43690,ok
4932,43690,ok
4933,43690,ok
4934,43690,ok
4935,5000,ok
4936,0,ok
4937,0,ok
4938,0,ok
4939,43690,ok
4940,43690,ok
4941,43690,ok
4942,43690,ok
4943,5000,ok
4944,0,ok
4945,0,ok
4946,0,ok
4947,43690,ok
4948,43690,ok
4949,43690,ok
4950,43690,ok
4951,5000,ok
4952,0,ok
4953,0,ok
4954,0,ok
4955,43690,ok
4956,43690,ok
4957,43690,ok
4958,43690,ok
4959,5000,ok
4960,0,ok
4961,0,ok
4962,0,ok
4963,43690,ok
4964,43690,ok
4965,43690,ok
4966,43690,ok
4967,5000,ok
4968,0,ok
4969,0,ok
4970,0,ok
4971,43690,ok
4972,43690,ok
4973,43690,ok
4974,43690,ok
4975,5000,ok
4976,0,ok
4977,0,ok
4978,0,ok
4979,43690,ok
4980,43690,ok
4981,43690,ok
4982,43690,ok
4983,43690,ok
4984,43690,ok
4985,5000,ok
4986,0,ok
4987,0,ok
4988,0,ok
4989,43690,ok
4990,43690,ok
4991,43690,ok
4992,43690,ok
4993,5000,ok
4994,0,ok
4995,0,ok
4996,0,ok
4997,43690,ok
4998,43690,ok
4999,43690,ok
5000,100,ok
5001,0,ok
5002,22279,ok
5003,2052,ok
5004,2052,ok
5005,43690,ok
5006,43690,ok
5007,43690,ok
5008,43690,ok
5009,6416,ok
5010,8193,ok
5011,0,ok
5012,0,ok
5013,43690,ok
5014,43690,ok
5015,43690,ok
5016,43690,ok
5017,6416,ok
5018,8193,ok
5019,0,ok
5020,0,ok
5021,43690,ok
5022,43690,ok
5023,43690,ok
5024,43690,ok
5025,6416,ok
5026,8193,ok
5027,0,ok
5028,0,ok
5029,43690,ok
5030,43690,ok
5031,43690,ok
5032,43690,ok
5033,6416,ok
5034,8193,ok
5035,0,ok
5036,0,ok
5037,43690,ok
5038,43690,ok
5039,43690,ok
5040,43690,ok
5041,6416,ok
5042,8193,ok
5043,0,ok
5044,0,ok
5045,43690,ok
5046,43690,ok
5047,43690,ok
5048,43690,ok
5049,6416,ok
5050,8193,ok
5051,0,ok
5052,0,ok
5053,43690,ok
5054,43690,ok
5055,43690,ok
5056,43690,ok
5057,43690,ok
5058,43690,ok
5059,6416,ok
5060,8193,ok
5061,0,ok
5062,0,ok
5063,43690,ok
5064,43690,ok
5065,43690,ok
5066,43690,ok
5067,6416,ok
5068,8193,ok
5069,0,ok
5070,0,ok
5071,43690,ok
5072,43690,ok
5073,43690,ok
5074,43690,ok
5075,6416,ok
5076,8193,ok
5077,0,ok
5078,0,ok
5079,43690,ok
5080,43690,ok
5081,43690,ok
5082,43690,ok
5083,6416,ok
5084,8193,ok
5085,0,ok
5086,0,ok
5087,43690,ok
5088,43690,ok
5089,43690,ok
5090,43690,ok
5091,6416,ok
5092,8193,ok
5093,0,ok
5094,0,ok
5095,43690,ok
5096,43690,ok
5097,43690,ok
5098,43690,ok
5099,6416,ok
5100,5200,ok
5101,0,ok
5102,0,ok
5103,43690,ok
5104,43690,ok
5105,43690,ok
5106,43690,ok
5107,3,ok
5108,0,ok
5109,0,ok
5110,0,ok
5111,43690,ok
5112,43690,ok
5113,43690,ok
5114,43690,ok
5115,3,ok
5116,0,ok
5117,0,ok
5118,0,ok
5119,43690,ok
5120,43690,ok
5121,43690,ok
5122,43690,ok
5123,3,ok
5124,0,ok
5125,0,ok
5126,0,ok
5127,43690,ok
5128,43690,ok
5129,43690,ok
5130,43690,ok
5131,43690,ok
5132,43690,ok
5133,3,ok
5134,0,ok
5135,0,ok
5136,0,ok
5137,43690,ok
5138,43690,ok
5139,43690,ok
5140,43690,ok
5141,3,ok
5142,0,ok
5143,0,ok
5144,0,ok
5145,43690,ok
5146,43690,ok
5147,43690,ok
5148,43690,ok
5149,3,ok
5150,0,ok
5151,0,ok
5152,0,ok
5153,43690,ok
5154,43690,ok
5155,43690,ok
5156,43690,ok
5157,3,ok
5158,0,ok
5159,0,ok
5160,0,ok
5161,43690,ok
5162,43690,ok
5163,43690,ok
5164,43690,ok
5165,3,ok
5166,0,ok
5167,0,ok
5168,0,ok
5169,43690,ok
5170,43690,ok
5171,43690,ok
5172,43690,ok
5173,3,ok
5174,0,ok
5175,0,ok
5176,0,ok
5177,43690,ok
5178,43690,ok
5179,43690,ok
5180,43690,ok
5181,3,ok
5182,0,ok
5183,0,ok
5184,0,ok
5185,43690,ok
5186,43690,ok
5187,43690,ok
5188,43690,ok
5189,3,ok
5190,0,ok
5191,0,ok
5192,0,ok
5193,43690,ok
5194,43690,ok
5195,43690,ok
5196,43690,ok
5197,3,ok
5198,0,ok
5199,0,ok
5200,0,ok
5201,43690,ok
5202,43690,ok
5203,43690,ok
5204,43690,ok
5205,43690,ok
5206,43690,ok
5207,1719,ok
5208,8192,ok
5209,0,ok
5210,0,ok
5211,43690,ok
5212,43690,ok
5213,43690,ok
5214,43690,ok
5215,1719,ok
5216,8192,ok
5217,0,ok
5218,0,ok
5219,43690,ok
5220,43690,ok
5221,43690,ok
5222,43690,ok
5223,1719,ok
5224,8192,ok
5225,0,ok
5226,0,ok
5227,43690,ok
5228,43690,ok
5229,43690,ok
5230,43690,ok
5231,1719,ok
5232,8192,ok
5233,0,ok
5234,0,ok
5235,43690,ok
5236,43690,ok
5237,43690,ok
5238,43690,ok
5239,1719,ok
5240,8192,ok
5241,0,ok
5242,0,ok
5243,43690,ok
5244,43690,ok
5245,43690,ok
5246,43690,ok
5247,1719,ok
5248,8192,ok
5249,0,ok
5250,0,ok
5251,43690,ok
5252,43690,ok
5253,43690,ok
5254,43690,ok
5255,1719,ok
5256,8192,ok
5257,0,ok
5258,0,ok
5259,43690,ok
5260,43690,ok
5261,43690,ok
5262,43690,ok
5263,1719,ok
5264,8192,ok
5265,0,ok
5266,0,ok
5267,43690,ok
5268,43690,ok
5269,43690,ok
5270,43690,ok
5271,1719,ok
5272,8192,ok
5273,0,ok
5274,0,ok
5275,43690,ok
5276,43690,ok
5277,43690,ok
5278,43690,ok
5279,1719,ok
5280,8192,ok
5281,0,ok
5282,0,ok
5283,0,ok
5284,0,ok
5285,0,ok
5286,0,ok
5287,1719,ok
5288,8192,ok
5289,0,ok
5290,0,ok
5291,0,ok
5292,0,ok
5293,0,ok
5294,0,ok
5295,1719,ok
5296,8192,ok
5297,0,ok
5298,0,ok
5299,0,ok
5300,5400,ok
5301,0,ok
5302,65521,ok
5303,65535,ok
5304,3,ok
5305,0,ok
5306,0,ok
5307,0,ok
5308,0,ok
5309,0,ok
5310,0,ok
5311,3,ok
5312,0,ok
5313,0,ok
5314,0,ok
5315,0,ok
5316,0,ok
5317,0,ok
5318,0,ok
5319,3,ok
5320,0,ok
5321,0,ok
5322,0,ok
5323,0,ok
5324,0,ok
5325,0,ok
5326,0,ok
5327,3,ok
5328,0,ok
5329,0,ok
5330,0,ok
5331,0,ok
5332,0,ok
5333,0,ok
5334,0,ok
5335,3,ok
5336,0,ok
5337,0,ok
5338,0,ok
5339,0,ok
5340,0,ok
5341,0,ok
5342,0,ok
5343,3,ok
5344,0,ok
5345,0,ok
5346,0,ok
5347,0,ok
5348,0,ok
5349,0,ok
5350,0,ok
5351,3,ok
5352,0,ok
5353,0,ok
5354,0,ok
5355,0,ok
5356,0,ok
5357,0,ok
5358,0,ok
5359,3,ok
5360,0,ok
5361,0,ok
5362,0,ok
5363,0,ok
5364,0,ok
5365,0,ok
5366,0,ok
5367,3,ok
5368,0,ok
5369,0,ok
5370,0,ok
5371,0,ok
5372,0,ok
5373,0,ok
5374,0,ok
5375,3,ok
5376,0,ok
5377,0,ok
5378,0,ok
5379,0,ok
5380,0,ok
5381,0,ok
5382,0,ok
5383,3,ok
5384,0,ok
5385,0,ok
5386,0,ok
5387,0,ok
5388,0,ok
5389,0,ok
5390,0,ok
5391,3,ok
5392,0,ok
5393,0,ok
5394,0,ok
5395,0,ok
5396,0,ok
5397,0,ok
5398,0,ok
5399,3,ok
5400,5500,ok
5401,0,ok
5402,0,ok
5403,0,ok
5404,0,ok
5405,0,ok
5406,0,ok
5407,3,ok
5408,0,ok
5409,0,ok
5410,0,ok
5411,0,ok
5412,0,ok
5413,0,ok
5414,0,ok
5415,3,ok
5416,0,ok
5417,0,ok
5418,0,ok
5419,0,ok
5420,0,ok
5421,0,ok
5422,0,ok
5423,3,ok
5424,0,ok
5425,0,ok
5426,0,ok
5427,0,ok
5428,0,ok
5429,0,ok
5430,0,ok
5431,3,ok
5432,0,ok
5433,0,ok
5434,0,ok
5435,0,ok
5436,0,ok
5437,0,ok
5438,0,ok
5439,3,ok
5440,0,ok
5441,0,ok
5442,0,ok
5443,0,ok
5444,0,ok
5445,0,ok
5446,0,ok
5447,3,ok
5448,0,ok
5449,0,ok
5450,0,ok
5451,0,ok
5452,0,ok
5453,0,ok
5454,0,ok
5455,3,ok
5456,0,ok
5457,0,ok
5458,0,ok
5459,0,ok
5460,0,ok
5461,0,ok
5462,0,ok
5463,3,ok
5464,0,ok
5465,0,ok
5466,0,ok
5467,0,ok
5468,0,ok
5469,0,ok
5470,0,ok
5471,3,ok
5472,0,ok
5473,0,ok
5474,0,ok
5475,0,ok
5476,0,ok
5477,0,ok
5478,0,ok
5479,3,ok
5480,0,ok
5481,0,ok
5482,0,ok
5483,0,ok
5484,0,ok
5485,0,ok
5486,0,ok
5487,3,ok
5488,0,ok
5489,0,ok
5490,0,ok
5491,0,ok
5492,0,ok
5493,0,ok
5494,0,ok
5495,3,ok
5496,0,ok
5497,0,ok
5498,0,ok
5499,0,ok
5500,100,ok
5501,0,ok
5502,22279,ok
5503,2052,ok
5504,5600,ok
5505,0,ok
5506,0,ok
5507,0,ok
5508,0,ok
5509,0,ok
5510,0,ok
5511,5600,ok
5512,0,ok
5513,0,ok
5514,0,ok
5515,0,ok
5516,0,ok
5517,0,ok
5518,0,ok
5519,5600,ok
5520,0,ok
5521,0,ok
5522,0,ok
5523,0,ok
5524,0,ok
5525,0,ok
5526,0,ok
5527,5600,ok
5528,0,ok
5529,0,ok
5530,0,ok
5531,0,ok
5532,0,ok
5533,0,ok
5534,0,ok
5535,5600,ok
5536,0,ok
5537,0,ok
5538,0,ok
5539,0,ok
5540,0,ok
5541,0,ok
5542,0,ok
5543,5600,ok
5544,0,ok
5545,0,ok
5546,0,ok
5547,0,ok
5548,0,ok
5549,0,ok
5550,0,ok
5551,5600,ok
5552,0,ok
5553,0,ok
5554,0,ok
5555,0,ok
5556,0,ok
5557,0,ok
5558,0,ok
5559,5600,ok
5560,0,ok
5561,0,ok
5562,0,ok
5563,0,ok
5564,0,ok
5565,0,ok
5566,0,ok
5567,5600,ok
5568,0,ok
5569,0,ok
5570,0,ok
5571,1945,ok
5572,1945,ok
5573,0,ok
5574,0,ok
5575,0,ok
5576,0,ok
5577,5600,ok
5578,0,ok
5579,0,ok
5580,0,ok
5581,0,ok
5582,0,ok
5583,0,ok
5584,0,ok
5585,5600,ok
5586,0,ok
5587,0,ok
5588,0,ok
5589,0,ok
5590,0,ok
5591,0,ok
5592,0,ok
5593,5600,ok
5594,0,ok
5595,0,ok
5596,0,ok
5597,0,ok
5598,0,ok
5599,0,ok
5600,5700,ok
5601,0,ok
5602,65521,ok
5603,65535,ok
5604,65535,ok
5605,0,ok
5606,0,ok
5607,0,ok
5608,0,ok
5609,3,ok
5610,0,ok
5611,0,ok
5612,0,ok
5613,0,ok
5614,0,ok
5615,0,ok
5616,0,ok
5617,3,ok
5618,0,ok
5619,0,ok
5620,0,ok
5621,0,ok
5622,0,ok
5623,0,ok
5624,0,ok
5625,3,ok
5626,0,ok
5627,0,ok
5628,0,ok
5629,0,ok
5630,0,ok
5631,0,ok
5632,0,ok
5633,3,ok
5634,0,ok
5635,0,ok
5636,0,ok
5637,36608,ok
5638,0,ok
5639,0,ok
5640,0,ok
5641,3,ok
5642,0,ok
5643,0,ok
5644,0,ok
5645,0,ok
5646,0,ok
5647,0,ok
5648,0,ok
5649,3,ok
5650,0,ok
5651,0,ok
5652,0,ok
5653,0,ok
5654,0,ok
5655,0,ok
5656,0,ok
5657,3,ok
5658,0,ok
5659,0,ok
5660,0,ok
5661,0,ok
5662,0,ok
5663,0,ok
5664,0,ok
5665,3,ok
5666,0,ok
5667,0,ok
5668,0,ok
5669,0,ok
5670,0,ok
5671,0,ok
5672,0,ok
5673,3,ok
5674,0,ok
5675,0,ok
5676,0,ok
5677,0,ok
5678,0,ok
5679,0,ok
5680,0,ok
5681,3,ok
5682,0,ok
5683,0,ok
5684,0,ok
5685,0,ok
5686,0,ok
5687,0,ok
5688,0,ok
5689,3,ok
5690,0,ok
5691,0,ok
5692,0,ok
5693,0,ok
5694,0,ok
5695,0,ok
5696,0,ok
5697,3,ok
5698,0,ok
5699,0,ok
5700,0,ok
5701,0,ok
5702,0,ok
5703,0,ok
5704,0,ok
5705,1946,ok
5706,8192,ok
5707,0,ok
5708,0,ok
5709,0,ok
5710,0,ok
5711,0,ok
5712,0,ok
5713,1946,ok
5714,8192,ok
5715,0,ok
5716,0,ok
5717,0,ok
5718,0,ok
5719,0,ok
5720,0,ok
5721,1946,ok
5722,8192,ok
5723,0,ok
5724,0,ok
5725,0,ok
5726,0,ok
5727,0,ok
5728,0,ok
5729,1946,ok
5730,8192,ok
5731,0,ok
5732,0,ok
5733,0,ok
5734,0,ok
5735,0,ok
5736,0,ok
5737,1946,ok
5738,8192,ok
5739,0,ok
5740,0,ok
5741,0,ok
5742,0,ok
5743,0,ok
5744,0,ok
5745,1946,ok
5746,8192,ok
5747,0,ok
5748,0,ok
5749,0,ok
5750,0,ok
5751,0,ok
5752,0,ok
5753,1946,ok
5754,8192,ok
5755,0,ok
5756,0,ok
5757,0,ok
5758,0,ok
5759,0,ok
5760,0,ok
5761,1946,ok
5762,8192,ok
5763,0,ok
5764,0,ok
5765,0,ok
5766,0,ok
5767,0,ok
5768,0,ok
5769,1946,ok
5770,8192,ok
5771,0,ok
5772,0,ok
5773,0,ok
5774,0,ok
5775,0,ok
5776,0,ok
5777,1946,ok
5778,8192,ok
5779,0,ok
5780,0,ok
5781,0,ok
5782,0,ok
5783,0,ok
5784,0,ok
5785,1946,ok
5786,8192,ok
5787,0,ok
5788,0,ok
5789,0,ok
5790,0,ok
5791,0,ok
5792,0,ok
5793,1946,ok
5794,8192,ok
5795,0,ok
5796,0,ok
5797,0,ok
5798,0,ok
5799,0,ok
5800,100,ok
5801,0,ok
5802,22279,ok
5803,2052,ok
5804,2052,ok
5805,0,ok
5806,0,ok
5807,0,ok
5808,0,ok
5809,1917,ok
5810,8192,ok
5811,0,ok
5812,0,ok
5813,0,ok
5814,0,ok
5815,0,ok
5816,0,ok
5817,1917,ok
5818,8192,ok
5819,0,ok
5820,0,ok
5821,0,ok
5822,0,ok
5823,0,ok
5824,0,ok
5825,1917,ok
5826,8192,ok
5827,0,ok
5828,0,ok
5829,0,ok
5830,0,ok
5831,0,ok
5832,0,ok
5833,1917,ok
5834,8192,ok
5835,0,ok
5836,0,ok
5837,0,ok
5838,0,ok
5839,0,ok
5840,0,ok
5841,1917,ok
5842,8192,ok
5843,0,ok
5844,0,ok
5845,0,ok
5846,0,ok
5847,0,ok
5848,0,ok
5849,1917,ok
5850,8192,ok
5851,0,ok
5852,0,ok
5853,0,ok
5854,0,ok
5855,0,ok
5856,0,ok
5857,1917,ok
5858,8192,ok
5859,0,ok
5860,0,ok
5861,1945,ok
5862,1945,ok
5863,0,ok
5864,0,ok
5865,0,ok
5866,0,ok
5867,1917,ok
5868,8192,ok
5869,0,ok
5870,0,ok
5871,0,ok
5872,0,ok
5873,0,ok
5874,0,ok
5875,1917,ok
5876,8192,ok
5877,0,ok
5878,0,ok
5879,0,ok
5880,0,ok
5881,0,ok
5882,0,ok
5883,1917,ok
5884,8192,ok
5885,0,ok
5886,0,ok
5887,0,ok
5888,0,ok
5889,0,ok
5890,0,ok
5891,1917,ok
5892,8192,ok
5893,0,ok
5894,0,ok
5895,0,ok
5896,0,ok
5897,0,ok
5898,0,ok
5899,1917,ok
5900,100,ok
5901,0,ok
5902,0,ok
5903,0,ok
5904,0,ok
5905,0,ok
5906,0,ok
5907,1946,ok
5908,8192,ok
5909,0,ok
5910,0,ok
5911,0,ok
5912,0,ok
5913,0,ok
5914,0,ok
5915,1946,ok
5916,8192,ok
5917,0,ok
5918,0,ok
5919,0,ok
5920,0,ok
5921,0,ok
5922,0,ok
5923,1946,ok
5924,8192,ok
5925,0,ok
5926,0,ok
5927,40704,ok
5928,0,ok
5929,0,ok
5930,0,ok
5931,1946,ok
5932,8192,ok
5933,0,ok
5934,0,ok
5935,0,ok
5936,0,ok
5937,0,ok
5938,0,ok
5939,1946,ok
5940,8192,ok
5941,0,ok
5942,0,ok
5943,0,ok
5944,0,ok
5945,0,ok
5946,0,ok
5947,1946,ok
5948,8192,ok
5949,0,ok
5950,0,ok
5951,0,ok
5952,0,ok
5953,0,ok
5954,0,ok
5955,1946,ok
5956,8192,ok
5957,0,ok
5958,0,ok
5959,0,ok
5960,0,ok
5961,0,ok
5962,0,ok
5963,1946,ok
5964,8192,ok
5965,0,ok
5966,0,ok
5967,0,ok
5968,0,ok
5969,0,ok
5970,0,ok
5971,1946,ok
5972,8192,ok
5973,0,ok
5974,0,ok
5975,0,ok
5976,0,ok
5977,0,ok
5978,0,ok
5979,1946,ok
5980,8192,ok
5981,0,ok
5982,0,ok
5983,0,ok
5984,0,ok
5985,0,ok
5986,0,ok
5987,1946,ok
5988,8192,ok
5989,0,ok
5990,0,ok
5991,0,ok
5992,0,ok
5993,0,ok
5994,0,ok
5995,1946,ok
5996,8192,ok
5997,0,ok
5998,0,ok
5999,0,ok
6000,6100,ok
6001,0,ok
6002,65521,ok
6003,65535,ok
6004,3,ok
6005,0,ok
6006,0,ok
6007,0,ok
6008,0,ok
6009,0,ok
6010,0,ok
6011,3,ok
6012,0,ok
6013,0,ok
6014,0,ok
6015,0,ok
6016,0,ok
6017,0,ok
6018,0,ok
6019,3,ok
6020,0,ok
6021,0,ok
6022,0,ok
6023,0,ok
6024,0,ok
6025,0,ok
6026,0,ok
6027,3,ok
6028,0,ok
6029,0,ok
6030,0,ok
6031,0,ok
6032,0,ok
6033,0,ok
6034,0,ok
6035,3,ok
6036,0,ok
6037,0,ok
6038,0,ok
6039,0,ok
6040,0,ok
6041,0,ok
6042,0,ok
6043,3,ok
6044,0,ok
6045,0,ok
6046,0,ok
6047,0,ok
6048,0,ok
6049,0,ok
6050,0,ok
6051,3,ok
6052,0,ok
6053,0,ok
6054,0,ok
6055,0,ok
6056,0,ok
6057,0,ok
6058,0,ok
6059,3,ok
6060,0,ok
6061,0,ok
6062,0,ok
6063,0,ok
6064,0,ok
6065,0,ok
6066,0,ok
6067,3,ok
6068,0,ok
6069,0,ok
6070,0,ok
6071,0,ok
6072,0,ok
6073,0,ok
6074,0,ok
6075,3,ok
6076,0,ok
6077,0,ok
6078,0,ok
6079,0,ok
6080,0,ok
6081,0,ok
6082,0,ok
6083,3,ok
6084,0,ok
6085,0,ok
6086,0,ok
6087,0,ok
6088,0,ok
6089,0,ok
6090,0,ok
6091,3,ok
6092,0,ok
6093,0,ok
6094,0,ok
6095,0,ok
6096,0,ok
6097,0,ok
6098,0,ok
6099,3,ok
6100,0,ok
6101,0,ok
6102,0,ok
6103,0,ok
6104,0,ok
6105,0,ok
6106,0,ok
6107,6416,ok
6108,8193,ok
6109,0,ok
6110,0,ok
6111,0,ok
6112,0,ok
6113,0,ok
6114,0,ok
6115,6416,ok
6116,8193,ok
6117,0,ok
6118,0,ok
6119,0,ok
6120,0,ok
6121,0,ok
6122,0,ok
6123,6416,ok
6124,8193,ok
6125,0,ok
6126,0,ok
6127,0,ok
6128,0,ok
6129,0,ok
6130,0,ok
6131,6416,ok
6132,8193,ok
6133,0,ok
6134,0,ok
6135,0,ok
6136,0,ok
6137,0,ok
6138,0,ok
6139,6416,ok
6140,8193,ok
6141,0,ok
6142,0,ok
6143,0,ok
6144,0,ok
6145,0,ok
6146,0,ok
6147,6416,ok
6148,8193,ok
6149,0,ok
6150,0,ok
6151,1945,ok
6152,1945,ok
6153,0,ok
6154,0,ok
6155,0,ok
6156,0,ok
6157,6416,ok
6158,8193,ok
6159,0,ok
6160,0,ok
6161,0,ok
6162,0,ok
6163,0,ok
6164,0,ok
6165,6416,ok
6166,8193,ok
6167,0,ok
6168,0,ok
6169,0,ok
6170,0,ok
6171,0,ok
6172,0,ok
6173,6416,ok
6174,8193,ok
6175,0,ok
6176,0,ok
6177,0,ok
6178,0,ok
6179,0,ok
6180,0,ok
6181,6416,ok
6182,8193,ok
6183,0,ok
6184,0,ok
6185,0,ok
6186,0,ok
6187,0,ok
6188,0,ok
6189,6416,ok
6190,8193,ok
6191,0,ok
6192,0,ok
6193,0,ok
6194,0,ok
6195,0,ok
6196,0,ok
6197,6416,ok
6198,8193,ok
6199,0,ok
6200,0,ok
6201,0,ok
6202,0,ok
6203,0,ok
6204,0,ok
6205,3,ok
6206,0,ok
6207,0,ok
6208,0,ok
6209,0,ok
6210,0,ok
6211,0,ok
6212,0,ok
6213,3,ok
6214,0,ok
6215,0,ok
6216,0,ok
6217,44800,ok
6218,0,ok
6219,0,ok
6220,0,ok
6221,3,ok
6222,0,ok
6223,0,ok
6224,0,ok
6225,0,ok
6226,0,ok
6227,0,ok
6228,0,ok
6229,3,ok
6230,0,ok
6231,0,ok
6232,0,ok
6233,0,ok
6234,0,ok
6235,0,ok
6236,0,ok
6237,3,ok
6238,0,ok
6239,0,ok
6240,0,ok
6241,0,ok
6242,0,ok
6243,0,ok
6244,0,ok
6245,3,ok
6246,0,ok
6247,0,ok
6248,0,ok
6249,0,ok
6250,0,ok
6251,0,ok
6252,0,ok
6253,3,ok
6254,0,ok
6255,0,ok
6256,0,ok
6257,0,ok
6258,0,ok
6259,0,ok
6260,0,ok
6261,3,ok
6262,0,ok
6263,0,ok
6264,0,ok
6265,0,ok
6266,0,ok
6267,0,ok
6268,0,ok
6269,3,ok
6270,0,ok
6271,0,ok
6272,0,ok
6273,0,ok
6274,0,ok
6275,0,ok
6276,0,ok
6277,3,ok
6278,0,ok
6279,0,ok
6280,0,ok
6281,0,ok
6282,0,ok
6283,0,ok
6284,0,ok
6285,3,ok
6286,0,ok
6287,0,ok
6288,0,ok
6289,0,ok
6290,0,ok
6291,0,ok
6292,0,ok
6293,3,ok
6294,0,ok
6295,0,ok
6296,0,ok
6297,0,ok
6298,0,ok
6299,0,ok
6300,100,ok
6301,0,ok
6302,22279,ok
6303,2052,ok
6304,2052,ok
6305,0,ok
6306,0,ok
6307,0,ok
6308,0,ok
6309,1910,ok
6310,8192,ok
6311,0,ok
6312,0,ok
6313,0,ok
6314,0,ok
6315,0,ok
6316,0,ok
6317,1910,ok
6318,8192,ok
6319,0,ok
6320,0,ok
6321,0,ok
6322,0,ok
6323,0,ok
6324,0,ok
6325,1910,ok
6326,8192,ok
6327,0,ok
6328,0,ok
6329,0,ok
6330,0,ok
6331,0,ok
6332,0,ok
6333,1910,ok
6334,8192,ok
6335,0,ok
6336,0,ok
6337,0,ok
6338,0,ok
6339,0,ok
6340,0,ok
6341,1910,ok
6342,8192,ok
6343,0,ok
6344,0,ok
6345,0,ok
6346,0,ok
6347,0,ok
6348,0,ok
6349,1910,ok
6350,8192,ok
6351,0,ok
6352,0,ok
6353,0,ok
6354,0,ok
6355,0,ok
6356,0,ok
6357,1910,ok
6358,8192,ok
6359,0,ok
6360,0,ok
6361,0,ok
6362,0,ok
6363,0,ok
6364,0,ok
6365,1910,ok
6366,8192,ok
6367,0,ok
6368,0,ok
6369,0,ok
6370,0,ok
6371,0,ok
6372,0,ok
6373,1910,ok
6374,8192,ok
6375,0,ok
6376,0,ok
6377,0,ok
6378,0,ok
6379,0,ok
6380,0,ok
6381,1910,ok
6382,8192,ok
6383,0,ok
6384,0,ok
6385,0,ok
6386,0,ok
6387,0,ok
6388,0,ok
6389,1910,ok
6390,8192,ok
6391,0,ok
6392,0,ok
6393,0,ok
6394,0,ok
6395,0,ok
6396,0,ok
6397,1910,ok
6398,8192,ok
6399,0,ok
6400,0,ok
6401,0,ok
6402,0,ok
6403,0,ok
6404,0,ok
6405,1946,ok
6406,8192,ok
6407,0,ok
6408,0,ok
6409,0,ok
6410,0,ok
6411,0,ok
6412,0,ok
6413,1946,ok
6414,8192,ok
6415,0,ok
6416,0,ok
6417,0,ok
6418,0,ok
6419,0,ok
6420,0,ok
6421,1946,ok
6422,8192,ok
6423,0,ok
6424,0,ok
6425,0,ok
6426,0,ok
6427,0,ok
6428,0,ok
6429,1946,ok
6430,8192,ok
6431,0,ok
6432,0,ok
6433,0,ok
6434,0,ok
6435,0,ok
6436,0,ok
6437,1946,ok
6438,8192,ok
6439,0,ok
6440,0,ok
6441,1945,ok
6442,1945,ok
6443,0,ok
6444,0,ok
6445,0,ok
6446,0,ok
6447,1946,ok
6448,8192,ok
6449,0,ok
6450,0,ok
6451,0,ok
6452,0,ok
6453,0,ok
6454,0,ok
6455,1946,ok
6456,8192,ok
6457,0,ok
6458,0,ok
6459,0,ok
6460,0,ok
6461,0,ok
6462,0,ok
6463,1946,ok
6464,8192,ok
6465,0,ok
6466,0,ok
6467,0,ok
6468,0,ok
6469,0,ok
6470,0,ok
6471,1946,ok
6472,8192,ok
6473,0,ok
6474,0,ok
6475,0,ok
6476,0,ok
6477,0,ok
6478,0,ok
6479,1946,ok
6480,8192,ok
6481,0,ok
6482,0,ok
6483,0,ok
6484,0,ok
6485,0,ok
6486,0,ok
6487,1946,ok
6488,8192,ok
6489,0,ok
6490,0,ok
6491,0,ok
6492,0,ok
6493,0,ok
6494,0,ok
6495,1946,ok
6496,8192,ok
6497,0,ok
6498,0,ok
6499,0,ok
6500,6600,ok
6501,0,ok
6502,65521,ok
6503,65535,ok
6504,3,ok
6505,0,ok
6506,0,ok
6507,48896,ok
6508,0,ok
6509,0,ok
6510,0,ok
6511,3,ok
6512,0,ok
6513,0,ok
6514,0,ok
6515,0,ok
6516,0,ok
6517,0,ok
6518,0,ok
6519,3,ok
6520,0,ok
6521,0,ok
6522,0,ok
6523,0,ok
6524,0,ok
6525,0,ok
6526,0,ok
6527,3,ok
6528,0,ok
6529,0,ok
6530,0,ok
6531,0,ok
6532,0,ok
6533,0,ok
6534,0,ok
6535,3,ok
6536,0,ok
6537,0,ok
6538,0,ok
6539,0,ok
6540,0,ok
6541,0,ok
6542,0,ok
6543,3,ok
6544,0,ok
6545,0,ok
6546,0,ok
6547,0,ok
6548,0,ok
6549,0,ok
6550,0,ok
6551,3,ok
6552,0,ok
6553,0,ok
6554,0,ok
6555,0,ok
6556,0,ok
6557,0,ok
6558,0,ok
6559,3,ok
6560,0,ok
6561,0,ok
6562,0,ok
6563,0,ok
6564,0,ok
6565,0,ok
6566,0,ok
6567,3,ok
6568,0,ok
6569,0,ok
6570,0,ok
6571,0,ok
6572,0,ok
6573,0,ok
6574,0,ok
6575,3,ok
6576,0,ok
6577,0,ok
6578,0,ok
6579,0,ok
6580,0,ok
6581,0,ok
6582,0,ok
6583,3,ok
6584,0,ok
6585,0,ok
6586,0,ok
6587,0,ok
6588,0,ok
6589,0,ok
6590,0,ok
6591,3,ok
6592,0,ok
6593,0,ok
6594,0,ok
6595,0,ok
6596,0,ok
6597,0,ok
6598,0,ok
6599,3,ok
6600,6700,ok
6601,0,ok
6602,0,ok
6603,0,ok
6604,0,ok
6605,0,ok
6606,0,ok
6607,3,ok
6608,0,ok
6609,0,ok
6610,0,ok
6611,0,ok
6612,0,ok
6613,0,ok
6614,0,ok
6615,3,ok
6616,0,ok
6617,0,ok
6618,0,ok
6619,0,ok
6620,0,ok
6621,0,ok
6622,0,ok
6623,3,ok
6624,0,ok
6625,0,ok
6626,0,ok
6627,0,ok
6628,0,ok
6629,0,ok
6630,0,ok
6631,3,ok
6632,0,ok
6633,0,ok
6634,0,ok
6635,0,ok
6636,0,ok
6637,0,ok
6638,0,ok
6639,3,ok
6640,0,ok
6641,0,ok
6642,0,ok
6643,0,ok
6644,0,ok
6645,0,ok
6646,0,ok
6647,3,ok
6648,0,ok
6649,0,ok
6650,0,ok
6651,0,ok
6652,0,ok
6653,0,ok
6654,0,ok
6655,3,ok
6656,0,ok
6657,0,ok
6658,0,ok
6659,0,ok
6660,0,ok
6661,0,ok
6662,0,ok
6663,3,ok
6664,0,ok
6665,0,ok
6666,0,ok
6667,0,ok
6668,0,ok
6669,0,ok
6670,0,ok
6671,3,ok
6672,0,ok
6673,0,ok
6674,0,ok
6675,0,ok
6676,0,ok
6677,0,ok
6678,0,ok
6679,3,ok
6680,0,ok
6681,0,ok
6682,0,ok
6683,0,ok
6684,0,ok
6685,0,ok
6686,0,ok
6687,3,ok
6688,0,ok
6689,0,ok
6690,0,ok
6691,0,ok
6692,0,ok
6693,0,ok
6694,0,ok
6695,3,ok
6696,0,ok
6697,0,ok
6698,0,ok
6699,0,ok
6700,100,ok
6701,0,ok
6702,22279,ok
6703,2052,ok
6704,1946,ok
6705,8192,ok
6706,8192,ok
6707,0,ok
6708,0,ok
6709,0,ok
6710,0,ok
6711,1946,ok
6712,8192,ok
6713,0,ok
6714,0,ok
6715,0,ok
6716,0,ok
6717,0,ok
6718,0,ok
6719,1946,ok
6720,8192,ok
6721,0,ok
6722,0,ok
6723,0,ok
6724,0,ok
6725,0,ok
6726,0,ok
6727,1946,ok
6728,8192,ok
6729,0,ok
6730,0,ok
6731,1945,ok
6732,1945,ok
6733,43690,ok
6734,43690,ok
6735,43690,ok
6736,43690,ok
6737,1946,ok
6738,8192,ok
6739,0,ok
6740,0,ok
6741,43690,ok
6742,43690,ok
6743,43690,ok
6744,43690,ok
6745,1946,ok
6746,8192,ok
6747,0,ok
6748,0,ok
6749,43690,ok
6750,43690,ok
6751,43690,ok
6752,43690,ok
6753,1946,ok
6754,8192,ok
6755,0,ok
6756,0,ok
6757,43690,ok
6758,43690,ok
6759,43690,ok
6760,43690,ok
6761,1946,ok
6762,8192,ok
6763,0,ok
6764,0,ok
6765,43690,ok
6766,43690,ok
6767,43690,ok
6768,43690,ok
6769,1946,ok
6770,8192,ok
6771,0,ok
6772,0,ok
6773,43690,ok
6774,43690,ok
6775,43690,ok
6776,43690,ok
6777,1946,ok
6778,8192,ok
6779,0,ok
6780,0,ok
6781,43690,ok
6782,43690,ok
6783,43690,ok
6784,43690,ok
6785,1946,ok
6786,8192,ok
6787,0,ok
6788,0,ok
6789,43690,ok
6790,43690,ok
6791,43690,ok
6792,43690,ok
6793,1946,ok
6794,8192,ok
6795,0,ok
6796,0,ok
6797,43690,ok
6798,43690,ok
6799,43690,ok
6800,100,ok
6801,0,ok
6802,22279,ok
6803,2052,ok
6804,2052,ok
6805,43690,ok
6806,43690,ok
6807,43690,ok
6808,43690,ok
6809,6416,ok
6810,8193,ok
6811,0,ok
6812,0,ok
6813,43690,ok
6814,43690,ok
6815,43690,ok
6816,43690,ok
6817,6416,ok
6818,8193,ok
6819,0,ok
6820,0,ok
6821,43690,ok
6822,43690,ok
6823,43690,ok
6824,43690,ok
6825,6416,ok
6826,8193,ok
6827,0,ok
6828,0,ok
6829,43690,ok
6830,43690,ok
6831,43690,ok
6832,43690,ok
6833,6416,ok
6834,8193,ok
6835,0,ok
6836,0,ok
6837,43690,ok
6838,43690,ok
6839,43690,ok
6840,43690,ok
6841,6416,ok
6842,8193,ok
6843,0,ok
6844,0,ok
6845,43690,ok
6846,43690,ok
6847,43690,ok
6848,43690,ok
6849,6416,ok
6850,8193,ok
6851,0,ok
6852,0,ok
6853,43690,ok
6854,43690,ok
6855,43690,ok
6856,43690,ok
6857,6416,ok
6858,8193,ok
6859,0,ok
6860,0,ok
6861,43690,ok
6862,43690,ok
6863,43690,ok
6864,43690,ok
6865,6416,ok
6866,8193,ok
6867,0,ok
6868,0,ok
6869,43690,ok
6870,43690,ok
6871,43690,ok
6872,43690,ok
6873,6416,ok
6874,8193,ok
6875,0,ok
6876,0,ok
6877,43690,ok
6878,43690,ok
6879,43690,ok
6880,43690,ok
6881,6416,ok
6882,8193,ok
6883,0,ok
6884,0,ok
6885,43690,ok
6886,43690,ok
6887,43690,ok
6888,43690,ok
6889,6416,ok
6890,8193,ok
6891,0,ok
6892,0,ok
6893,43690,ok
6894,43690,ok
6895,43690,ok
6896,43690,ok
6897,6416,ok
6898,8193,ok
6899,0,ok
6900,0,ok
6901,43690,ok
6902,43690,ok
6903,43690,ok
6904,43690,ok
6905,3,ok
6906,0,ok
6907,0,ok
6908,0,ok
6909,43690,ok
6910,43690,ok
6911,43690,ok
6912,43690,ok
6913,3,ok
6914,0,ok
6915,0,ok
6916,0,ok
6917,43690,ok
6918,43690,ok
6919,43690,ok
6920,43690,ok
6921,3,ok
6922,0,ok
6923,0,ok
6924,0,ok
6925,43690,ok
6926,43690,ok
6927,43690,ok
6928,43690,ok
6929,3,ok
6930,0,ok
6931,0,ok
6932,0,ok
6933,43690,ok
6934,43690,ok
6935,43690,ok
6936,43690,ok
6937,3,ok
6938,0,ok
6939,0,ok
6940,0,ok
6941,43690,ok
6942,43690,ok
6943,43690,ok
6944,43690,ok
6945,3,ok
6946,0,ok
6947,0,ok
6948,0,ok
6949,43690,ok
6950,43690,ok
6951,43690,ok
6952,43690,ok
6953,3,ok
6954,0,ok
6955,0,ok
6956,0,ok
6957,43690,ok
6958,43690,ok
6959,43690,ok
6960,43690,ok
6961,3,ok
6962,0,ok
6963,0,ok
6964,0,ok
6965,43690,ok
6966,43690,ok
6967,43690,ok
6968,43690,ok
6969,3,ok
6970,0,ok
6971,0,ok
6972,0,ok
6973,43690,ok
6974,43690,ok
6975,43690,ok
6976,43690,ok
6977,3,ok
6978,0,ok
6979,0,ok
6980,0,ok
6981,43690,ok
6982,43690,ok
6983,43690,ok
6984,43690,ok
6985,3,ok
6986,0,ok
6987,0,ok
6988,0,ok
6989,43690,ok
6990,43690,ok
6991,43690,ok
6992,43690,ok
6993,3,ok
6994,0,ok
6995,0,ok
6996,0,ok
6997,43690,ok
6998,43690,ok
6999,43690,ok
7000,6802,ok
7001,2050,ok
7002,29283,ok
7003,256,ok
7004,256,ok
7005,43690,ok
7006,43690,ok
7007,43690,ok
7008,43690,ok
7009,3,ok
7010,0,ok
7011,0,ok
7012,0,ok
7013,43690,ok
7014,43690,ok
7015,43690,ok
7016,43690,ok
7017,3,ok
7018,0,ok
7019,0,ok
7020,0,ok
7021,1945,ok
7022,1945,ok
7023,43690,ok
7024,43690,ok
7025,43690,ok
7026,43690,ok
7027,3,ok
7028,0,ok
7029,0,ok
7030,0,ok
7031,43690,ok
7032,43690,ok
7033,43690,ok
7034,43690,ok
7035,3,ok
7036,0,ok
7037,0,ok
7038,0,ok
7039,43690,ok
7040,43690,ok
7041,43690,ok
7042,43690,ok
7043,3,ok
7044,0,ok
7045,0,ok
7046,0,ok
7047,43690,ok
7048,43690,ok
7049,43690,ok
7050,43690,ok
7051,3,ok
7052,0,ok
7053,0,ok
7054,0,ok
7055,43690,ok
7056,43690,ok
7057,43690,ok
7058,43690,ok
7059,3,ok
7060,0,ok
7061,0,ok
7062,0,ok
7063,43690,ok
7064,43690,ok
7065,43690,ok
7066,43690,ok
7067,3,ok
7068,0,ok
7069,0,ok
7070,0,ok
7071,43690,ok
7072,43690,ok
7073,43690,ok
7074,43690,ok
7075,3,ok
7076,0,ok
7077,0,ok
7078,0,ok
7079,43690,ok
7080,43690,ok
7081,43690,ok
7082,43690,ok
7083,3,ok
7084,0,ok
7085,0,ok
7086,0,ok
7087,43690,ok
7088,43690,ok
7089,43690,ok
7090,43690,ok
7091,3,ok
7092,0,ok
7093,0,ok
7094,0,ok
7095,43690,ok
7096,43690,ok
7097,43690,ok
7098,43690,ok
7099,3,ok
7100,7200,ok
7101,0,ok
7102,0,ok
7103,43690,ok
7104,43690,ok
7105,43690,ok
7106,43690,ok
7107,3,ok
7108,0,ok
7109,0,ok
7110,0,ok
7111,43690,ok
7112,43690,ok
7113,43690,ok
7114,43690,ok
7115,3,ok
7116,0,ok
7117,0,ok
7118,0,ok
7119,43690,ok
7120,43690,ok
7121,43690,ok
7122,43690,ok
7123,3,ok
7124,0,ok
7125,0,ok
7126,0,ok
7127,43690,ok
7128,43690,ok
7129,43690,ok
7130,43690,ok
7131,3,ok
7132,0,ok
7133,0,ok
7134,0,ok
7135,43690,ok
7136,43690,ok
7137,43690,ok
7138,43690,ok
7139,3,ok
7140,0,ok
7141,0,ok
7142,0,ok
7143,43690,ok
7144,43690,ok
7145,43690,ok
7146,43690,ok
7147,3,ok
7148,0,ok
7149,0,ok
7150,0,ok
7151,43690,ok
7152,43690,ok
7153,43690,ok
7154,43690,ok
7155,3,ok
7156,0,ok
7157,0,ok
7158,0,ok
7159,43690,ok
7160,43690,ok
7161,43690,ok
7162,43690,ok
7163,3,ok
7164,0,ok
7165,0,ok
7166,0,ok
7167,43690,ok
7168,43690,ok
7169,43690,ok
7170,43690,ok
7171,3,ok
7172,0,ok
7173,0,ok
7174,0,ok
7175,43690,ok
7176,43690,ok
7177,43690,ok
7178,43690,ok
7179,3,ok
7180,0,ok
7181,0,ok
7182,0,ok
7183,43690,ok
7184,43690,ok
7185,43690,ok
7186,43690,ok
7187,3,ok
7188,0,ok
7189,0,ok
7190,0,ok
7191,43690,ok
7192,43690,ok
7193,43690,ok
7194,43690,ok
7195,3,ok
7196,0,ok
7197,0,ok
7198,0,ok
7199,43690,ok
7200,7300,ok
7201,0,ok
7202,65521,ok
7203,65535,ok
7204,3,ok
7205,0,ok
7206,0,ok
7207,43690,ok
7208,43690,ok
7209,43690,ok
7210,43690,ok
7211,3,ok
7212,0,ok
7213,0,ok
7214,0,ok
7215,43690,ok
7216,43690,ok
7217,43690,ok
7218,43690,ok
7219,3,ok
7220,0,ok
7221,0,ok
7222,0,ok
7223,43690,ok
7224,43690,ok
7225,43690,ok
7226,43690,ok
7227,3,ok
7228,0,ok
7229,0,ok
7230,0,ok
7231,43690,ok
7232,43690,ok
7233,43690,ok
7234,43690,ok
7235,3,ok
7236,0,ok
7237,0,ok
7238,0,ok
7239,43690,ok
7240,43690,ok
7241,43690,ok
7242,43690,ok
7243,3,ok
7244,0,ok
7245,0,ok
7246,0,ok
7247,43690,ok
7248,43690,ok
7249,43690,ok
7250,43690,ok
7251,3,ok
7252,0,ok
7253,0,ok
7254,0,ok
7255,43690,ok
7256,43690,ok
7257,43690,ok
7258,43690,ok
7259,3,ok
7260,0,ok
7261,0,ok
7262,0,ok
7263,43690,ok
7264,43690,ok
7265,43690,ok
7266,43690,ok
7267,3,ok
7268,0,ok
7269,0,ok
7270,0,ok
7271,43690,ok
7272,43690,ok
7273,43690,ok
7274,43690,ok
7275,3,ok
7276,0,ok
7277,0,ok
7278,0,ok
7279,43690,ok
7280,43690,ok
7281,43690,ok
7282,43690,ok
7283,3,ok
7284,0,ok
7285,0,ok
7286,0,ok
7287,43690,ok
7288,43690,ok
7289,43690,ok
7290,43690,ok
7291,3,ok
7292,0,ok
7293,0,ok
7294,0,ok
7295,43690,ok
7296,43690,ok
7297,43690,ok
7298,43690,ok
7299,3,ok
7300,7400,ok
7301,0,ok
7302,0,ok
7303,43690,ok
7304,43690,ok
7305,43690,ok
7306,43690,ok
7307,3,ok
7308,0,ok
7309,0,ok
7310,0,ok
7311,1945,ok
7312,1945,ok
7313,43690,ok
7314,43690,ok
7315,43690,ok
7316,43690,ok
7317,3,ok
7318,0,ok
7319,0,ok
7320,0,ok
7321,43690,ok
7322,43690,ok
7323,43690,ok
7324,43690,ok
7325,3,ok
7326,0,ok
7327,0,ok
7328,0,ok
7329,43690,ok
7330,43690,ok
7331,43690,ok
7332,43690,ok
7333,3,ok
7334,0,ok
7335,0,ok
7336,0,ok
7337,43690,ok
7338,43690,ok
7339,43690,ok
7340,43690,ok
7341,3,ok
7342,0,ok
7343,0,ok
7344,0,ok
7345,43690,ok
7346,43690,ok
7347,43690,ok
7348,43690,ok
7349,3,ok
7350,0,ok
7351,0,ok
7352,0,ok
7353,43690,ok
7354,43690,ok
7355,43690,ok
7356,43690,ok
7357,3,ok
7358,0,ok
7359,0,ok
7360,0,ok
7361,43690,ok
7362,43690,ok
7363,43690,ok
7364,43690,ok
7365,3,ok
7366,0,ok
7367,0,ok
7368,0,ok
7369,43690,ok
7370,43690,ok
7371,43690,ok
7372,43690,ok
7373,3,ok
7374,0,ok
7375,0,ok
7376,0,ok
7377,43690,ok
7378,43690,ok
7379,43690,ok
7380,43690,ok
7381,3,ok
7382,0,ok
7383,0,ok
7384,0,ok
7385,43690,ok
7386,43690,ok
7387,43690,ok
7388,43690,ok
7389,3,ok
7390,0,ok
7391,0,ok
7392,0,ok
7393,43690,ok
7394,43690,ok
7395,43690,ok
7396,43690,ok
7397,3,ok
7398,0,ok
7399,0,ok
7400,0,ok
7401,43690,ok
7402,43690,ok
7403,43690,ok
7404,43690,ok
7405,3,ok
7406,0,ok
7407,0,ok
7408,0,ok
7409,43690,ok
7410,43690,ok
7411,43690,ok
7412,43690,ok
7413,3,ok
7414,0,ok
7415,0,ok
7416,0,ok
7417,43690,ok
7418,43690,ok
7419,43690,ok
7420,43690,ok
7421,3,ok
7422,0,ok
7423,0,ok
7424,0,ok
7425,43690,ok
7426,43690,ok
7427,43690,ok
7428,43690,ok
7429,3,ok
7430,0,ok
7431,0,ok
7432,0,ok
7433,43690,ok
7434,43690,ok
7435,43690,ok
7436,43690,ok
7437,3,ok
7438,0,ok
7439,0,ok
7440,0,ok
7441,43690,ok
7442,43690,ok
7443,43690,ok
7444,43690,ok
7445,3,ok
7446,0,ok
7447,0,ok
7448,0,ok
7449,43690,ok
7450,43690,ok
7451,43690,ok
7452,43690,ok
7453,3,ok
7454,0,ok
7455,0,ok
7456,0,ok
7457,43690,ok
7458,43690,ok
7459,43690,ok
7460,43690,ok
7461,3,ok
7462,0,ok
7463,0,ok
7464,0,ok
7465,43690,ok
7466,43690,ok
7467,43690,ok
7468,43690,ok
7469,3,ok
7470,0,ok
7471,0,ok
7472,0,ok
7473,43690,ok
7474,43690,ok
7475,43690,ok
7476,43690,ok
7477,3,ok
7478,0,ok
7479,0,ok
7480,0,ok
7481,43690,ok
7482,43690,ok
7483,43690,ok
7484,43690,ok
7485,3,ok
7486,0,ok
7487,0,ok
7488,0,ok
7489,43690,ok
7490,43690,ok
7491,43690,ok
7492,43690,ok
7493,3,ok
7494,0,ok
7495,0,ok
7496,0,ok
7497,43690,ok
7498,43690,ok
7499,43690,ok
7500,100,ok
7501,0,ok
7502,22279,ok
7503,2052,ok
7504,2052,ok
7505,43690,ok
7506,43690,ok
7507,43690,ok
7508,43690,ok
7509,6416,ok
7510,8193,ok
7511,0,ok
7512,0,ok
7513,43690,ok
7514,43690,ok
7515,43690,ok
7516,43690,ok
7517,6416,ok
7518,8193,ok
7519,0,ok
7520,0,ok
7521,43690,ok
7522,43690,ok
7523,43690,ok
7524,43690,ok
7525,6416,ok
7526,8193,ok
7527,0,ok
7528,0,ok
7529,43690,ok
7530,43690,ok
7531,43690,ok
7532,43690,ok
7533,6416,ok
7534,8193,ok
7535,0,ok
7536,0,ok
7537,43690,ok
7538,43690,ok
7539,43690,ok
7540,43690,ok
7541,6416,ok
7542,8193,ok
7543,0,ok
7544,0,ok
7545,43690,ok
7546,43690,ok
7547,43690,ok
7548,43690,ok
7549,6416,ok
7550,8193,ok
7551,0,ok
7552,0,ok
7553,43690,ok
7554,43690,ok
7555,43690,ok
7556,43690,ok
7557,6416,ok
7558,8193,ok
7559,0,ok
7560,0,ok
7561,43690,ok
7562,43690,ok
7563,43690,ok
7564,43690,ok
7565,6416,ok
7566,8193,ok
7567,0,ok
7568,0,ok
7569,43690,ok
7570,43690,ok
7571,43690,ok
7572,43690,ok
7573,6416,ok
7574,8193,ok
7575,0,ok
7576,0,ok
7577,43690,ok
7578,43690,ok
7579,43690,ok
7580,43690,ok
7581,6416,ok
7582,8193,ok
7583,0,ok
7584,0,ok
7585,43690,ok
7586,43690,ok
7587,43690,ok
7588,43690,ok
7589,6416,ok
7590,8193,ok
7591,0,ok
7592,0,ok
7593,43690,ok
7594,43690,ok
7595,43690,ok
7596,43690,ok
7597,6416,ok
7598,8193,ok
7599,0,ok
7600,0,ok
7601,0,ok
7602,0,ok
7603,43690,ok
7604,43690,ok
7605,43690,ok
7606,43690,ok
7607,3,ok
7608,0,ok
7609,0,ok
7610,0,ok
7611,43690,ok
7612,43690,ok
7613,43690,ok
7614,43690,ok
7615,3,ok
7616,0,ok
7617,0,ok
7618,0,ok
7619,43690,ok
7620,43690,ok
7621,43690,ok
7622,43690,ok
7623,3,ok
7624,0,ok
7625,0,ok
7626,0,ok
7627,43690,ok
7628,43690,ok
7629,43690,ok
7630,43690,ok
7631,3,ok
7632,0,ok
7633,0,ok
7634,0,ok
7635,43690,ok
7636,43690,ok
7637,43690,ok
7638,43690,ok
7639,3,ok
7640,0,ok
7641,0,ok
7642,0,ok
7643,43690,ok
7644,43690,ok
7645,43690,ok
7646,43690,ok
7647,3,ok
7648,0,ok
7649,0,ok
7650,0,ok
7651,43690,ok
7652,43690,ok
7653,43690,ok
7654,43690,ok
7655,3,ok
7656,0,ok
7657,0,ok
7658,0,ok
7659,43690,ok
7660,43690,ok
7661,43690,ok
7662,43690,ok
7663,3,ok
7664,0,ok
7665,0,ok
7666,0,ok
7667,43690,ok
7668,43690,ok
7669,43690,ok
7670,43690,ok
7671,3,ok
7672,0,ok
7673,0,ok
7674,0,ok
7675,43690,ok
7676,43690,ok
7677,43690,ok
7678,43690,ok
7679,3,ok
7680,0,ok
7681,0,ok
7682,0,ok
7683,43690,ok
7684,43690,ok
7685,43690,ok
7686,43690,ok
7687,3,ok
7688,0,ok
7689,0,ok
7690,0,ok
7691,43690,ok
7692,43690,ok
7693,43690,ok
7694,43690,ok
7695,3,ok
7696,0,ok
7697,0,ok
7698,0,ok
7699,43690,ok
7700,7800,ok
7701,0,ok
7702,65521,ok
7703,65535,ok
7704,3,ok
7705,0,ok
7706,0,ok
7707,43690,ok
7708,43690,ok
7709,43690,ok
7710,43690,ok
7711,3,ok
7712,0,ok
7713,0,ok
7714,0,ok
7715,43690,ok
7716,43690,ok
7717,43690,ok
7718,43690,ok
7719,3,ok
7720,0,ok
7721,0,ok
7722,0,ok
7723,43690,ok
7724,43690,ok
7725,43690,ok
7726,43690,ok
7727,3,ok
7728,0,ok
7729,0,ok
7730,0,ok
7731,43690,ok
7732,43690,ok
7733,43690,ok
7734,43690,ok
7735,3,ok
7736,0,ok
7737,0,ok
7738,0,ok
7739,43690,ok
7740,43690,ok
7741,43690,ok
7742,43690,ok
7743,3,ok
7744,0,ok
7745,0,ok
7746,0,ok
7747,43690,ok
7748,43690,ok
7749,43690,ok
7750,43690,ok
7751,3,ok
7752,0,ok
7753,0,ok
7754,0,ok
7755,43690,ok
7756,43690,ok
7757,43690,ok
7758,43690,ok
7759,3,ok
7760,0,ok
7761,0,ok
7762,0,ok
7763,43690,ok
7764,43690,ok
7765,43690,ok
7766,43690,ok
7767,3,ok
7768,0,ok
7769,0,ok
7770,0,ok
7771,43690,ok
7772,43690,ok
7773,43690,ok
7774,43690,ok
7775,3,ok
7776,0,ok
7777,0,ok
7778,0,ok
7779,43690,ok
7780,43690,ok
7781,43690,ok
7782,43690,ok
7783,3,ok
7784,0,ok
7785,0,ok
7786,0,ok
7787,43690,ok
7788,43690,ok
7789,43690,ok
7790,43690,ok
7791,3,ok
7792,0,ok
7793,0,ok
7794,0,ok
7795,43690,ok
7796,43690,ok
7797,43690,ok
7798,43690,ok
7799,3,ok
7800,100,ok
7801,0,ok
7802,0,ok
7803,43690,ok
7804,43690,ok
7805,43690,ok
7806,43690,ok
7807,1946,ok
7808,8192,ok
7809,0,ok
7810,0,ok
7811,43690,ok
7812,43690,ok
7813,43690,ok
7814,43690,ok
7815,1946,ok
7816,8192,ok
7817,0,ok
7818,0,ok
7819,43690,ok
7820,43690,ok
7821,43690,ok
7822,43690,ok
7823,1946,ok
7824,8192,ok
7825,0,ok
7826,0,ok
7827,43690,ok
7828,43690,ok
7829,43690,ok
7830,43690,ok
7831,1946,ok
7832,8192,ok
7833,0,ok
7834,0,ok
7835,43690,ok
7836,43690,ok
7837,43690,ok
7838,43690,ok
7839,1946,ok
7840,8192,ok
7841,0,ok
7842,0,ok
7843,43690,ok
7844,43690,ok
7845,43690,ok
7846,43690,ok
7847,1946,ok
7848,8192,ok
7849,0,ok
7850,0,ok
7851,43690,ok
7852,43690,ok
7853,43690,ok
7854,43690,ok
7855,1946,ok
7856,8192,ok
7857,0,ok
7858,0,ok
7859,43690,ok
7860,43690,ok
7861,43690,ok
7862,43690,ok
7863,1946,ok
7864,8192,ok
7865,0,ok
7866,0,ok
7867,43690,ok
7868,43690,ok
7869,43690,ok
7870,43690,ok
7871,1946,ok
7872,8192,ok
7873,0,ok
7874,0,ok
7875,43690,ok
7876,43690,ok
7877,43690,ok
7878,43690,ok
7879,1946,ok
7880,8192,ok
7881,0,ok
7882,0,ok
7883,43690,ok
7884,43690,ok
7885,43690,ok
7886,43690,ok
7887,1946,ok
7888,8192,ok
7889,0,ok
7890,0,ok
7891,1945,ok
7892,1945,ok
7893,43690,ok
7894,43690,ok
7895,43690,ok
7896,43690,ok
7897,1946,ok
7898,8192,ok
7899,0,ok
7900,0,ok
7901,43690,ok
7902,43690,ok
7903,43690,ok
7904,43690,ok
7905,8,ok
7906,0,ok
7907,0,ok
7908,0,ok
7909,43690,ok
7910,43690,ok
7911,43690,ok
7912,43690,ok
7913,8,ok
7914,0,ok
7915,0,ok
7916,0,ok
7917,43690,ok
7918,43690,ok
7919,43690,ok
7920,43690,ok
7921,8,ok
7922,0,ok
7923,0,ok
7924,0,ok
7925,43690,ok
7926,43690,ok
7927,43690,ok
7928,43690,ok
7929,8,ok
7930,0,ok
7931,0,ok
7932,0,ok
7933,43690,ok
7934,43690,ok
7935,43690,ok
7936,43690,ok
7937,8,ok
7938,0,ok
7939,0,ok
7940,0,ok
7941,43690,ok
7942,43690,ok
7943,43690,ok
7944,43690,ok
7945,8,ok
7946,0,ok
7947,0,ok
7948,0,ok
7949,43690,ok
7950,43690,ok
7951,43690,ok
7952,43690,ok
7953,8,ok
7954,0,ok
7955,0,ok
7956,0,ok
7957,43690,ok
7958,43690,ok
7959,43690,ok
7960,43690,ok
7961,8,ok
7962,0,ok
7963,0,ok
7964,0,ok
7965,43690,ok
7966,43690,ok
7967,43690,ok
7968,43690,ok
7969,8,ok
7970,0,ok
7971,0,ok
7972,0,ok
7973,43690,ok
7974,43690,ok
7975,43690,ok
7976,43690,ok
7977,8,ok
7978,0,ok
7979,0,ok
7980,0,ok
7981,43690,ok
7982,43690,ok
7983,43690,ok
7984,43690,ok
7985,8,ok
7986,0,ok
7987,0,ok
7988,0,ok
7989,43690,ok
7990,43690,ok
7991,43690,ok
7992,43690,ok
7993,8,ok
7994,0,ok
7995,0,ok
7996,0,ok
7997,43690,ok
7998,43690,ok
7999,43690,ok
8000,100,ok
8001,0,ok
8002,22279,ok
8003,2052,ok
8004,2052,ok
8005,43690,ok
8006,43690,ok
8007,43690,ok
8008,43690,ok
8009,1946,ok
8010,8192,ok
8011,0,ok
8012,0,ok
8013,43690,ok
8014,43690,ok
8015,43690,ok
8016,43690,ok
8017,1946,ok
8018,8192,ok
8019,0,ok
8020,0,ok
8021,43690,ok
8022,43690,ok
8023,43690,ok
8024,43690,ok
8025,1946,ok
8026,8192,ok
8027,0,ok
8028,0,ok
8029,43690,ok
8030,43690,ok
8031,43690,ok
8032,43690,ok
8033,1946,ok
8034,8192,ok
8035,0,ok
8036,0,ok
8037,43690,ok
8038,43690,ok
8039,43690,ok
8040,43690,ok
8041,1946,ok
8042,8192,ok
8043,0,ok
8044,0,ok
8045,43690,ok
8046,43690,ok
8047,43690,ok
8048,43690,ok
8049,1946,ok
8050,8192,ok
8051,0,ok
8052,0,ok
8053,43690,ok
8054,43690,ok
8055,43690,ok
8056,43690,ok
8057,1946,ok
8058,8192,ok
8059,0,ok
8060,0,ok
8061,43690,ok
8062,43690,ok
8063,43690,ok
8064,43690,ok
8065,1946,ok
8066,8192,ok
8067,0,ok
8068,0,ok
8069,43690,ok
8070,43690,ok
8071,43690,ok
8072,43690,ok
8073,1946,ok
8074,8192,ok
8075,0,ok
8076,0,ok
8077,43690,ok
8078,43690,ok
8079,43690,ok
8080,43690,ok
8081,1946,ok
8082,8192,ok
8083,0,ok
8084,0,ok
8085,43690,ok
8086,43690,ok
8087,43690,ok
8088,43690,ok
8089,1946,ok
8090,8192,ok
8091,0,ok
8092,0,ok
8093,43690,ok
8094,43690,ok
8095,43690,ok
8096,43690,ok
8097,1946,ok
8098,8192,ok
8099,0,ok
8100,0,ok
8101,43690,ok
8102,43690,ok
8103,43690,ok
8104,43690,ok
8105,1730,ok
8106,8192,ok
8107,0,ok
8108,0,ok
8109,43690,ok
8110,43690,ok
8111,43690,ok
8112,43690,ok
8113,1730,ok
8114,8192,ok
8115,0,ok
8116,0,ok
8117,43690,ok
8118,43690,ok
8119,43690,ok
8120,43690,ok
8121,1730,ok
8122,8192,ok
8123,0,ok
8124,0,ok
8125,43690,ok
8126,43690,ok
8127,43690,ok
8128,43690,ok
8129,1730,ok
8130,8192,ok
8131,0,ok
8132,0,ok
8133,43690,ok
8134,43690,ok
8135,43690,ok
8136,43690,ok
8137,1730,ok
8138,8192,ok
8139,0,ok
8140,0,ok
8141,43690,ok
8142,43690,ok
8143,43690,ok
8144,43690,ok
8145,1730,ok
8146,8192,ok
8147,0,ok
8148,0,ok
8149,43690,ok
8150,43690,ok
8151,43690,ok
8152,43690,ok
8153,1730,ok
8154,8192,ok
8155,0,ok
8156,0,ok
8157,43690,ok
8158,43690,ok
8159,43690,ok
8160,43690,ok
8161,1730,ok
8162,8192,ok
8163,0,ok
8164,0,ok
8165,43690,ok
8166,43690,ok
8167,43690,ok
8168,43690,ok
8169,1730,ok
8170,8192,ok
8171,0,ok
8172,0,ok
8173,43690,ok
8174,43690,ok
8175,43690,ok
8176,43690,ok
8177,1730,ok
8178,8192,ok
8179,0,ok
8180,0,ok
8181,1945,ok
8182,1945,ok
8183,43690,ok
8184,43690,ok
8185,43690,ok
8186,43690,ok
8187,1730,ok
8188,8192,ok
8189,0,ok
8190,0,ok
8191,43690,ok
8192,43690,ok
8193,43690,ok
8194,43690,ok
8195,1730,ok
8196,8192,ok
8197,0,ok
8198,0,ok
8199,43690,ok
8200,100,ok
8201,0,ok
8202,22279,ok
8203,2052,ok
8204,1934,ok
8205,8192,ok
8206,8192,ok
8207,43690,ok
8208,43690,ok
8209,43690,ok
8210,43690,ok
8211,1934,ok
8212,8192,ok
8213,0,ok
8214,0,ok
8215,43690,ok
8216,43690,ok
8217,43690,ok
8218,43690,ok
8219,1934,ok
8220,8192,ok
8221,0,ok
8222,0,ok
8223,43690,ok
8224,43690,ok
8225,43690,ok
8226,43690,ok
8227,1934,ok
8228,8192,ok
8229,0,ok
8230,0,ok
8231,43690,ok
8232,43690,ok
8233,43690,ok
8234,43690,ok
8235,1934,ok
8236,8192,ok
8237,0,ok
8238,0,ok
8239,43690,ok
8240,43690,ok
8241,43690,ok
8242,43690,ok
8243,1934,ok
8244,8192,ok
8245,0,ok
8246,0,ok
8247,43690,ok
8248,43690,ok
8249,43690,ok
8250,43690,ok
8251,1934,ok
8252,8192,ok
8253,0,ok
8254,0,ok
8255,43690,ok
8256,43690,ok
8257,43690,ok
8258,43690,ok
8259,1934,ok
8260,8192,ok
8261,0,ok
8262,0,ok
8263,43690,ok
8264,43690,ok
8265,43690,ok
8266,43690,ok
8267,1934,ok
8268,8192,ok
8269,0,ok
8270,0,ok
8271,43690,ok
8272,43690,ok
8273,43690,ok
8274,43690,ok
8275,1934,ok
8276,8192,ok
8277,0,ok
8278,0,ok
8279,43690,ok
8280,43690,ok
8281,43690,ok
8282,43690,ok
8283,1934,ok
8284,8192,ok
8285,0,ok
8286,0,ok
8287,43690,ok
8288,43690,ok
8289,43690,ok
8290,43690,ok
8291,1934,ok
8292,8192,ok
8293,0,ok
8294,0,ok
8295,43690,ok
8296,43690,ok
8297,43690,ok
8298,43690,ok
8299,1934,ok
8300,100,ok
8301,0,ok
8302,0,ok
8303,43690,ok
8304,43690,ok
8305,43690,ok
8306,43690,ok
8307,1882,ok
8308,8192,ok
8309,0,ok
8310,0,ok
8311,43690,ok
8312,43690,ok
8313,43690,ok
8314,43690,ok
8315,1882,ok
8316,8192,ok
8317,0,ok
8318,0,ok
8319,43690,ok
8320,43690,ok
8321,43690,ok
8322,43690,ok
8323,1882,ok
8324,8192,ok
8325,0,ok
8326,0,ok
8327,43690,ok
8328,43690,ok
8329,43690,ok
8330,43690,ok
8331,1882,ok
8332,8192,ok
8333,0,ok
8334,0,ok
8335,43690,ok
8336,43690,ok
8337,43690,ok
8338,43690,ok
8339,1882,ok
8340,8192,ok
8341,0,ok
8342,0,ok
8343,43690,ok
8344,43690,ok
8345,43690,ok
8346,43690,ok
8347,1882,ok
8348,8192,ok
8349,0,ok
8350,0,ok
8351,43690,ok
8352,43690,ok
8353,43690,ok
8354,43690,ok
8355,1882,ok
8356,8192,ok
8357,0,ok
8358,0,ok
8359,43690,ok
8360,43690,ok
8361,43690,ok
8362,43690,ok
8363,1882,ok
8364,8192,ok
8365,0,ok
8366,0,ok
8367,43690,ok
8368,43690,ok
8369,43690,ok
8370,43690,ok
8371,1882,ok
8372,8192,ok
8373,0,ok
8374,0,ok
8375,43690,ok
8376,43690,ok
8377,43690,ok
8378,43690,ok
8379,1882,ok
8380,8192,ok
8381,0,ok
8382,0,ok
8383,43690,ok
8384,43690,ok
8385,43690,ok
8386,43690,ok
8387,1882,ok
8388,8192,ok
8389,0,ok
8390,0,ok
8391,43690,ok
8392,43690,ok
8393,43690,ok
8394,43690,ok
8395,1882,ok
8396,8192,ok
8397,0,ok
8398,0,ok
8399,43690,ok
8400,100,ok
8401,0,ok
8402,22279,ok
8403,2052,ok
8404,1829,ok
8405,8192,ok
8406,8192,ok
8407,43690,ok
8408,43690,ok
8409,43690,ok
8410,43690,ok
8411,1829,ok
8412,8192,ok
8413,0,ok
8414,0,ok
8415,43690,ok
8416,43690,ok
8417,43690,ok
8418,43690,ok
8419,1829,ok
8420,8192,ok
8421,0,ok
8422,0,ok
8423,43690,ok
8424,43690,ok
8425,43690,ok
8426,43690,ok
8427,1829,ok
8428,8192,ok
8429,0,ok
8430,0,ok
8431,43690,ok
8432,43690,ok
8433,43690,ok
8434,43690,ok
8435,1829,ok
8436,8192,ok
8437,0,ok
8438,0,ok
8439,43690,ok
8440,43690,ok
8441,43690,ok
8442,43690,ok
8443,1829,ok
8444,8192,ok
8445,0,ok
8446,0,ok
8447,43690,ok
8448,43690,ok
8449,43690,ok
8450,43690,ok
8451,1829,ok
8452,8192,ok
8453,0,ok
8454,0,ok
8455,43690,ok
8456,43690,ok
8457,43690,ok
8458,43690,ok
8459,1829,ok
8460,8192,ok
8461,0,ok
8462,0,ok
8463,43690,ok
8464,43690,ok
8465,43690,ok
8466,43690,ok
8467,1829,ok
8468,8192,ok
8469,0,ok
8470,0,ok
8471,1945,ok
8472,1945,ok
8473,43690,ok
8474,43690,ok
8475,43690,ok
8476,43690,ok
8477,1829,ok
8478,8192,ok
8479,0,ok
8480,0,ok
8481,43690,ok
8482,43690,ok
8483,43690,ok
8484,43690,ok
8485,1829,ok
8486,8192,ok
8487,0,ok
8488,0,ok
8489,43690,ok
8490,43690,ok
8491,43690,ok
8492,43690,ok
8493,1829,ok
8494,8192,ok
8495,0,ok
8496,0,ok
8497,43690,ok
8498,43690,ok
8499,43690,ok
8500,8600,ok
8501,0,ok
8502,65521,ok
8503,65535,ok
8504,65535,ok
8505,43690,ok
8506,43690,ok
8507,43690,ok
8508,43690,ok
8509,3,ok
8510,0,ok
8511,0,ok
8512,0,ok
8513,43690,ok
8514,43690,ok
8515,43690,ok
8516,43690,ok
8517,3,ok
8518,0,ok
8519,0,ok
8520,0,ok
8521,43690,ok
8522,43690,ok
8523,43690,ok
8524,43690,ok
8525,3,ok
8526,0,ok
8527,0,ok
8528,0,ok
8529,43690,ok
8530,43690,ok
8531,43690,ok
8532,43690,ok
8533,3,ok
8534,0,ok
8535,0,ok
8536,0,ok
8537,43690,ok
8538,43690,ok
8539,43690,ok
8540,43690,ok
8541,3,ok
8542,0,ok
8543,0,ok
8544,0,ok
8545,43690,ok
8546,43690,ok
8547,43690,ok
8548,43690,ok
8549,3,ok
8550,0,ok
8551,0,ok
8552,0,ok
8553,43690,ok
8554,43690,ok
8555,43690,ok
8556,43690,ok
8557,3,ok
8558,0,ok
8559,0,ok
8560,0,ok
8561,43690,ok
8562,43690,ok
8563,43690,ok
8564,43690,ok
8565,3,ok
8566,0,ok
8567,0,ok
8568,0,ok
8569,43690,ok
8570,43690,ok
8571,43690,ok
8572,43690,ok
8573,3,ok
8574,0,ok
8575,0,ok
8576,0,ok
8577,43690,ok
8578,43690,ok
8579,43690,ok
8580,43690,ok
8581,3,ok
8582,0,ok
8583,0,ok
8584,0,ok
8585,43690,ok
8586,43690,ok
8587,43690,ok
8588,43690,ok
8589,3,ok
8590,0,ok
8591,0,ok
8592,0,ok
8593,43690,ok
8594,43690,ok
8595,43690,ok
8596,43690,ok
8597,3,ok
8598,0,ok
8599,0,ok
8600,0,ok
8601,43690,ok
8602,43690,ok
8603,43690,ok
8604,43690,ok
8605,0,ok
8606,0,ok
8607,0,ok
8608,0,ok
8609,43690,ok
8610,43690,ok
8611,43690,ok
8612,43690,ok
8613,0,ok
8614,0,ok
8615,0,ok
8616,0,ok
8617,43690,ok
8618,43690,ok
8619,43690,ok
8620,43690,ok
8621,0,ok
8622,0,ok
8623,0,ok
8624,0,ok
8625,43690,ok
8626,43690,ok
8627,43690,ok
8628,43690,ok
8629,0,ok
8630,0,ok
8631,0,ok
8632,0,ok
8633,43690,ok
8634,43690,ok
8635,43690,ok
8636,43690,ok
8637,0,ok
8638,0,ok
8639,0,ok
8640,0,ok
8641,43690,ok
8642,43690,ok
8643,43690,ok
8644,43690,ok
8645,0,ok
8646,0,ok
8647,0,ok
8648,0,ok
8649,43690,ok
8650,43690,ok
8651,43690,ok
8652,43690,ok
8653,0,ok
8654,0,ok
8655,0,ok
8656,0,ok
8657,43690,ok
8658,43690,ok
8659,43690,ok
8660,43690,ok
8661,0,ok
8662,0,ok
8663,0,ok
8664,0,ok
8665,43690,ok
8666,43690,ok
8667,43690,ok
8668,43690,ok
8669,0,ok
8670,0,ok
8671,0,ok
8672,0,ok
8673,43690,ok
8674,43690,ok
8675,43690,ok
8676,43690,ok
8677,0,ok
8678,0,ok
8679,0,ok
8680,0,ok
8681,43690,ok
8682,43690,ok
8683,43690,ok
8684,43690,ok
8685,0,ok
8686,0,ok
8687,0,ok
8688,0,ok
8689,43690,ok
8690,43690,ok
8691,43690,ok
8692,43690,ok
8693,0,ok
8694,0,ok
8695,0,ok
8696,0,ok
8697,43690,ok
8698,43690,ok
8699,43690,ok
8700,8800,ok
8701,0,ok
8702,65521,ok
8703,65535,ok
8704,65535,ok
8705,43690,ok
8706,43690,ok
8707,43690,ok
8708,43690,ok
8709,3,ok
8710,0,ok
8711,0,ok
8712,0,ok
8713,43690,ok
8714,43690,ok
8715,43690,ok
8716,43690,ok
8717,3,ok
8718,0,ok
8719,0,ok
8720,0,ok
8721,43690,ok
8722,43690,ok
8723,43690,ok
8724,43690,ok
8725,3,ok
8726,0,ok
8727,0,ok
8728,0,ok
8729,43690,ok
8730,43690,ok
8731,43690,ok
8732,43690,ok
8733,3,ok
8734,0,ok
8735,0,ok
8736,0,ok
8737,43690,ok
8738,43690,ok
8739,43690,ok
8740,43690,ok
8741,3,ok
8742,0,ok
8743,0,ok
8744,0,ok
8745,43690,ok
8746,43690,ok
8747,43690,ok
8748,43690,ok
8749,3,ok
8750,0,ok
8751,0,ok
8752,0,ok
8753,43690,ok
8754,43690,ok
8755,43690,ok
8756,43690,ok
8757,3,ok
8758,0,ok
8759,0,ok
8760,0,ok
8761,1945,ok
8762,1945,ok
8763,43690,ok
8764,43690,ok
8765,43690,ok
8766,43690,ok
8767,3,ok
8768,0,ok
8769,0,ok
8770,0,ok
8771,43690,ok
8772,43690,ok
8773,43690,ok
8774,43690,ok
8775,3,ok
8776,0,ok
8777,0,ok
8778,0,ok
8779,43690,ok
8780,43690,ok
8781,43690,ok
8782,43690,ok
8783,3,ok
8784,0,ok
8785,0,ok
8786,0,ok
8787,43690,ok
8788,43690,ok
8789,43690,ok
8790,43690,ok
8791,3,ok
8792,0,ok
8793,0,ok
8794,0,ok
8795,43690,ok
8796,43690,ok
8797,43690,ok
8798,43690,ok
8799,3,ok
8800,8900,ok
8801,0,ok
8802,0,ok
8803,43690,ok
8804,43690,ok
8805,43690,ok
8806,43690,ok
8807,3,ok
8808,0,ok
8809,0,ok
8810,0,ok
8811,43690,ok
8812,43690,ok
8813,43690,ok
8814,43690,ok
8815,3,ok
8816,0,ok
8817,0,ok
8818,0,ok
8819,43690,ok
8820,43690,ok
8821,43690,ok
8822,43690,ok
8823,3,ok
8824,0,ok
8825,0,ok
8826,0,ok
8827,43690,ok
8828,43690,ok
8829,43690,ok
8830,43690,ok
8831,3,ok
8832,0,ok
8833,0,ok
8834,0,ok
8835,43690,ok
8836,43690,ok
8837,43690,ok
8838,43690,ok
8839,3,ok
8840,0,ok
8841,0,ok
8842,0,ok
8843,43690,ok
8844,43690,ok
8845,43690,ok
8846,43690,ok
8847,3,ok
8848,0,ok
8849,0,ok
8850,0,ok
8851,43690,ok
8852,43690,ok
8853,43690,ok
8854,43690,ok
8855,3,ok
8856,0,ok
8857,0,ok
8858,0,ok
8859,43690,ok
8860,43690,ok
8861,43690,ok
8862,43690,ok
8863,3,ok
8864,0,ok
8865,0,ok
8866,0,ok
8867,43690,ok
8868,43690,ok
8869,43690,ok
8870,43690,ok
8871,3,ok
8872,0,ok
8873,0,ok
8874,0,ok
8875,43690,ok
8876,43690,ok
8877,43690,ok
8878,43690,ok
8879,3,ok
8880,0,ok
8881,0,ok
8882,0,ok
8883,43690,ok
8884,43690,ok
8885,43690,ok
8886,43690,ok
8887,3,ok
8888,0,ok
8889,0,ok
8890,0,ok
8891,43690,ok
8892,43690,ok
8893,43690,ok
8894,43690,ok
8895,3,ok
8896,0,ok
8897,0,ok
8898,0,ok
8899,43690,ok
8900,100,ok
8901,0,ok
8902,22279,ok
8903,2052,ok
8904,1821,ok
8905,8192,ok
8906,8192,ok
8907,43690,ok
8908,43690,ok
8909,43690,ok
8910,43690,ok
8911,1821,ok
8912,8192,ok
8913,0,ok
8914,0,ok
8915,43690,ok
8916,43690,ok
8917,43690,ok
8918,43690,ok
8919,1821,ok
8920,8192,ok
8921,0,ok
8922,0,ok
8923,43690,ok
8924,43690,ok
8925,43690,ok
8926,43690,ok
8927,1821,ok
8928,8192,ok
8929,0,ok
8930,0,ok
8931,43690,ok
8932,43690,ok
8933,43690,ok
8934,43690,ok
8935,1821,ok
8936,8192,ok
8937,0,ok
8938,0,ok
8939,43690,ok
8940,43690,ok
8941,43690,ok
8942,43690,ok
8943,1821,ok
8944,8192,ok
8945,0,ok
8946,0,ok
8947,43690,ok
8948,43690,ok
8949,43690,ok
8950,43690,ok
8951,1821,ok
8952,8192,ok
8953,0,ok
8954,0,ok
8955,43690,ok
8956,43690,ok
8957,43690,ok
8958,43690,ok
8959,1821,ok
8960,8192,ok
8961,0,ok
8962,0,ok
8963,43690,ok
8964,43690,ok
8965,43690,ok
8966,43690,ok
8967,1821,ok
8968,8192,ok
8969,0,ok
8970,0,ok
8971,43690,ok
8972,43690,ok
8973,43690,ok
8974,43690,ok
8975,1821,ok
8976,8192,ok
8977,0,ok
8978,0,ok
8979,43690,ok
8980,43690,ok
8981,43690,ok
8982,43690,ok
8983,1821,ok
8984,8192,ok
8985,0,ok
8986,0,ok
8987,43690,ok
8988,43690,ok
8989,43690,ok
8990,43690,ok
8991,1821,ok
8992,8192,ok
8993,0,ok
8994,0,ok
8995,43690,ok
8996,43690,ok
8997,43690,ok
8998,43690,ok
8999,1821,ok
9000,100,ok
9001,0,ok
9002,0,ok
9003,43690,ok
9004,43690,ok
9005,43690,ok
9006,43690,ok
9007,9100,ok
9008,0,ok
9009,0,ok
9010,0,ok
9011,43690,ok
9012,43690,ok
9013,43690,ok
9014,43690,ok
9015,9100,ok
9016,0,ok
9017,0,ok
9018,0,ok
9019,43690,ok
9020,43690,ok
9021,43690,ok
9022,43690,ok
9023,9100,ok
9024,0,ok
9025,0,ok
9026,0,ok
9027,43690,ok
9028,43690,ok
9029,43690,ok
9030,43690,ok
9031,9100,ok
9032,0,ok
9033,0,ok
9034,0,ok
9035,43690,ok
9036,43690,ok
9037,43690,ok
9038,43690,ok
9039,9100,ok
9040,0,ok
9041,0,ok
9042,0,ok
9043,43690,ok
9044,43690,ok
9045,43690,ok
9046,43690,ok
9047,9100,ok
9048,0,ok
9049,0,ok
9050,0,ok
9051,1945,ok
9052,1945,ok
9053,0,ok
9054,0,ok
9055,0,ok
9056,0,ok
9057,9100,ok
9058,0,ok
9059,0,ok
9060,0,ok
9061,0,ok
9062,0,ok
9063,0,ok
9064,0,ok
9065,9100,ok
9066,0,ok
9067,0,ok
9068,0,ok
9069,0,ok
9070,0,ok
9071,0,ok
9072,0,ok
9073,9100,ok
9074,0,ok
9075,0,ok
9076,0,ok
9077,0,ok
9078,0,ok
9079,0,ok
9080,0,ok
9081,9100,ok
9082,0,ok
9083,0,ok
9084,0,ok
9085,0,ok
9086,0,ok
9087,0,ok
9088,0,ok
9089,9100,ok
9090,0,ok
9091,0,ok
9092,0,ok
9093,0,ok
9094,0,ok
9095,0,ok
9096,0,ok
9097,9100,ok
9098,0,ok
9099,0,ok
9100,0,ok
9101,0,ok
9102,0,ok
9103,0,ok
9104,0,ok
9105,8799,ok
9106,0,ok
9107,0,ok
9108,0,ok
9109,0,ok
9110,0,ok
9111,0,ok
9112,0,ok
9113,8799,ok
9114,0,ok
9115,0,ok
9116,0,ok
9117,2816,ok
9118,0,ok
9119,0,ok
9120,0,ok
9121,8799,ok
9122,0,ok
9123,0,ok
9124,0,ok
9125,0,ok
9126,0,ok
9127,0,ok
9128,0,ok
9129,8799,ok
9130,0,ok
9131,0,ok
9132,0,ok
9133,0,ok
9134,0,ok
9135,0,ok
9136,0,ok
9137,8799,ok
9138,0,ok
9139,0,ok
9140,0,ok
9141,0,ok
9142,0,ok
9143,0,ok
9144,0,ok
9145,8799,ok
9146,0,ok
9147,0,ok
9148,0,ok
9149,0,ok
9150,0,ok
9151,0,ok
9152,0,ok
9153,8799,ok
9154,0,ok
9155,0,ok
9156,0,ok
9157,0,ok
9158,0,ok
9159,0,ok
9160,0,ok
9161,8799,ok
9162,0,ok
9163,0,ok
9164,0,ok
9165,0,ok
9166,0,ok
9167,0,ok
9168,0,ok
9169,8799,ok
9170,0,ok
9171,0,ok
9172,0,ok
9173,0,ok
9174,0,ok
9175,0,ok
9176,0,ok
9177,8799,ok
9178,0,ok
9179,0,ok
9180,0,ok
9181,0,ok
9182,0,ok
9183,0,ok
9184,0,ok
9185,8799,ok
9186,0,ok
9187,0,ok
9188,0,ok
9189,0,ok
9190,0,ok
9191,0,ok
9192,0,ok
9193,8799,ok
9194,0,ok
9195,0,ok
9196,0,ok
9197,0,ok
9198,0,ok
9199,0,ok
9200,100,ok
9201,0,ok
9202,22279,ok
9203,2052,ok
9204,2052,ok
9205,0,ok
9206,0,ok
9207,0,ok
9208,0,ok
9209,6440,ok
9210,8193,ok
9211,0,ok
9212,0,ok
9213,0,ok
9214,0,ok
9215,0,ok
9216,0,ok
9217,6440,ok
9218,8193,ok
9219,0,ok
9220,0,ok
9221,0,ok
9222,0,ok
9223,0,ok
9224,0,ok
9225,6440,ok
9226,8193,ok
9227,0,ok
9228,0,ok
9229,0,ok
9230,0,ok
9231,0,ok
9232,0,ok
9233,6440,ok
9234,8193,ok
9235,0,ok
9236,0,ok
9237,0,ok
9238,0,ok
9239,0,ok
9240,0,ok
9241,6440,ok
9242,8193,ok
9243,0,ok
9244,0,ok
9245,0,ok
9246,0,ok
9247,0,ok
9248,0,ok
9249,6440,ok
9250,8193,ok
9251,0,ok
9252,0,ok
9253,0,ok
9254,0,ok
9255,0,ok
9256,0,ok
9257,6440,ok
9258,8193,ok
9259,0,ok
9260,0,ok
9261,0,ok
9262,0,ok
9263,0,ok
9264,0,ok
9265,6440,ok
9266,8193,ok
9267,0,ok
9268,0,ok
9269,0,ok
9270,0,ok
9271,0,ok
9272,0,ok
9273,6440,ok
9274,8193,ok
9275,0,ok
9276,0,ok
9277,0,ok
9278,0,ok
9279,0,ok
9280,0,ok
9281,6440,ok
9282,8193,ok
9283,0,ok
9284,0,ok
9285,0,ok
9286,0,ok
9287,0,ok
9288,0,ok
9289,6440,ok
9290,8193,ok
9291,0,ok
9292,0,ok
9293,0,ok
9294,0,ok
9295,0,ok
9296,0,ok
9297,6440,ok
9298,8193,ok
9299,0,ok
9300,0,ok
9301,0,ok
9302,0,ok
9303,0,ok
9304,0,ok
9305,1868,ok
9306,8192,ok
9307,0,ok
9308,0,ok
9309,0,ok
9310,0,ok
9311,0,ok
9312,0,ok
9313,1868,ok
9314,8192,ok
9315,0,ok
9316,0,ok
9317,0,ok
9318,0,ok
9319,0,ok
9320,0,ok
9321,1868,ok
9322,8192,ok
9323,0,ok
9324,0,ok
9325,0,ok
9326,0,ok
9327,0,ok
9328,0,ok
9329,1868,ok
9330,8192,ok
9331,0,ok
9332,0,ok
9333,0,ok
9334,0,ok
9335,0,ok
9336,0,ok
9337,1868,ok
9338,8192,ok
9339,0,ok
9340,0,ok
9341,1945,ok
9342,1945,ok
9343,2091,ok
9344,11198,ok
9345,48825,ok
9346,47444,ok
9347,1868,ok
9348,8192,ok
9349,0,ok
9350,0,ok
9351,7463,ok
9352,10020,ok
9353,9448,ok
9354,59402,ok
9355,1868,ok
9356,8192,ok
9357,0,ok
9358,0,ok
9359,26271,ok
9360,40744,ok
9361,10452,ok
9362,54338,ok
9363,1868,ok
9364,8192,ok
9365,0,ok
9366,0,ok
9367,48016,ok
9368,36873,ok
9369,2523,ok
9370,56274,ok
9371,1868,ok
9372,8192,ok
9373,0,ok
9374,0,ok
9375,54964,ok
9376,46084,ok
9377,1263,ok
9378,61418,ok
9379,1868,ok
9380,8192,ok
9381,0,ok
9382,0,ok
9383,40002,ok
9384,17028,ok
9385,33987,ok
9386,50145,ok
9387,1868,ok
9388,8192,ok
9389,0,ok
9390,0,ok
9391,13076,ok
9392,5326,ok
9393,52902,ok
9394,42685,ok
9395,1868,ok
9396,8192,ok
9397,0,ok
9398,0,ok
9399,56657,ok
9400,9500,ok
9401,0,ok
9402,65521,ok
9403,65535,ok
9404,3,ok
9405,0,ok
9406,0,ok
9407,16792,ok
9408,38919,ok
9409,2007,ok
9410,55103,ok
9411,3,ok
9412,0,ok
9413,0,ok
9414,0,ok
9415,40538,ok
9416,23221,ok
9417,46376,ok
9418,10413,ok
9419,3,ok
9420,0,ok
9421,0,ok
9422,0,ok
9423,11496,ok
9424,59415,ok
9425,5908,ok
9426,5214,ok
9427,3,ok
9428,0,ok
9429,0,ok
9430,0,ok
9431,45809,ok
9432,61902,ok
9433,52739,ok
9434,1003,ok
9435,3,ok
9436,0,ok
9437,0,ok
9438,0,ok
9439,46670,ok
9440,19969,ok
9441,270,ok
9442,3782,ok
9443,3,ok
9444,0,ok
9445,0,ok
9446,0,ok
9447,58161,ok
9448,12704,ok
9449,40974,ok
9450,3822,ok
9451,3,ok
9452,0,ok
9453,0,ok
9454,0,ok
9455,42131,ok
9456,37775,ok
9457,36685,ok
9458,19917,ok
9459,3,ok
9460,0,ok
9461,0,ok
9462,0,ok
9463,64284,ok
9464,7365,ok
9465,50486,ok
9466,13833,ok
9467,3,ok
9468,0,ok
9469,0,ok
9470,0,ok
9471,7277,ok
9472,28019,ok
9473,29493,ok
9474,13694,ok
9475,3,ok
9476,0,ok
9477,0,ok
9478,0,ok
9479,53120,ok
9480,32900,ok
9481,33890,ok
9482,25091,ok
9483,3,ok
9484,0,ok
9485,0,ok
9486,0,ok
9487,43365,ok
9488,25922,ok
9489,17103,ok
9490,53128,ok
9491,3,ok
9492,0,ok
9493,0,ok
9494,0,ok
9495,28305,ok
9496,37167,ok
9497,12259,ok
9498,58320,ok
9499,3,ok
9500,9600,ok
9501,0,ok
9502,0,ok
9503,22413,ok
9504,36297,ok
9505,51491,ok
9506,9003,ok
9507,8799,ok
9508,0,ok
9509,0,ok
9510,0,ok
9511,63819,ok
9512,19375,ok
9513,44820,ok
9514,5277,ok
9515,8799,ok
9516,0,ok
9517,0,ok
9518,0,ok
9519,45845,ok
9520,5578,ok
9521,51860,ok
9522,37969,ok
9523,8799,ok
9524,0,ok
9525,0,ok
9526,0,ok
9527,16037,ok
9528,42398,ok
9529,40648,ok
9530,51304,ok
9531,8799,ok
9532,0,ok
9533,0,ok
9534,0,ok
9535,10323,ok
9536,21308,ok
9537,15483,ok
9538,31558,ok
9539,8799,ok
9540,0,ok
9541,0,ok
9542,0,ok
9543,43402,ok
9544,35346,ok
9545,4672,ok
9546,16593,ok
9547,8799,ok
9548,0,ok
9549,0,ok
9550,0,ok
9551,44427,ok
9552,35600,ok
9553,4318,ok
9554,57050,ok
9555,8799,ok
9556,0,ok
9557,0,ok
9558,0,ok
9559,56199,ok
9560,34609,ok
9561,12591,ok
9562,12107,ok
9563,8799,ok
9564,0,ok
9565,0,ok
9566,0,ok
9567,34422,ok
9568,30445,ok
9569,60691,ok
9570,5077,ok
9571,8799,ok
9572,0,ok
9573,0,ok
9574,0,ok
9575,47854,ok
9576,60995,ok
9577,17219,ok
9578,17185,ok
9579,8799,ok
9580,0,ok
9581,0,ok
9582,0,ok
9583,60599,ok
9584,47073,ok
9585,57686,ok
9586,22203,ok
9587,8799,ok
9588,0,ok
9589,0,ok
9590,0,ok
9591,63082,ok
9592,27390,ok
9593,65148,ok
9594,31813,ok
9595,8799,ok
9596,0,ok
9597,0,ok
9598,0,ok
9599,52424,ok
9600,100,ok
9601,0,ok
9602,22279,ok
9603,2052,ok
9604,1708,ok
9605,8192,ok
9606,8192,ok
9607,47835,ok
9608,56281,ok
9609,55656,ok
9610,26769,ok
9611,1708,ok
9612,8192,ok
9613,0,ok
9614,0,ok
9615,62439,ok
9616,59292,ok
9617,39976,ok
9618,10349,ok
9619,1708,ok
9620,8192,ok
9621,0,ok
9622,0,ok
9623,34329,ok
9624,6484,ok
9625,21570,ok
9626,16991,ok
9627,1708,ok
9628,8192,ok
9629,0,ok
9630,0,ok
9631,1945,ok
9632,1945,ok
9633,43690,ok
9634,43690,ok
9635,43690,ok
9636,43690,ok
9637,1708,ok
9638,8192,ok
9639,0,ok
9640,0,ok
9641,43690,ok
9642,43690,ok
9643,43690,ok
9644,43690,ok
9645,1708,ok
9646,8192,ok
9647,0,ok
9648,0,ok
9649,43690,ok
9650,43690,ok
9651,43690,ok
9652,43690,ok
9653,1708,ok
9654,8192,ok
9655,0,ok
9656,0,ok
9657,43690,ok
9658,43690,ok
9659,43690,ok
9660,43690,ok
9661,1708,ok
9662,8192,ok
9663,0,ok
9664,0,ok
9665,43690,ok
9666,43690,ok
9667,43690,ok
9668,43690,ok
9669,1708,ok
9670,8192,ok
9671,0,ok
9672,0,ok
9673,43690,ok
9674,43690,ok
9675,43690,ok
9676,43690,ok
9677,1708,ok
9678,8192,ok
9679,0,ok
9680,0,ok
9681,43690,ok
9682,43690,ok
9683,43690,ok
9684,43690,ok
9685,1708,ok
9686,8192,ok
9687,0,ok
9688,0,ok
9689,43690,ok
9690,43690,ok
9691,43690,ok
9692,43690,ok
9693,1708,ok
9694,8192,ok
9695,0,ok
9696,0,ok
9697,43690,ok
9698,43690,ok
9699,43690,ok
9700,100,ok
9701,0,ok
9702,22279,ok
9703,2052,ok
9704,2052,ok
9705,43690,ok
9706,43690,ok
9707,43690,ok
9708,43690,ok
9709,1946,ok
9710,8192,ok
9711,0,ok
9712,0,ok
9713,43690,ok
9714,43690,ok
9715,43690,ok
9716,43690,ok
9717,1946,ok
9718,8192,ok
9719,0,ok
9720,0,ok
9721,43690,ok
9722,43690,ok
9723,43690,ok
9724,43690,ok
9725,1946,ok
9726,8192,ok
9727,0,ok
9728,0,ok
9729,43690,ok
9730,43690,ok
9731,43690,ok
9732,43690,ok
9733,1946,ok
9734,8192,ok
9735,0,ok
9736,0,ok
9737,43690,ok
9738,43690,ok
9739,43690,ok
9740,43690,ok
9741,1946,ok
9742,8192,ok
9743,0,ok
9744,0,ok
9745,43690,ok
9746,43690,ok
9747,43690,ok
9748,43690,ok
9749,1946,ok
9750,8192,ok
9751,0,ok
9752,0,ok
9753,43690,ok
9754,43690,ok
9755,43690,ok
9756,43690,ok
9757,1946,ok
9758,8192,ok
9759,0,ok
9760,0,ok
9761,43690,ok
9762,43690,ok
9763,43690,ok
9764,43690,ok
9765,1946,ok
9766,8192,ok
9767,0,ok
9768,0,ok
9769,43690,ok
9770,43690,ok
9771,43690,ok
9772,43690,ok
9773,1946,ok
9774,8192,ok
9775,0,ok
9776,0,ok
9777,43690,ok
9778,43690,ok
9779,43690,ok
9780,43690,ok
9781,1946,ok
9782,8192,ok
9783,0,ok
9784,0,ok
9785,43690,ok
9786,43690,ok
9787,43690,ok
9788,43690,ok
9789,1946,ok
9790,8192,ok
9791,0,ok
9792,0,ok
9793,43690,ok
9794,43690,ok
9795,43690,ok
9796,43690,ok
9797,1946,ok
9798,8192,ok
9799,0,ok
9800,0,ok
9801,43690,ok
9802,43690,ok
9803,43690,ok
9804,43690,ok
9805,3,ok
9806,0,ok
9807,0,ok
9808,0,ok
9809,43690,ok
9810,43690,ok
9811,43690,ok
9812,43690,ok
9813,3,ok
9814,0,ok
9815,0,ok
9816,0,ok
9817,43690,ok
9818,43690,ok
9819,43690,ok
9820,43690,ok
9821,3,ok
9822,0,ok
9823,0,ok
9824,0,ok
9825,43690,ok
9826,43690,ok
9827,43690,ok
9828,43690,ok
9829,3,ok
9830,0,ok
9831,0,ok
9832,0,ok
9833,43690,ok
9834,43690,ok
9835,43690,ok
9836,43690,ok
9837,3,ok
9838,0,ok
9839,0,ok
9840,0,ok
9841,43690,ok
9842,43690,ok
9843,43690,ok
9844,43690,ok
9845,3,ok
9846,0,ok
9847,0,ok
9848,0,ok
9849,43690,ok
9850,43690,ok
9851,43690,ok
9852,43690,ok
9853,3,ok
9854,0,ok
9855,0,ok
9856,0,ok
9857,43690,ok
9858,43690,ok
9859,43690,ok
9860,43690,ok
9861,3,ok
9862,0,ok
9863,0,ok
9864,0,ok
9865,43690,ok
9866,43690,ok
9867,43690,ok
9868,43690,ok
9869,3,ok
9870,0,ok
9871,0,ok
9872,0,ok
9873,43690,ok
9874,43690,ok
9875,43690,ok
9876,43690,ok
9877,3,ok
9878,0,ok
9879,0,ok
9880,0,ok
9881,43690,ok
9882,43690,ok
9883,43690,ok
9884,43690,ok
9885,3,ok
9886,0,ok
9887,0,ok
9888,0,ok
9889,43690,ok
9890,43690,ok
9891,43690,ok
9892,43690,ok
9893,3,ok
9894,0,ok
9895,0,ok
9896,0,ok
9897,43690,ok
9898,43690,ok
9899,43690,ok
9900,10000,ok
9901,0,ok
9902,65521,ok
9903,65535,ok
9904,65535,ok
9905,43690,ok
9906,43690,ok
9907,43690,ok
9908,43690,ok
9909,3,ok
9910,0,ok
9911,0,ok
9912,0,ok
9913,43690,ok
9914,43690,ok
9915,43690,ok
9916,43690,ok
9917,3,ok
9918,0,ok
9919,0,ok
9920,0,ok
9921,1945,ok
9922,1945,ok
9923,43690,ok
9924,43690,ok
9925,43690,ok
9926,43690,ok
9927,3,ok
9928,0,ok
9929,0,ok
9930,0,ok
9931,43690,ok
9932,43690,ok
9933,43690,ok
9934,43690,ok
9935,3,ok
9936,0,ok
9937,0,ok
9938,0,ok
9939,43690,ok
9940,43690,ok
9941,43690,ok
9942,43690,ok
9943,3,ok
9944,0,ok
9945,0,ok
9946,0,ok
9947,43690,ok
9948,43690,ok
9949,43690,ok
9950,43690,ok
9951,3,ok
9952,0,ok
9953,0,ok
9954,0,ok
9955,43690,ok
9956,43690,ok
9957,43690,ok
9958,43690,ok
9959,3,ok
9960,0,ok
9961,0,ok
9962,0,ok
9963,43690,ok
9964,43690,ok
9965,43690,ok
9966,43690,ok
9967,3,ok
9968,0,ok
9969,0,ok
9970,0,ok
9971,43690,ok
9972,43690,ok
9973,43690,ok
9974,43690,ok
9975,3,ok
9976,0,ok
9977,0,ok
9978,0,ok
9979,43690,ok
9980,43690,ok
9981,43690,ok
9982,43690,ok
9983,3,ok
9984,0,ok
9985,0,ok
9986,0,ok
9987,43690,ok
9988,43690,ok
9989,43690,ok
9990,43690,ok
9991,3,ok
9992,0,ok
9993,0,ok
9994,0,ok
9995,43690,ok
9996,43690,ok
9997,43690,ok
9998,43690,ok
9999,3,ok
10000,10100,ok
10001,0,ok
10002,0,ok
10003,43690,ok
10004,43690,ok
10005,43690,ok
10006,43690,ok
10007,3,ok
10008,0,ok
10009,0,ok
10010,0,ok
10011,43690,ok
10012,43690,ok
10013,43690,ok
10014,43690,ok
10015,3,ok
10016,0,ok
10017,0,ok
10018,0,ok
10019,43690,ok
10020,43690,ok
10021,43690,ok
10022,43690,ok
10023,3,ok
10024,0,ok
10025,0,ok
10026,0,ok
10027,43690,ok
10028,43690,ok
10029,43690,ok
10030,43690,ok
10031,3,ok
10032,0,ok
10033,0,ok
10034,0,ok
10035,43690,ok
10036,43690,ok
10037,43690,ok
10038,43690,ok
10039,3,ok
10040,0,ok
10041,0,ok
10042,0,ok
10043,43690,ok
10044,43690,ok
10045,43690,ok
10046,43690,ok
10047,3,ok
10048,0,ok
10049,0,ok
10050,0,ok
10051,43690,ok
10052,43690,ok
10053,43690,ok
10054,43690,ok
10055,3,ok
10056,0,ok
10057,0,ok
10058,0,ok
10059,43690,ok
10060,43690,ok
10061,43690,ok
10062,43690,ok
10063,3,ok
10064,0,ok
10065,0,ok
10066,0,ok
10067,43690,ok
10068,43690,ok
10069,43690,ok
10070,43690,ok
10071,3,ok
10072,0,ok
10073,0,ok
10074,0,ok
10075,43690,ok
10076,43690,ok
10077,43690,ok
10078,43690,ok
10079,3,ok
10080,0,ok
10081,0,ok
10082,0,ok
10083,43690,ok
10084,43690,ok
10085,43690,ok
10086,43690,ok
10087,3,ok
10088,0,ok
10089,0,ok
10090,0,ok
10091,43690,ok
10092,43690,ok
10093,43690,ok
10094,43690,ok
10095,3,ok
10096,0,ok
10097,0,ok
10098,0,ok
10099,43690,ok
10100,10200,ok
10101,0,ok
10102,65521,ok
10103,65535,ok
10104,3,ok
10105,0,ok
10106,0,ok
10107,43690,ok
10108,43690,ok
10109,43690,ok
10110,43690,ok
10111,3,ok
10112,0,ok
10113,0,ok
10114,0,ok
10115,43690,ok
10116,43690,ok
10117,43690,ok
10118,43690,ok
10119,3,ok
10120,0,ok
10121,0,ok
10122,0,ok
10123,43690,ok
10124,43690,ok
10125,43690,ok
10126,43690,ok
10127,3,ok
10128,0,ok
10129,0,ok
10130,0,ok
10131,43690,ok
10132,43690,ok
10133,43690,ok
10134,43690,ok
10135,3,ok
10136,0,ok
10137,0,ok
10138,0,ok
10139,43690,ok
10140,43690,ok
10141,43690,ok
10142,43690,ok
10143,3,ok
10144,0,ok
10145,0,ok
10146,0,ok
10147,43690,ok
10148,43690,ok
10149,43690,ok
10150,43690,ok
10151,3,ok
10152,0,ok
10153,0,ok
10154,0,ok
10155,43690,ok
10156,43690,ok
10157,43690,ok
10158,43690,ok
10159,3,ok
10160,0,ok
10161,0,ok
10162,0,ok
10163,43690,ok
10164,43690,ok
10165,43690,ok
10166,43690,ok
10167,3,ok
10168,0,ok
10169,0,ok
10170,0,ok
10171,43690,ok
10172,43690,ok
10173,43690,ok
10174,43690,ok
10175,3,ok
10176,0,ok
10177,0,ok
10178,0,ok
10179,43690,ok
10180,43690,ok
10181,43690,ok
10182,43690,ok
10183,3,ok
10184,0,ok
10185,0,ok
10186,0,ok
10187,43690,ok
10188,43690,ok
10189,43690,ok
10190,43690,ok
10191,3,ok
10192,0,ok
10193,0,ok
10194,0,ok
10195,43690,ok
10196,43690,ok
10197,43690,ok
10198,43690,ok
10199,3,ok
10200,100,ok
10201,0,ok
10202,0,ok
10203,43690,ok
10204,43690,ok
10205,43690,ok
10206,43690,ok
10207,1906,ok
10208,8192,ok
10209,0,ok
10210,0,ok
10211,1945,ok
10212,1945,ok
10213,43690,ok
10214,43690,ok
10215,43690,ok
10216,43690,ok
10217,1906,ok
10218,8192,ok
10219,0,ok
10220,0,ok
10221,43690,ok
10222,43690,ok
10223,43690,ok
10224,43690,ok
10225,1906,ok
10226,8192,ok
10227,0,ok
10228,0,ok
10229,43690,ok
10230,43690,ok
10231,43690,ok
10232,43690,ok
10233,1906,ok
10234,8192,ok
10235,0,ok
10236,0,ok
10237,43690,ok
10238,43690,ok
10239,43690,ok
10240,43690,ok
10241,1906,ok
10242,8192,ok
10243,0,ok
10244,0,ok
10245,43690,ok
10246,43690,ok
10247,43690,ok
10248,43690,ok
10249,1906,ok
10250,8192,ok
10251,0,ok
10252,0,ok
10253,43690,ok
10254,43690,ok
10255,43690,ok
10256,43690,ok
10257,1906,ok
10258,8192,ok
10259,0,ok
10260,0,ok
10261,43690,ok
10262,43690,ok
10263,43690,ok
10264,43690,ok
10265,1906,ok
10266,8192,ok
10267,0,ok
10268,0,ok
10269,43690,ok
10270,43690,ok
10271,43690,ok
10272,43690,ok
10273,1906,ok
10274,8192,ok
10275,0,ok
10276,0,ok
10277,43690,ok
10278,43690,ok
10279,43690,ok
10280,43690,ok
10281,1906,ok
10282,8192,ok
10283,0,ok
10284,0,ok
10285,43690,ok
10286,43690,ok
10287,43690,ok
10288,43690,ok
10289,1906,ok
10290,8192,ok
10291,0,ok
10292,0,ok
10293,43690,ok
10294,43690,ok
10295,43690,ok
10296,43690,ok
10297,1906,ok
10298,8192,ok
10299,0,ok
10300,0,ok
10301,43690,ok
10302,43690,ok
10303,43690,ok
10304,43690,ok
10305,1854,ok
10306,8192,ok
10307,0,ok
10308,0,ok
10309,43690,ok
10310,43690,ok
10311,43690,ok
10312,43690,ok
10313,1854,ok
10314,8192,ok
10315,0,ok
10316,0,ok
10317,43690,ok
10318,43690,ok
10319,43690,ok
10320,43690,ok
10321,1854,ok
10322,8192,ok
10323,0,ok
10324,0,ok
10325,43690,ok
10326,43690,ok
10327,43690,ok
10328,43690,ok
10329,1854,ok
10330,8192,ok
10331,0,ok
10332,0,ok
10333,43690,ok
10334,43690,ok
10335,43690,ok
10336,43690,ok
10337,1854,ok
10338,8192,ok
10339,0,ok
10340,0,ok
10341,43690,ok
10342,43690,ok
10343,43690,ok
10344,43690,ok
10345,1854,ok
10346,8192,ok
10347,0,ok
10348,0,ok
10349,43690,ok
10350,43690,ok
10351,43690,ok
10352,43690,ok
10353,1854,ok
10354,8192,ok
10355,0,ok
10356,0,ok
10357,43690,ok
10358,43690,ok
10359,43690,ok
10360,43690,ok
10361,1854,ok
10362,8192,ok
10363,0,ok
10364,0,ok
10365,43690,ok
10366,43690,ok
10367,43690,ok
10368,43690,ok
10369,1854,ok
10370,8192,ok
10371,0,ok
10372,0,ok
10373,43690,ok
10374,43690,ok
10375,43690,ok
10376,43690,ok
10377,1854,ok
10378,8192,ok
10379,0,ok
10380,0,ok
10381,43690,ok
10382,43690,ok
10383,43690,ok
10384,43690,ok
10385,1854,ok
10386,8192,ok
10387,0,ok
10388,0,ok
10389,43690,ok
10390,43690,ok
10391,43690,ok
10392,43690,ok
10393,1854,ok
10394,8192,ok
10395,0,ok
10396,0,ok
10397,43690,ok
10398,43690,ok
10399,43690,ok
10400,10500,ok
10401,0,ok
10402,65521,ok
10403,65535,ok
10404,65535,ok
10405,43690,ok
10406,43690,ok
10407,43690,ok
10408,43690,ok
10409,3,ok
10410,0,ok
10411,0,ok
10412,0,ok
10413,43690,ok
10414,43690,ok
10415,43690,ok
10416,43690,ok
10417,3,ok
10418,0,ok
10419,0,ok
10420,0,ok
10421,43690,ok
10422,43690,ok
10423,43690,ok
10424,43690,ok
10425,3,ok
10426,0,ok
10427,0,ok
10428,0,ok
10429,43690,ok
10430,43690,ok
10431,43690,ok
10432,43690,ok
10433,3,ok
10434,0,ok
10435,0,ok
10436,0,ok
10437,43690,ok
10438,43690,ok
10439,43690,ok
10440,43690,ok
10441,3,ok
10442,0,ok
10443,0,ok
10444,0,ok
10445,43690,ok
10446,43690,ok
10447,43690,ok
10448,43690,ok
10449,3,ok
10450,0,ok
10451,0,ok
10452,0,ok
10453,43690,ok
10454,43690,ok
10455,43690,ok
10456,43690,ok
10457,3,ok
10458,0,ok
10459,0,ok
10460,0,ok
10461,43690,ok
10462,43690,ok
10463,43690,ok
10464,43690,ok
10465,3,ok
10466,0,ok
10467,0,ok
10468,0,ok
10469,43690,ok
10470,43690,ok
10471,43690,ok
10472,43690,ok
10473,3,ok
10474,0,ok
10475,0,ok
10476,0,ok
10477,43690,ok
10478,43690,ok
10479,43690,ok
10480,43690,ok
10481,3,ok
10482,0,ok
10483,0,ok
10484,0,ok
10485,43690,ok
10486,43690,ok
10487,43690,ok
10488,43690,ok
10489,3,ok
10490,0,ok
10491,0,ok
10492,0,ok
10493,43690,ok
10494,43690,ok
10495,43690,ok
10496,43690,ok
10497,3,ok
10498,0,ok
10499,0,ok
10500,100,ok
10501,0,ok
10502,0,ok
10503,43690,ok
10504,43690,ok
10505,43690,ok
10506,43690,ok
10507,1747,ok
10508,8192,ok
10509,0,ok
10510,0,ok
10511,43690,ok
10512,43690,ok
10513,43690,ok
10514,43690,ok
10515,1747,ok
10516,8192,ok
10517,0,ok
10518,0,ok
10519,43690,ok
10520,43690,ok
10521,43690,ok
10522,43690,ok
10523,1747,ok
10524,8192,ok
10525,0,ok
10526,0,ok
10527,43690,ok
10528,43690,ok
10529,43690,ok
10530,43690,ok
10531,1747,ok
10532,8192,ok
10533,0,ok
10534,0,ok
10535,43690,ok
10536,43690,ok
10537,43690,ok
10538,43690,ok
10539,1747,ok
10540,8192,ok
10541,0,ok
10542,0,ok
10543,43690,ok
10544,43690,ok
10545,43690,ok
10546,43690,ok
10547,1747,ok
10548,8192,ok
10549,0,ok
10550,0,ok
10551,43690,ok
10552,43690,ok
10553,43690,ok
10554,43690,ok
10555,1747,ok
10556,8192,ok
10557,0,ok
10558,0,ok
10559,43690,ok
10560,43690,ok
10561,43690,ok
10562,43690,ok
10563,1747,ok
10564,8192,ok
10565,0,ok
10566,0,ok
10567,43690,ok
10568,43690,ok
10569,43690,ok
10570,43690,ok
10571,1747,ok
10572,8192,ok
10573,0,ok
10574,0,ok
10575,43690,ok
10576,43690,ok
10577,43690,ok
10578,43690,ok
10579,1747,ok
10580,8192,ok
10581,0,ok
10582,0,ok
10583,43690,ok
10584,43690,ok
10585,43690,ok
10586,43690,ok
10587,1747,ok
10588,8192,ok
10589,0,ok
10590,0,ok
10591,43690,ok
10592,43690,ok
10593,43690,ok
10594,43690,ok
10595,1747,ok
10596,8192,ok
10597,0,ok
10598,0,ok
10599,43690,ok
10600,100,ok
10601,0,ok
10602,22279,ok
10603,2052,ok
10604,1695,ok
10605,8192,ok
10606,8192,ok
10607,43690,ok
10608,43690,ok
10609,43690,ok
10610,43690,ok
10611,1695,ok
10612,8192,ok
10613,0,ok
10614,0,ok
10615,43690,ok
10616,43690,ok
10617,43690,ok
10618,43690,ok
10619,1695,ok
10620,8192,ok
10621,0,ok
10622,0,ok
10623,43690,ok
10624,43690,ok
10625,43690,ok
10626,43690,ok
10627,1695,ok
10628,8192,ok
10629,0,ok
10630,0,ok
10631,43690,ok
10632,43690,ok
10633,43690,ok
10634,43690,ok
10635,1695,ok
10636,8192,ok
10637,0,ok
10638,0,ok
10639,43690,ok
10640,43690,ok
10641,43690,ok
10642,43690,ok
10643,1695,ok
10644,8192,ok
10645,0,ok
10646,0,ok
10647,43690,ok
10648,43690,ok
10649,43690,ok
10650,43690,ok
10651,1695,ok
10652,8192,ok
10653,0,ok
10654,0,ok
10655,43690,ok
10656,43690,ok
10657,43690,ok
10658,43690,ok
10659,1695,ok
10660,8192,ok
10661,0,ok
10662,0,ok
10663,43690,ok
10664,43690,ok
10665,43690,ok
10666,43690,ok
10667,1695,ok
10668,8192,ok
10669,0,ok
10670,0,ok
10671,43690,ok
10672,43690,ok
10673,43690,ok
10674,43690,ok
10675,1695,ok
10676,8192,ok
10677,0,ok
10678,0,ok
10679,43690,ok
10680,43690,ok
10681,43690,ok
10682,43690,ok
10683,1695,ok
10684,8192,ok
10685,0,ok
10686,0,ok
10687,43690,ok
10688,43690,ok
10689,43690,ok
10690,43690,ok
10691,1695,ok
10692,8192,ok
10693,0,ok
10694,0,ok
10695,43690,ok
10696,43690,ok
10697,43690,ok
10698,43690,ok
10699,1695,ok
10700,100,ok
10701,0,ok
10702,0,ok
10703,43690,ok
10704,43690,ok
10705,43690,ok
10706,43690,ok
10707,1946,ok
10708,8192,ok
10709,0,ok
10710,0,ok
10711,43690,ok
10712,43690,ok
10713,43690,ok
10714,43690,ok
10715,1946,ok
10716,8192,ok
10717,0,ok
10718,0,ok
10719,43690,ok
10720,43690,ok
10721,43690,ok
10722,43690,ok
10723,1946,ok
10724,8192,ok
10725,0,ok
10726,0,ok
10727,43690,ok
10728,43690,ok
10729,43690,ok
10730,43690,ok
10731,1946,ok
10732,8192,ok
10733,0,ok
10734,0,ok
10735,43690,ok
10736,43690,ok
10737,43690,ok
10738,43690,ok
10739,1946,ok
10740,8192,ok
10741,0,ok
10742,0,ok
10743,43690,ok
10744,43690,ok
10745,43690,ok
10746,43690,ok
10747,1946,ok
10748,8192,ok
10749,0,ok
10750,0,ok
10751,43690,ok
10752,43690,ok
10753,43690,ok
10754,43690,ok
10755,1946,ok
10756,8192,ok
10757,0,ok
10758,0,ok
10759,43690,ok
10760,43690,ok
10761,43690,ok
10762,43690,ok
10763,1946,ok
10764,8192,ok
10765,0,ok
10766,0,ok
10767,43690,ok
10768,43690,ok
10769,43690,ok
10770,43690,ok
10771,1946,ok
10772,8192,ok
10773,0,ok
10774,0,ok
10775,43690,ok
10776,43690,ok
10777,43690,ok
10778,43690,ok
10779,1946,ok
10780,8192,ok
10781,0,ok
10782,0,ok
10783,43690,ok
10784,43690,ok
10785,43690,ok
10786,43690,ok
10787,1946,ok
10788,8192,ok
10789,0,ok
10790,0,ok
10791,1945,ok
10792,1945,ok
10793,43690,ok
10794,43690,ok
10795,43690,ok
10796,43690,ok
10797,1946,ok
10798,8192,ok
10799,0,ok
10800,0,ok
10801,43690,ok
10802,43690,ok
10803,43690,ok
10804,43690,ok
10805,1847,ok
10806,8192,ok
10807,0,ok
10808,0,ok
10809,43690,ok
10810,43690,ok
10811,43690,ok
10812,43690,ok
10813,1847,ok
10814,8192,ok
10815,0,ok
10816,0,ok
10817,43690,ok
10818,43690,ok
10819,43690,ok
10820,43690,ok
10821,1847,ok
10822,8192,ok
10823,0,ok
10824,0,ok
10825,43690,ok
10826,43690,ok
10827,43690,ok
10828,43690,ok
10829,1847,ok
10830,8192,ok
10831,0,ok
10832,0,ok
10833,43690,ok
10834,43690,ok
10835,43690,ok
10836,43690,ok
10837,1847,ok
10838,8192,ok
10839,0,ok
10840,0,ok
10841,43690,ok
10842,43690,ok
10843,43690,ok
10844,43690,ok
10845,1847,ok
10846,8192,ok
10847,0,ok
10848,0,ok
10849,43690,ok
10850,43690,ok
10851,43690,ok
10852,43690,ok
10853,1847,ok
10854,8192,ok
10855,0,ok
10856,0,ok
10857,43690,ok
10858,43690,ok
10859,43690,ok
10860,43690,ok
10861,1847,ok
10862,8192,ok
10863,0,ok
10864,0,ok
10865,43690,ok
10866,43690,ok
10867,43690,ok
10868,43690,ok
10869,1847,ok
10870,8192,ok
10871,0,ok
10872,0,ok
10873,43690,ok
10874,43690,ok
10875,43690,ok
10876,43690,ok
10877,1847,ok
10878,8192,ok
10879,0,ok
10880,0,ok
10881,43690,ok
10882,43690,ok
10883,43690,ok
10884,43690,ok
10885,1847,ok
10886,8192,ok
10887,0,ok
10888,0,ok
10889,43690,ok
10890,43690,ok
10891,43690,ok
10892,43690,ok
10893,1847,ok
10894,8192,ok
10895,0,ok
10896,0,ok
10897,43690,ok
10898,43690,ok
10899,43690,ok
10900,11000,ok
10901,0,ok
10902,65521,ok
10903,65535,ok
10904,65535,ok
10905,43690,ok
10906,43690,ok
10907,43690,ok
10908,43690,ok
10909,3,ok
10910,0,ok
10911,0,ok
10912,0,ok
10913,43690,ok
10914,43690,ok
10915,43690,ok
10916,43690,ok
10917,3,ok
10918,0,ok
10919,0,ok
10920,0,ok
10921,43690,ok
10922,43690,ok
10923,43690,ok
10924,43690,ok
10925,3,ok
10926,0,ok
10927,0,ok
10928,0,ok
10929,43690,ok
10930,43690,ok
10931,43690,ok
10932,43690,ok
10933,3,ok
10934,0,ok
10935,0,ok
10936,0,ok
10937,43690,ok
10938,43690,ok
10939,43690,ok
10940,43690,ok
10941,3,ok
10942,0,ok
10943,0,ok
10944,0,ok
10945,43690,ok
10946,43690,ok
10947,43690,ok
10948,43690,ok
10949,3,ok
10950,0,ok
10951,0,ok
10952,0,ok
10953,43690,ok
10954,43690,ok
10955,43690,ok
10956,43690,ok
10957,3,ok
10958,0,ok
10959,0,ok
10960,0,ok
10961,43690,ok
10962,43690,ok
10963,43690,ok
10964,43690,ok
10965,3,ok
10966,0,ok
10967,0,ok
10968,0,ok
10969,43690,ok
10970,43690,ok
10971,43690,ok
10972,43690,ok
10973,3,ok
10974,0,ok
10975,0,ok
10976,0,ok
10977,43690,ok
10978,43690,ok
10979,43690,ok
10980,43690,ok
10981,3,ok
10982,0,ok
10983,0,ok
10984,0,ok
10985,43690,ok
10986,43690,ok
10987,43690,ok
10988,43690,ok
10989,3,ok
10990,0,ok
10991,0,ok
10992,0,ok
10993,43690,ok
10994,43690,ok
10995,43690,ok
10996,43690,ok
10997,3,ok
10998,0,ok
10999,0,ok
11000,0,ok
11001,43690,ok
11002,43690,ok
11003,43690,ok
11004,43690,ok
11005,1740,ok
11006,8192,ok
11007,0,ok
11008,0,ok
11009,43690,ok
11010,43690,ok
11011,43690,ok
11012,43690,ok
11013,1740,ok
11014,8192,ok
11015,0,ok
11016,0,ok
11017,43690,ok
11018,43690,ok
11019,43690,ok
11020,43690,ok
11021,1740,ok
11022,8192,ok
11023,0,ok
11024,0,ok
11025,43690,ok
11026,43690,ok
11027,43690,ok
11028,43690,ok
11029,1740,ok
11030,8192,ok
11031,0,ok
11032,0,ok
11033,43690,ok
11034,43690,ok
11035,43690,ok
11036,43690,ok
11037,1740,ok
11038,8192,ok
11039,0,ok
11040,0,ok
11041,43690,ok
11042,43690,ok
11043,43690,ok
11044,43690,ok
11045,1740,ok
11046,8192,ok
11047,0,ok
11048,0,ok
11049,43690,ok
11050,43690,ok
11051,43690,ok
11052,43690,ok
11053,1740,ok
11054,8192,ok
11055,0,ok
11056,0,ok
11057,43690,ok
11058,43690,ok
11059,43690,ok
11060,43690,ok
11061,1740,ok
11062,8192,ok
11063,0,ok
11064,0,ok
11065,43690,ok
11066,43690,ok
11067,43690,ok
11068,43690,ok
11069,1740,ok
11070,8192,ok
11071,0,ok
11072,0,ok
11073,43690,ok
11074,43690,ok
11075,43690,ok
11076,43690,ok
11077,1740,ok
11078,8192,ok
11079,0,ok
11080,0,ok
11081,1945,ok
11082,1945,ok
11083,43690,ok
11084,43690,ok
11085,43690,ok
11086,43690,ok
11087,1740,ok
11088,8192,ok
11089,0,ok
11090,0,ok
11091,43690,ok
11092,43690,ok
11093,43690,ok
11094,43690,ok
11095,1740,ok
11096,8192,ok
11097,0,ok
11098,0,ok
11099,43690,ok
11100,11200,ok
11101,0,ok
11102,65521,ok
11103,65535,ok
11104,3,ok
11105,0,ok
11106,0,ok
11107,43690,ok
11108,43690,ok
11109,43690,ok
11110,43690,ok
11111,3,ok
11112,0,ok
11113,0,ok
11114,0,ok
11115,43690,ok
11116,43690,ok
11117,43690,ok
11118,43690,ok
11119,3,ok
11120,0,ok
11121,0,ok
11122,0,ok
11123,43690,ok
11124,43690,ok
11125,43690,ok
11126,43690,ok
11127,3,ok
11128,0,ok
11129,0,ok
11130,0,ok
11131,43690,ok
11132,43690,ok
11133,43690,ok
11134,43690,ok
11135,3,ok
11136,0,ok
11137,0,ok
11138,0,ok
11139,43690,ok
11140,43690,ok
11141,43690,ok
11142,43690,ok
11143,3,ok
11144,0,ok
11145,0,ok
11146,0,ok
11147,43690,ok
11148,43690,ok
11149,43690,ok
11150,43690,ok
11151,3,ok
11152,0,ok
11153,0,ok
11154,0,ok
11155,43690,ok
11156,43690,ok
11157,43690,ok
11158,43690,ok
11159,3,ok
11160,0,ok
11161,0,ok
11162,0,ok
11163,43690,ok
11164,43690,ok
11165,43690,ok
11166,43690,ok
11167,3,ok
11168,0,ok
11169,0,ok
11170,0,ok
11171,43690,ok
11172,43690,ok
11173,43690,ok
11174,43690,ok
11175,3,ok
11176,0,ok
11177,0,ok
11178,0,ok
11179,43690,ok
11180,43690,ok
11181,43690,ok
11182,43690,ok
11183,3,ok
11184,0,ok
11185,0,ok
11186,0,ok
11187,43690,ok
11188,43690,ok
11189,43690,ok
11190,43690,ok
11191,3,ok
11192,0,ok
11193,0,ok
11194,0,ok
11195,43690,ok
11196,43690,ok
11197,43690,ok
11198,43690,ok
11199,3,ok
11200,100,ok
11201,0,ok
11202,0,ok
11203,43690,ok
11204,43690,ok
11205,43690,ok
11206,43690,ok
11207,1893,ok
11208,8192,ok
11209,0,ok
11210,0,ok
11211,43690,ok
11212,43690,ok
11213,43690,ok
11214,43690,ok
11215,1893,ok
11216,8192,ok
11217,0,ok
11218,0,ok
11219,43690,ok
11220,43690,ok
11221,43690,ok
11222,43690,ok
11223,1893,ok
11224,8192,ok
11225,0,ok
11226,0,ok
11227,43690,ok
11228,43690,ok
11229,43690,ok
11230,43690,ok
11231,1893,ok
11232,8192,ok
11233,0,ok
11234,0,ok
11235,43690,ok
11236,43690,ok
11237,43690,ok
11238,43690,ok
11239,1893,ok
11240,8192,ok
11241,0,ok
11242,0,ok
11243,43690,ok
11244,43690,ok
11245,43690,ok
11246,43690,ok
11247,1893,ok
11248,8192,ok
11249,0,ok
11250,0,ok
11251,43690,ok
11252,43690,ok
11253,43690,ok
11254,43690,ok
11255,1893,ok
11256,8192,ok
11257,0,ok
11258,0,ok
11259,43690,ok
11260,43690,ok
11261,43690,ok
11262,43690,ok
11263,1893,ok
11264,8192,ok
11265,0,ok
11266,0,ok
11267,43690,ok
11268,43690,ok
11269,43690,ok
11270,43690,ok
11271,1893,ok
11272,8192,ok
11273,0,ok
11274,0,ok
11275,43690,ok
11276,43690,ok
11277,43690,ok
11278,43690,ok
11279,1893,ok
11280,8192,ok
11281,0,ok
11282,0,ok
11283,43690,ok
11284,43690,ok
11285,43690,ok
11286,43690,ok
11287,1893,ok
11288,8192,ok
11289,0,ok
11290,0,ok
11291,43690,ok
11292,43690,ok
11293,43690,ok
11294,43690,ok
11295,1893,ok
11296,8192,ok
11297,0,ok
11298,0,ok
11299,43690,ok
11300,100,ok
11301,0,ok
11302,22279,ok
11303,2052,ok
11304,6416,ok
11305,8193,ok
11306,8193,ok
11307,43690,ok
11308,43690,ok
11309,43690,ok
11310,43690,ok
11311,6416,ok
11312,8193,ok
11313,0,ok
11314,0,ok
11315,43690,ok
11316,43690,ok
11317,43690,ok
11318,43690,ok
11319,6416,ok
11320,8193,ok
11321,0,ok
11322,0,ok
11323,43690,ok
11324,43690,ok
11325,43690,ok
11326,43690,ok
11327,6416,ok
11328,8193,ok
11329,0,ok
11330,0,ok
11331,43690,ok
11332,43690,ok
11333,43690,ok
11334,43690,ok
11335,6416,ok
11336,8193,ok
11337,0,ok
11338,0,ok
11339,43690,ok
11340,43690,ok
11341,43690,ok
11342,43690,ok
11343,6416,ok
11344,8193,ok
11345,0,ok
11346,0,ok
11347,43690,ok
11348,43690,ok
11349,43690,ok
11350,43690,ok
11351,6416,ok
11352,8193,ok
11353,0,ok
11354,0,ok
11355,43690,ok
11356,43690,ok
11357,43690,ok
11358,43690,ok
11359,6416,ok
11360,8193,ok
11361,0,ok
11362,0,ok
11363,43690,ok
11364,43690,ok
11365,43690,ok
11366,43690,ok
11367,6416,ok
11368,8193,ok
11369,0,ok
11370,0,ok
11371,1945,ok
11372,1945,ok
11373,43690,ok
11374,43690,ok
11375,43690,ok
11376,43690,ok
11377,6416,ok
11378,8193,ok
11379,0,ok
11380,0,ok
11381,43690,ok
11382,43690,ok
11383,43690,ok
11384,43690,ok
11385,6416,ok
11386,8193,ok
11387,0,ok
11388,0,ok
11389,43690,ok
11390,43690,ok
11391,43690,ok
11392,43690,ok
11393,6416,ok
11394,8193,ok
11395,0,ok
11396,0,ok
11397,43690,ok
11398,43690,ok
11399,43690,ok
11400,11500,ok
11401,0,ok
11402,65521,ok
11403,65535,ok
11404,65535,ok
11405,43690,ok
11406,43690,ok
11407,43690,ok
11408,43690,ok
11409,3,ok
11410,0,ok
11411,0,ok
11412,0,ok
11413,43690,ok
11414,43690,ok
11415,43690,ok
11416,43690,ok
11417,3,ok
11418,0,ok
11419,0,ok
11420,0,ok
11421,43690,ok
11422,43690,ok
11423,43690,ok
11424,43690,ok
11425,3,ok
11426,0,ok
11427,0,ok
11428,0,ok
11429,43690,ok
11430,43690,ok
11431,43690,ok
11432,43690,ok
11433,3,ok
11434,0,ok
11435,0,ok
11436,0,ok
11437,43690,ok
11438,43690,ok
11439,43690,ok
11440,43690,ok
11441,3,ok
11442,0,ok
11443,0,ok
11444,0,ok
11445,43690,ok
11446,43690,ok
11447,43690,ok
11448,43690,ok
11449,3,ok
11450,0,ok
11451,0,ok
11452,0,ok
11453,43690,ok
11454,43690,ok
11455,43690,ok
11456,43690,ok
11457,3,ok
11458,0,ok
11459,0,ok
11460,0,ok
11461,43690,ok
11462,43690,ok
11463,43690,ok
11464,43690,ok
11465,3,ok
11466,0,ok
11467,0,ok
11468,0,ok
11469,43690,ok
11470,43690,ok
11471,43690,ok
11472,43690,ok
11473,3,ok
11474,0,ok
11475,0,ok
11476,0,ok
11477,43690,ok
11478,43690,ok
11479,43690,ok
11480,43690,ok
11481,3,ok
11482,0,ok
11483,0,ok
11484,0,ok
11485,43690,ok
11486,43690,ok
11487,43690,ok
11488,43690,ok
11489,3,ok
11490,0,ok
11491,0,ok
11492,0,ok
11493,43690,ok
11494,43690,ok
11495,43690,ok
11496,43690,ok
11497,3,ok
11498,0,ok
11499,0,ok
11500,0,ok
11501,43690,ok
11502,43690,ok
11503,43690,ok
11504,43690,ok
11505,6440,ok
11506,8193,ok
11507,0,ok
11508,0,ok
11509,43690,ok
11510,43690,ok
11511,43690,ok
11512,43690,ok
11513,6440,ok
11514,8193,ok
11515,0,ok
11516,0,ok
11517,43690,ok
11518,43690,ok
11519,43690,ok
11520,43690,ok
11521,6440,ok
11522,8193,ok
11523,0,ok
11524,0,ok
11525,43690,ok
11526,43690,ok
11527,43690,ok
11528,43690,ok
11529,6440,ok
11530,8193,ok
11531,0,ok
11532,0,ok
11533,43690,ok
11534,43690,ok
11535,43690,ok
11536,43690,ok
11537,6440,ok
11538,8193,ok
11539,0,ok
11540,0,ok
11541,43690,ok
11542,43690,ok
11543,43690,ok
11544,43690,ok
11545,6440,ok
11546,8193,ok
11547,0,ok
11548,0,ok
11549,43690,ok
11550,43690,ok
11551,43690,ok
11552,43690,ok
11553,6440,ok
11554,8193,ok
11555,0,ok
11556,0,ok
11557,43690,ok
11558,43690,ok
11559,43690,ok
11560,43690,ok
11561,6440,ok
11562,8193,ok
11563,0,ok
11564,0,ok
11565,43690,ok
11566,43690,ok
11567,43690,ok
11568,43690,ok
11569,6440,ok
11570,8193,ok
11571,0,ok
11572,0,ok
11573,43690,ok
11574,43690,ok
11575,43690,ok
11576,43690,ok
11577,6440,ok
11578,8193,ok
11579,0,ok
11580,0,ok
11581,43690,ok
11582,43690,ok
11583,43690,ok
11584,43690,ok
11585,6440,ok
11586,8193,ok
11587,0,ok
11588,0,ok
11589,43690,ok
11590,43690,ok
11591,43690,ok
11592,43690,ok
11593,6440,ok
11594,8193,ok
11595,0,ok
11596,0,ok
11597,43690,ok
11598,43690,ok
11599,43690,ok
11600,100,ok
11601,0,ok
11602,22279,ok
11603,2052,ok
11604,2052,ok
11605,43690,ok
11606,43690,ok
11607,43690,ok
11608,43690,ok
11609,8,ok
11610,0,ok
11611,0,ok
11612,0,ok
11613,43690,ok
11614,43690,ok
11615,43690,ok
11616,43690,ok
11617,8,ok
11618,0,ok
11619,0,ok
11620,0,ok
11621,43690,ok
11622,43690,ok
11623,43690,ok
11624,43690,ok
11625,8,ok
11626,0,ok
11627,0,ok
11628,0,ok
11629,43690,ok
11630,43690,ok
11631,43690,ok
11632,43690,ok
11633,8,ok
11634,0,ok
11635,0,ok
11636,0,ok
11637,43690,ok
11638,43690,ok
11639,43690,ok
11640,43690,ok
11641,8,ok
11642,0,ok
11643,0,ok
11644,0,ok
11645,43690,ok
11646,43690,ok
11647,43690,ok
11648,43690,ok
11649,8,ok
11650,0,ok
11651,0,ok
11652,0,ok
11653,43690,ok
11654,43690,ok
11655,43690,ok
11656,43690,ok
11657,8,ok
11658,0,ok
11659,0,ok
11660,0,ok
11661,1945,ok
11662,1945,ok
11663,43690,ok
11664,43690,ok
11665,43690,ok
11666,43690,ok
11667,8,ok
11668,0,ok
11669,0,ok
11670,0,ok
11671,43690,ok
11672,43690,ok
11673,43690,ok
11674,43690,ok
11675,8,ok
11676,0,ok
11677,0,ok
11678,0,ok
11679,43690,ok
11680,43690,ok
11681,43690,ok
11682,43690,ok
11683,8,ok
11684,0,ok
11685,0,ok
11686,0,ok
11687,43690,ok
11688,43690,ok
11689,43690,ok
11690,43690,ok
11691,8,ok
11692,0,ok
11693,0,ok
11694,0,ok
11695,43690,ok
11696,43690,ok
11697,43690,ok
11698,43690,ok
11699,8,ok
11700,100,ok
11701,0,ok
11702,0,ok
11703,43690,ok
11704,43690,ok
11705,43690,ok
11706,43690,ok
11707,1946,ok
11708,8192,ok
11709,0,ok
11710,0,ok
11711,43690,ok
11712,43690,ok
11713,43690,ok
11714,43690,ok
11715,1946,ok
11716,8192,ok
11717,0,ok
11718,0,ok
11719,43690,ok
11720,43690,ok
11721,43690,ok
11722,43690,ok
11723,1946,ok
11724,8192,ok
11725,0,ok
11726,0,ok
11727,43690,ok
11728,43690,ok
11729,43690,ok
11730,43690,ok
11731,1946,ok
11732,8192,ok
11733,0,ok
11734,0,ok
11735,43690,ok
11736,43690,ok
11737,43690,ok
11738,43690,ok
11739,1946,ok
11740,8192,ok
11741,0,ok
11742,0,ok
11743,43690,ok
11744,43690,ok
11745,43690,ok
11746,43690,ok
11747,1946,ok
11748,8192,ok
11749,0,ok
11750,0,ok
11751,43690,ok
11752,43690,ok
11753,43690,ok
11754,43690,ok
11755,1946,ok
11756,8192,ok
11757,0,ok
11758,0,ok
11759,43690,ok
11760,43690,ok
11761,43690,ok
11762,43690,ok
11763,1946,ok
11764,8192,ok
11765,0,ok
11766,0,ok
11767,43690,ok
11768,43690,ok
11769,43690,ok
11770,43690,ok
11771,1946,ok
11772,8192,ok
11773,0,ok
11774,0,ok
11775,43690,ok
11776,43690,ok
11777,43690,ok
11778,43690,ok
11779,1946,ok
11780,8192,ok
11781,0,ok
11782,0,ok
11783,43690,ok
11784,43690,ok
11785,43690,ok
11786,43690,ok
11787,1946,ok
11788,8192,ok
11789,0,ok
11790,0,ok
11791,43690,ok
11792,43690,ok
11793,43690,ok
11794,43690,ok
11795,1946,ok
11796,8192,ok
11797,0,ok
11798,0,ok
11799,43690,ok
11800,100,ok
11801,0,ok
11802,22279,ok
11803,2052,ok
11804,1833,ok
11805,8192,ok
11806,8192,ok
11807,43690,ok
11808,43690,ok
11809,43690,ok
11810,43690,ok
11811,1833,ok
11812,8192,ok
11813,0,ok
11814,0,ok
11815,43690,ok
11816,43690,ok
11817,43690,ok
11818,43690,ok
11819,1833,ok
11820,8192,ok
11821,0,ok
11822,0,ok
11823,43690,ok
11824,43690,ok
11825,43690,ok
11826,43690,ok
11827,1833,ok
11828,8192,ok
11829,0,ok
11830,0,ok
11831,43690,ok
11832,43690,ok
11833,43690,ok
11834,43690,ok
11835,1833,ok
11836,8192,ok
11837,0,ok
11838,0,ok
11839,43690,ok
11840,43690,ok
11841,43690,ok
11842,43690,ok
11843,1833,ok
11844,8192,ok
11845,0,ok
11846,0,ok
11847,43690,ok
11848,43690,ok
11849,43690,ok
11850,43690,ok
11851,1833,ok
11852,8192,ok
11853,0,ok
11854,0,ok
11855,43690,ok
11856,43690,ok
11857,43690,ok
11858,43690,ok
11859,1833,ok
11860,8192,ok
11861,0,ok
11862,0,ok
11863,43690,ok
11864,43690,ok
11865,43690,ok
11866,43690,ok
11867,1833,ok
11868,8192,ok
11869,0,ok
11870,0,ok
11871,43690,ok
11872,43690,ok
11873,43690,ok
11874,43690,ok
11875,1833,ok
11876,8192,ok
11877,0,ok
11878,0,ok
11879,43690,ok
11880,43690,ok
11881,43690,ok
11882,43690,ok
11883,1833,ok
11884,8192,ok
11885,0,ok
11886,0,ok
11887,43690,ok
11888,43690,ok
11889,43690,ok
11890,43690,ok
11891,1833,ok
11892,8192,ok
11893,0,ok
11894,0,ok
11895,43690,ok
11896,43690,ok
11897,43690,ok
11898,43690,ok
11899,1833,ok
11900,100,ok
11901,0,ok
11902,0,ok
11903,43690,ok
11904,43690,ok
11905,43690,ok
11906,43690,ok
11907,8,ok
11908,0,ok
11909,0,ok
11910,0,ok
11911,43690,ok
11912,43690,ok
11913,43690,ok
11914,43690,ok
11915,8,ok
11916,0,ok
11917,0,ok
11918,0,ok
11919,43690,ok
11920,43690,ok
11921,43690,ok
11922,43690,ok
11923,8,ok
11924,0,ok
11925,0,ok
11926,0,ok
11927,43690,ok
11928,43690,ok
11929,43690,ok
11930,43690,ok
11931,8,ok
11932,0,ok
11933,0,ok
11934,0,ok
11935,43690,ok
11936,43690,ok
11937,43690,ok
11938,43690,ok
11939,8,ok
11940,0,ok
11941,0,ok
11942,0,ok
11943,43690,ok
11944,43690,ok
11945,43690,ok
11946,43690,ok
11947,8,ok
11948,0,ok
11949,0,ok
11950,0,ok
11951,1945,ok
11952,1945,ok
11953,43690,ok
11954,43690,ok
11955,43690,ok
11956,43690,ok
11957,8,ok
11958,0,ok
11959,0,ok
11960,0,ok
11961,43690,ok
11962,43690,ok
11963,43690,ok
11964,43690,ok
11965,8,ok
11966,0,ok
11967,0,ok
11968,0,ok
11969,43690,ok
11970,43690,ok
11971,43690,ok
11972,43690,ok
11973,8,ok
11974,0,ok
11975,0,ok
11976,0,ok
11977,43690,ok
11978,43690,ok
11979,43690,ok
11980,43690,ok
11981,8,ok
11982,0,ok
11983,0,ok
11984,0,ok
11985,43690,ok
11986,43690,ok
11987,43690,ok
11988,43690,ok
11989,8,ok
11990,0,ok
11991,0,ok
11992,0,ok
11993,43690,ok
11994,43690,ok
11995,43690,ok
11996,43690,ok
11997,8,ok
11998,0,ok
11999,0,ok
12000,0,ok
12001,43690,ok
12002,43690,ok
12003,43690,ok
12004,43690,ok
12005,0,ok
12006,0,ok
12007,0,ok
12008,0,ok
12009,43690,ok
12010,43690,ok
12011,43690,ok
12012,43690,ok
12013,0,ok
12014,0,ok
12015,0,ok
12016,0,ok
12017,43690,ok
12018,43690,ok
12019,43690,ok
12020,43690,ok
12021,0,ok
12022,0,ok
12023,0,ok
12024,0,ok
12025,43690,ok
12026,43690,ok
12027,43690,ok
12028,43690,ok
12029,0,ok
12030,0,ok
12031,0,ok
12032,0,ok
12033,43690,ok
12034,43690,ok
12035,43690,ok
12036,43690,ok
12037,0,ok
12038,0,ok
12039,0,ok
12040,0,ok
12041,43690,ok
12042,43690,ok
12043,43690,ok
12044,43690,ok
12045,0,ok
12046,0,ok
12047,0,ok
12048,0,ok
12049,43690,ok
12050,43690,ok
12051,43690,ok
12052,43690,ok
12053,0,ok
12054,0,ok
12055,0,ok
12056,0,ok
12057,43690,ok
12058,43690,ok
12059,43690,ok
12060,43690,ok
12061,0,ok
12062,0,ok
12063,0,ok
12064,0,ok
12065,43690,ok
12066,43690,ok
12067,43690,ok
12068,43690,ok
12069,0,ok
12070,0,ok
12071,0,ok
12072,0,ok
12073,43690,ok
12074,43690,ok
12075,43690,ok
12076,43690,ok
12077,0,ok
12078,0,ok
12079,0,ok
12080,0,ok
12081,43690,ok
12082,43690,ok
12083,43690,ok
12084,43690,ok
12085,0,ok
12086,0,ok
12087,0,ok
12088,0,ok
12089,43690,ok
12090,43690,ok
12091,43690,ok
12092,43690,ok
12093,0,ok
12094,0,ok
12095,0,ok
12096,0,ok
12097,43690,ok
12098,43690,ok
12099,43690,ok
12100,100,ok
12101,0,ok
12102,22279,ok
12103,2052,ok
12104,2052,ok
12105,43690,ok
12106,43690,ok
12107,43690,ok
12108,43690,ok
12109,8,ok
12110,0,ok
12111,0,ok
12112,0,ok
12113,43690,ok
12114,43690,ok
12115,43690,ok
12116,43690,ok
12117,8,ok
12118,0,ok
12119,0,ok
12120,0,ok
12121,43690,ok
12122,43690,ok
12123,43690,ok
12124,43690,ok
12125,8,ok
12126,0,ok
12127,0,ok
12128,0,ok
12129,43690,ok
12130,43690,ok
12131,43690,ok
12132,43690,ok
12133,8,ok
12134,0,ok
12135,0,ok
12136,0,ok
12137,43690,ok
12138,43690,ok
12139,43690,ok
12140,43690,ok
12141,8,ok
12142,0,ok
12143,0,ok
12144,0,ok
12145,43690,ok
12146,43690,ok
12147,43690,ok
12148,43690,ok
12149,8,ok
12150,0,ok
12151,0,ok
12152,0,ok
12153,43690,ok
12154,43690,ok
12155,43690,ok
12156,43690,ok
12157,8,ok
12158,0,ok
12159,0,ok
12160,0,ok
12161,43690,ok
12162,43690,ok
12163,43690,ok
12164,43690,ok
12165,8,ok
12166,0,ok
12167,0,ok
12168,0,ok
12169,43690,ok
12170,43690,ok
12171,43690,ok
12172,43690,ok
12173,8,ok
12174,0,ok
12175,0,ok
12176,0,ok
12177,43690,ok
12178,43690,ok
12179,43690,ok
12180,43690,ok
12181,8,ok
12182,0,ok
12183,0,ok
12184,0,ok
12185,43690,ok
12186,43690,ok
12187,43690,ok
12188,43690,ok
12189,8,ok
12190,0,ok
12191,0,ok
12192,0,ok
12193,43690,ok
12194,43690,ok
12195,43690,ok
12196,43690,ok
12197,8,ok
12198,0,ok
12199,0,ok
12200,0,ok
12201,43690,ok
12202,43690,ok
12203,43690,ok
12204,43690,ok
12205,1946,ok
12206,8192,ok
12207,0,ok
12208,0,ok
12209,43690,ok
12210,43690,ok
12211,43690,ok
12212,43690,ok
12213,1946,ok
12214,8192,ok
12215,0,ok
12216,0,ok
12217,43690,ok
12218,43690,ok
12219,43690,ok
12220,43690,ok
12221,1946,ok
12222,8192,ok
12223,0,ok
12224,0,ok
12225,43690,ok
12226,43690,ok
12227,43690,ok
12228,43690,ok
12229,1946,ok
12230,8192,ok
12231,0,ok
12232,0,ok
12233,43690,ok
12234,43690,ok
12235,43690,ok
12236,43690,ok
12237,1946,ok
12238,8192,ok
12239,0,ok
12240,0,ok
12241,1945,ok
12242,1945,ok
12243,43690,ok
12244,43690,ok
12245,43690,ok
12246,43690,ok
12247,1946,ok
12248,8192,ok
12249,0,ok
12250,0,ok
12251,43690,ok
12252,43690,ok
12253,43690,ok
12254,43690,ok
12255,1946,ok
12256,8192,ok
12257,0,ok
12258,0,ok
12259,43690,ok
12260,43690,ok
12261,43690,ok
12262,43690,ok
12263,1946,ok
12264,8192,ok
12265,0,ok
12266,0,ok
12267,43690,ok
12268,43690,ok
12269,43690,ok
12270,43690,ok
12271,1946,ok
12272,8192,ok
12273,0,ok
12274,0,ok
12275,43690,ok
12276,43690,ok
12277,43690,ok
12278,43690,ok
12279,1946,ok
12280,8192,ok
12281,0,ok
12282,0,ok
12283,43690,ok
12284,43690,ok
12285,43690,ok
12286,43690,ok
12287,1946,ok
12288,8192,ok
12289,0,ok
12290,0,ok
12291,43690,ok
12292,43690,ok
12293,43690,ok
12294,43690,ok
12295,1946,ok
12296,8192,ok
12297,0,ok
12298,0,ok
12299,43690,ok
12300,0,ok
12301,0,ok
12302,0,ok
12303,65521,ok
12304,65521,ok
12305,0,ok
12306,0,ok
12307,65521,ok
12308,65521,ok
12309,15643,ok
12310,44449,ok
12311,65521,ok
12312,65521,ok
12313,15527,ok
12314,50446,ok
12315,65521,ok
12316,65521,ok
12317,15089,ok
12318,54412,ok
12319,65521,ok
12320,65521,ok
12321,15089,ok
12322,54412,ok
12323,65521,ok
12324,65521,ok
12325,0,ok
12326,0,ok
12327,27985,ok
12328,20879,ok
12329,65521,ok
12330,65521,ok
12331,0,ok
12332,0,ok
12333,65521,ok
12334,65521,ok
12335,0,ok
12336,0,ok
12337,65521,ok
12338,65521,ok
12339,0,ok
12340,0,ok
12341,65521,ok
12342,65521,ok
12343,6892,ok
12344,60458,ok
12345,65521,ok
12346,65521,ok
12347,29334,ok
12348,38404,ok
12349,65521,ok
12350,65521,ok
12351,43722,ok
12352,43722,ok
12353,27999,ok
12354,24479,ok
12355,65521,ok
12356,65521,ok
12357,0,ok
12358,0,ok
12359,65521,ok
12360,65521,ok
12361,0,ok
12362,0,ok
12363,65521,ok
12364,65521,ok
12365,0,ok
12366,0,ok
12367,65521,ok
12368,65521,ok
12369,0,ok
12370,0,ok
12371,65521,ok
12372,65521,ok
12373,0,ok
12374,0,ok
12375,65521,ok
12376,65521,ok
12377,0,ok
12378,0,ok
12379,28013,ok
12380,28079,ok
12381,65521,ok
12382,65521,ok
12383,0,ok
12384,0,ok
12385,65521,ok
12386,65521,ok
12387,0,ok
12388,0,ok
12389,65521,ok
12390,65521,ok
12391,0,ok
12392,0,ok
12393,65521,ok
12394,65521,ok
12395,0,ok
12396,0,ok
12397,65521,ok
12398,65521,ok
12399,0,ok
12400,12500,ok
12401,0,ok
12402,0,ok
12403,0,ok
12404,0,ok
12405,28027,ok
12406,31679,ok
12407,65521,ok
12408,65521,ok
12409,0,ok
12410,0,ok
12411,65521,ok
12412,65521,ok
12413,0,ok
12414,0,ok
12415,65521,ok
12416,65521,ok
12417,0,ok
12418,0,ok
12419,65521,ok
12420,65521,ok
12421,0,ok
12422,0,ok
12423,65521,ok
12424,65521,ok
12425,0,ok
12426,0,ok
12427,65521,ok
12428,65521,ok
12429,0,ok
12430,0,ok
12431,43690,ok
12432,43690,ok
12433,65521,ok
12434,65521,ok
12435,43690,ok
12436,43690,ok
12437,65521,ok
12438,65521,ok
12439,43690,ok
12440,43690,ok
12441,65521,ok
12442,65521,ok
12443,43690,ok
12444,43690,ok
12445,65521,ok
12446,65521,ok
12447,43690,ok
12448,43690,ok
12449,65521,ok
12450,65521,ok
12451,43690,ok
12452,43690,ok
12453,65521,ok
12454,65521,ok
12455,43690,ok
12456,43690,ok
12457,43690,ok
12458,43690,ok
12459,65521,ok
12460,65521,ok
12461,43690,ok
12462,43690,ok
12463,65521,ok
12464,65521,ok
12465,43690,ok
12466,43690,ok
12467,65521,ok
12468,65521,ok
12469,43690,ok
12470,43690,ok
12471,65521,ok
12472,65521,ok
12473,43690,ok
12474,43690,ok
12475,65521,ok
12476,65521,ok
12477,43690,ok
12478,43690,ok
12479,65521,ok
12480,65521,ok
12481,43690,ok
12482,43690,ok
12483,43690,ok
12484,43690,ok
12485,65521,ok
12486,65521,ok
12487,43690,ok
12488,43690,ok
12489,65521,ok
12490,65521,ok
12491,43690,ok
12492,43690,ok
12493,65521,ok
12494,65521,ok
12495,43690,ok
12496,43690,ok
12497,65521,ok
12498,65521,ok
12499,43690,ok
12500,100,ok
12501,0,ok
12502,0,ok
12503,43690,ok
12504,43690,ok
12505,22279,ok
12506,22279,ok
12507,43690,ok
12508,43690,ok
12509,43690,ok
12510,43690,ok
12511,22279,ok
12512,22279,ok
12513,43690,ok
12514,43690,ok
12515,22279,ok
12516,22279,ok
12517,43690,ok
12518,43690,ok
12519,22279,ok
12520,22279,ok
12521,43690,ok
12522,43690,ok
12523,22279,ok
12524,22279,ok
12525,43690,ok
12526,43690,ok
12527,22279,ok
12528,22279,ok
12529,43690,ok
12530,43690,ok
12531,22279,ok
12532,22279,ok
12533,43690,ok
12534,43690,ok
12535,43690,ok
12536,43690,ok
12537,22279,ok
12538,22279,ok
12539,43690,ok
12540,43690,ok
12541,22279,ok
12542,22279,ok
12543,43690,ok
12544,43690,ok
12545,22279,ok
12546,22279,ok
12547,43690,ok
12548,43690,ok
12549,22279,ok
12550,22279,ok
12551,43690,ok
12552,43690,ok
12553,22279,ok
12554,22279,ok
12555,43690,ok
12556,43690,ok
12557,22279,ok
12558,22279,ok
12559,43690,ok
12560,43690,ok
12561,43690,ok
12562,43690,ok
12563,22279,ok
12564,22279,ok
12565,43690,ok
12566,43690,ok
12567,22279,ok
12568,22279,ok
12569,43690,ok
12570,43690,ok
12571,22279,ok
12572,22279,ok
12573,43690,ok
12574,43690,ok
12575,22279,ok
12576,22279,ok
12577,43690,ok
12578,43690,ok
12579,22279,ok
12580,22279,ok
12581,43690,ok
12582,43690,ok
12583,22279,ok
12584,22279,ok
12585,43690,ok
12586,43690,ok
12587,43690,ok
12588,43690,ok
12589,22279,ok
12590,22279,ok
12591,43690,ok
12592,43690,ok
12593,22279,ok
12594,22279,ok
12595,43690,ok
12596,43690,ok
12597,22279,ok
12598,22279,ok
12599,43690,ok
12600,12700,ok
12601,0,ok
12602,0,ok
12603,43690,ok
12604,43690,ok
12605,65521,ok
12606,65521,ok
12607,43690,ok
12608,43690,ok
12609,65521,ok
12610,65521,ok
12611,43690,ok
12612,43690,ok
12613,43690,ok
12614,43690,ok
12615,65521,ok
12616,65521,ok
12617,43690,ok
12618,43690,ok
12619,65521,ok
12620,65521,ok
12621,43690,ok
12622,43690,ok
12623,65521,ok
12624,65521,ok
12625,43690,ok
12626,43690,ok
12627,65521,ok
12628,65521,ok
12629,43690,ok
12630,43690,ok
12631,65521,ok
12632,65521,ok
12633,43690,ok
12634,43690,ok
12635,65521,ok
12636,65521,ok
12637,43690,ok
12638,43690,ok
12639,28162,ok
12640,523,ok
12641,65521,ok
12642,65521,ok
12643,0,ok
12644,0,ok
12645,65521,ok
12646,65521,ok
12647,0,ok
12648,0,ok
12649,65521,ok
12650,65521,ok
12651,0,ok
12652,0,ok
12653,65521,ok
12654,65521,ok
12655,14043,ok
12656,56174,ok
12657,65521,ok
12658,65521,ok
12659,36981,ok
12660,29959,ok
12661,65521,ok
12662,65521,ok
12663,52428,ok
12664,52428,ok
12665,28176,ok
12666,4161,ok
12667,65521,ok
12668,65521,ok
12669,62364,ok
12670,40099,ok
12671,65521,ok
12672,65521,ok
12673,8967,ok
12674,2006,ok
12675,65521,ok
12676,65521,ok
12677,62556,ok
12678,23692,ok
12679,65521,ok
12680,65521,ok
12681,4350,ok
12682,65245,ok
12683,65521,ok
12684,65521,ok
12685,18336,ok
12686,41023,ok
12687,65521,ok
12688,65521,ok
12689,47776,ok
12690,47776,ok
12691,43690,ok
12692,43690,ok
12693,65521,ok
12694,65521,ok
12695,43690,ok
12696,43690,ok
12697,65521,ok
12698,65521,ok
12699,43690,ok
12700,100,ok
12701,0,ok
12702,0,ok
12703,43690,ok
12704,43690,ok
12705,22279,ok
12706,22279,ok
12707,43690,ok
12708,43690,ok
12709,22279,ok
12710,22279,ok
12711,43690,ok
12712,43690,ok
12713,22279,ok
12714,22279,ok
12715,43690,ok
12716,43690,ok
12717,43690,ok
12718,43690,ok
12719,22279,ok
12720,22279,ok
12721,43690,ok
12722,43690,ok
12723,22279,ok
12724,22279,ok
12725,43690,ok
12726,43690,ok
12727,22279,ok
12728,22279,ok
12729,43690,ok
12730,43690,ok
12731,22279,ok
12732,22279,ok
12733,43690,ok
12734,43690,ok
12735,22279,ok
12736,22279,ok
12737,43690,ok
12738,43690,ok
12739,22279,ok
12740,22279,ok
12741,43690,ok
12742,43690,ok
12743,43690,ok
12744,43690,ok
12745,22279,ok
12746,22279,ok
12747,43690,ok
12748,43690,ok
12749,22279,ok
12750,22279,ok
12751,43690,ok
12752,43690,ok
12753,22279,ok
12754,22279,ok
12755,43690,ok
12756,43690,ok
12757,22279,ok
12758,22279,ok
12759,43690,ok
12760,43690,ok
12761,22279,ok
12762,22279,ok
12763,43690,ok
12764,43690,ok
12765,22279,ok
12766,22279,ok
12767,43690,ok
12768,43690,ok
12769,43690,ok
12770,43690,ok
12771,22279,ok
12772,22279,ok
12773,43690,ok
12774,43690,ok
12775,22279,ok
12776,22279,ok
12777,43690,ok
12778,43690,ok
12779,22279,ok
12780,22279,ok
12781,43690,ok
12782,43690,ok
12783,22279,ok
12784,22279,ok
12785,43690,ok
12786,43690,ok
12787,22279,ok
12788,22279,ok
12789,43690,ok
12790,43690,ok
12791,22279,ok
12792,22279,ok
12793,43690,ok
12794,43690,ok
12795,43690,ok
12796,43690,ok
12797,22279,ok
12798,22279,ok
12799,43690,ok
12800,12900,ok
12801,0,ok
12802,0,ok
12803,43690,ok
12804,43690,ok
12805,65521,ok
12806,65521,ok
12807,43690,ok
12808,43690,ok
12809,65521,ok
12810,65521,ok
12811,43690,ok
12812,43690,ok
12813,65521,ok
12814,65521,ok
12815,43690,ok
12816,43690,ok
12817,65521,ok
12818,65521,ok
12819,43690,ok
12820,43690,ok
12821,43690,ok
12822,43690,ok
12823,65521,ok
12824,65521,ok
12825,43690,ok
12826,43690,ok
12827,65521,ok
12828,65521,ok
12829,43690,ok
12830,43690,ok
12831,65521,ok
12832,65521,ok
12833,43690,ok
12834,43690,ok
12835,65521,ok
12836,65521,ok
12837,43690,ok
12838,43690,ok
12839,65521,ok
12840,65521,ok
12841,43690,ok
12842,43690,ok
12843,65521,ok
12844,65521,ok
12845,43690,ok
12846,43690,ok
12847,43690,ok
12848,43690,ok
12849,65521,ok
12850,65521,ok
12851,43690,ok
12852,43690,ok
12853,65521,ok
12854,65521,ok
12855,43690,ok
12856,43690,ok
12857,65521,ok
12858,65521,ok
12859,43690,ok
12860,43690,ok
12861,65521,ok
12862,65521,ok
12863,43690,ok
12864,43690,ok
12865,65521,ok
12866,65521,ok
12867,43690,ok
12868,43690,ok
12869,65521,ok
12870,65521,ok
12871,43690,ok
12872,43690,ok
12873,43690,ok
12874,43690,ok
12875,65521,ok
12876,65521,ok
12877,43690,ok
12878,43690,ok
12879,65521,ok
12880,65521,ok
12881,43690,ok
12882,43690,ok
12883,65521,ok
12884,65521,ok
12885,43690,ok
12886,43690,ok
12887,65521,ok
12888,65521,ok
12889,43690,ok
12890,43690,ok
12891,65521,ok
12892,65521,ok
12893,43690,ok
12894,43690,ok
12895,65521,ok
12896,65521,ok
12897,43690,ok
12898,43690,ok
12899,43690,ok
12900,100,ok
12901,0,ok
12902,0,ok
12903,43690,ok
12904,43690,ok
12905,22279,ok
12906,22279,ok
12907,43690,ok
12908,43690,ok
12909,22279,ok
12910,22279,ok
12911,43690,ok
12912,43690,ok
12913,22279,ok
12914,22279,ok
12915,43690,ok
12916,43690,ok
12917,22279,ok
12918,22279,ok
12919,43690,ok
12920,43690,ok
12921,22279,ok
12922,22279,ok
12923,43690,ok
12924,43690,ok
12925,22279,ok
12926,22279,ok
12927,15556,ok
12928,31922,ok
12929,22279,ok
12930,22279,ok
12931,15547,ok
12932,27424,ok
12933,22279,ok
12934,22279,ok
12935,0,ok
12936,0,ok
12937,22279,ok
12938,22279,ok
12939,0,ok
12940,0,ok
12941,22279,ok
12942,22279,ok
12943,0,ok
12944,0,ok
12945,22279,ok
12946,22279,ok
12947,0,ok
12948,0,ok
12949,22279,ok
12950,22279,ok
12951,0,ok
12952,0,ok
12953,22279,ok
12954,22279,ok
12955,15610,ok
12956,58910,ok
12957,22279,ok
12958,22279,ok
12959,0,ok
12960,0,ok
12961,22279,ok
12962,22279,ok
12963,0,ok
12964,0,ok
12965,22279,ok
12966,22279,ok
12967,0,ok
12968,0,ok
12969,22279,ok
12970,22279,ok
12971,0,ok
12972,0,ok
12973,22279,ok
12974,22279,ok
12975,15523,ok
12976,15429,ok
12977,22279,ok
12978,22279,ok
12979,15493,ok
12980,435,ok
12981,22279,ok
12982,22279,ok
12983,0,ok
12984,0,ok
12985,22279,ok
12986,22279,ok
12987,0,ok
12988,0,ok
12989,22279,ok
12990,22279,ok
12991,0,ok
12992,0,ok
12993,22279,ok
12994,22279,ok
12995,0,ok
12996,0,ok
12997,22279,ok
12998,22279,ok
12999,15089,ok
13000,100,ok
13001,0,ok
13002,0,ok
13003,0,ok
13004,0,ok
13005,22279,ok
13006,22279,ok
13007,0,ok
13008,0,ok
13009,22279,ok
13010,22279,ok
13011,0,ok
13012,0,ok
13013,22279,ok
13014,22279,ok
13015,0,ok
13016,0,ok
13017,22279,ok
13018,22279,ok
13019,0,ok
13020,0,ok
13021,22279,ok
13022,22279,ok
13023,0,ok
13024,0,ok
13025,22279,ok
13026,22279,ok
13027,15089,ok
13028,54412,ok
13029,22279,ok
13030,22279,ok
13031,0,ok
13032,0,ok
13033,22279,ok
13034,22279,ok
13035,0,ok
13036,0,ok
13037,22279,ok
13038,22279,ok
13039,0,ok
13040,0,ok
13041,22279,ok
13042,22279,ok
13043,0,ok
13044,0,ok
13045,22279,ok
13046,22279,ok
13047,0,ok
13048,0,ok
13049,22279,ok
13050,22279,ok
13051,0,ok
13052,0,ok
13053,22279,ok
13054,22279,ok
13055,0,ok
13056,0,ok
13057,22279,ok
13058,22279,ok
13059,0,ok
13060,0,ok
13061,22279,ok
13062,22279,ok
13063,0,ok
13064,0,ok
13065,22279,ok
13066,22279,ok
13067,0,ok
13068,0,ok
13069,22279,ok
13070,2052,ok
13071,6416,ok
13072,6416,ok
13073,61908,ok
13074,54412,ok
13075,22279,ok
13076,22279,ok
13077,61908,ok
13078,54412,ok
13079,22279,ok
13080,22279,ok
13081,0,ok
13082,0,ok
13083,22279,ok
13084,22279,ok
13085,61908,ok
13086,54412,ok
13087,22279,ok
13088,22279,ok
13089,61908,ok
13090,54412,ok
13091,22279,ok
13092,22279,ok
13093,0,ok
13094,0,ok
13095,22279,ok
13096,22279,ok
13097,27985,ok
13098,20879,ok
13099,22279,ok
13100,0,ok
13101,50300,ok
13102,31922,ok
13103,65521,ok
13104,65521,ok
13105,42175,ok
13106,48947,ok
13107,65521,ok
13108,65521,ok
13109,48366,ok
13110,60941,ok
13111,65521,ok
13112,65521,ok
13113,8439,ok
13114,63457,ok
13115,65521,ok
13116,65521,ok
13117,0,ok
13118,0,ok
13119,65521,ok
13120,65521,ok
13121,0,ok
13122,0,ok
13123,65521,ok
13124,65521,ok
13125,0,ok
13126,0,ok
13127,65521,ok
13128,65521,ok
13129,0,ok
13130,0,ok
13131,65521,ok
13132,65521,ok
13133,0,ok
13134,0,ok
13135,65521,ok
13136,65521,ok
13137,0,ok
13138,0,ok
13139,65521,ok
13140,65521,ok
13141,0,ok
13142,0,ok
13143,65521,ok
13144,65521,ok
13145,0,ok
13146,0,ok
13147,65521,ok
13148,65521,ok
13149,0,ok
13150,0,ok
13151,65521,ok
13152,65521,ok
13153,12309,ok
13154,5418,ok
13155,65521,ok
13156,65521,ok
13157,63456,ok
13158,57410,ok
13159,65521,ok
13160,65521,ok
13161,12889,ok
13162,22926,ok
13163,65521,ok
13164,65521,ok
13165,0,ok
13166,0,ok
13167,65521,ok
13168,65521,ok
13169,0,ok
13170,0,ok
13171,65521,ok
13172,65521,ok
13173,0,ok
13174,0,ok
13175,65521,ok
13176,65521,ok
13177,0,ok
13178,0,ok
13179,65521,ok
13180,65521,ok
13181,0,ok
13182,0,ok
13183,65521,ok
13184,65521,ok
13185,0,ok
13186,0,ok
13187,65521,ok
13188,65521,ok
13189,0,ok
13190,0,ok
13191,65521,ok
13192,65521,ok
13193,0,ok
13194,0,ok
13195,65521,ok
13196,65521,ok
13197,41788,ok
13198,15429,ok
13199,65521,ok
13200,0,ok
13201,47592,ok
13202,59442,ok
13203,22279,ok
13204,22279,ok
13205,34436,ok
13206,33954,ok
13207,22279,ok
13208,22279,ok
13209,36758,ok
13210,38451,ok
13211,22279,ok
13212,22279,ok
13213,0,ok
13214,0,ok
13215,22279,ok
13216,2052,ok
13217,1865,ok
13218,1865,ok
13219,0,ok
13220,0,ok
13221,22279,ok
13222,22279,ok
13223,0,ok
13224,0,ok
13225,22279,ok
13226,22279,ok
13227,0,ok
13228,0,ok
13229,22279,ok
13230,22279,ok
13231,0,ok
13232,0,ok
13233,22279,ok
13234,22279,ok
13235,0,ok
13236,0,ok
13237,22279,ok
13238,22279,ok
13239,0,ok
13240,0,ok
13241,22279,ok
13242,22279,ok
13243,27999,ok
13244,24479,ok
13245,22279,ok
13246,22279,ok
13247,0,ok
13248,0,ok
13249,22279,ok
13250,22279,ok
13251,0,ok
13252,0,ok
13253,22279,ok
13254,22279,ok
13255,0,ok
13256,0,ok
13257,22279,ok
13258,22279,ok
13259,0,ok
13260,0,ok
13261,22279,ok
13262,22279,ok
13263,0,ok
13264,0,ok
13265,22279,ok
13266,22279,ok
13267,0,ok
13268,0,ok
13269,22279,ok
13270,22279,ok
13271,0,ok
13272,0,ok
13273,22279,ok
13274,22279,ok
13275,0,ok
13276,0,ok
13277,22279,ok
13278,22279,ok
13279,0,ok
13280,0,ok
13281,22279,ok
13282,22279,ok
13283,0,ok
13284,0,ok
13285,22279,ok
13286,22279,ok
13287,0,ok
13288,0,ok
13289,22279,ok
13290,22279,ok
13291,0,ok
13292,0,ok
13293,22279,ok
13294,22279,ok
13295,0,ok
13296,0,ok
13297,22279,ok
13298,22279,ok
13299,0,ok
13300,13400,ok
13301,0,ok
13302,0,ok
13303,0,ok
13304,0,ok
13305,65521,ok
13306,65521,ok
13307,0,ok
13308,0,ok
13309,65521,ok
13310,65521,ok
13311,0,ok
13312,0,ok
13313,65521,ok
13314,65521,ok
13315,0,ok
13316,0,ok
13317,65521,ok
13318,65521,ok
13319,0,ok
13320,0,ok
13321,65521,ok
13322,65521,ok
13323,0,ok
13324,0,ok
13325,65521,ok
13326,65521,ok
13327,0,ok
13328,0,ok
13329,65521,ok
13330,65521,ok
13331,0,ok
13332,0,ok
13333,65521,ok
13334,65521,ok
13335,0,ok
13336,0,ok
13337,65521,ok
13338,65521,ok
13339,0,ok
13340,0,ok
13341,65521,ok
13342,65521,ok
13343,0,ok
13344,0,ok
13345,65521,ok
13346,65521,ok
13347,0,ok
13348,0,ok
13349,65521,ok
13350,65521,ok
13351,0,ok
13352,0,ok
13353,65521,ok
13354,65521,ok
13355,0,ok
13356,0,ok
13357,65521,ok
13358,65521,ok
13359,0,ok
13360,0,ok
13361,65521,ok
13362,65535,ok
13363,8799,ok
13364,8799,ok
13365,0,ok
13366,0,ok
13367,65521,ok
13368,65521,ok
13369,0,ok
13370,0,ok
13371,65521,ok
13372,65521,ok
13373,0,ok
13374,0,ok
13375,65521,ok
13376,65521,ok
13377,0,ok
13378,0,ok
13379,65521,ok
13380,65521,ok
13381,0,ok
13382,0,ok
13383,65521,ok
13384,65521,ok
13385,0,ok
13386,0,ok
13387,65521,ok
13388,65521,ok
13389,28013,ok
13390,28079,ok
13391,65521,ok
13392,65521,ok
13393,0,ok
13394,0,ok
13395,65521,ok
13396,65521,ok
13397,0,ok
13398,0,ok
13399,65521,ok
13400,0,ok
13401,0,ok
13402,0,ok
13403,22279,ok
13404,22279,ok
13405,0,ok
13406,0,ok
13407,22279,ok
13408,22279,ok
13409,0,ok
13410,0,ok
13411,22279,ok
13412,22279,ok
13413,0,ok
13414,0,ok
13415,22279,ok
13416,22279,ok
13417,0,ok
13418,0,ok
13419,22279,ok
13420,22279,ok
13421,0,ok
13422,0,ok
13423,22279,ok
13424,22279,ok
13425,0,ok
13426,0,ok
13427,22279,ok
13428,22279,ok
13429,0,ok
13430,0,ok
13431,22279,ok
13432,22279,ok
13433,0,ok
13434,0,ok
13435,22279,ok
13436,22279,ok
13437,0,ok
13438,0,ok
13439,22279,ok
13440,22279,ok
13441,0,ok
13442,0,ok
13443,22279,ok
13444,22279,ok
13445,0,ok
13446,0,ok
13447,22279,ok
13448,22279,ok
13449,0,ok
13450,0,ok
13451,22279,ok
13452,22279,ok
13453,0,ok
13454,0,ok
13455,22279,ok
13456,22279,ok
13457,0,ok
13458,0,ok
13459,22279,ok
13460,22279,ok
13461,0,ok
13462,0,ok
13463,22279,ok
13464,22279,ok
13465,0,ok
13466,0,ok
13467,22279,ok
13468,22279,ok
13469,0,ok
13470,0,ok
13471,22279,ok
13472,22279,ok
13473,0,ok
13474,0,ok
13475,22279,ok
13476,22279,ok
13477,0,ok
13478,0,ok
13479,22279,ok
13480,22279,ok
13481,0,ok
13482,0,ok
13483,22279,ok
13484,22279,ok
13485,0,ok
13486,0,ok
13487,22279,ok
13488,22279,ok
13489,0,ok
13490,0,ok
13491,22279,ok
13492,22279,ok
13493,0,ok
13494,0,ok
13495,22279,ok
13496,22279,ok
13497,0,ok
13498,0,ok
13499,22279,ok
13500,0,ok
13501,0,ok
13502,0,ok
13503,22279,ok
13504,22279,ok
13505,0,ok
13506,0,ok
13507,22279,ok
13508,2052,ok
13509,1706,ok
13510,1706,ok
13511,0,ok
13512,0,ok
13513,22279,ok
13514,22279,ok
13515,0,ok
13516,0,ok
13517,22279,ok
13518,22279,ok
13519,0,ok
13520,0,ok
13521,22279,ok
13522,22279,ok
13523,0,ok
13524,0,ok
13525,22279,ok
13526,22279,ok
13527,0,ok
13528,0,ok
13529,22279,ok
13530,22279,ok
13531,0,ok
13532,0,ok
13533,22279,ok
13534,22279,ok
13535,28027,ok
13536,31679,ok
13537,22279,ok
13538,22279,ok
13539,0,ok
13540,0,ok
13541,22279,ok
13542,22279,ok
13543,0,ok
13544,0,ok
13545,22279,ok
13546,22279,ok
13547,0,ok
13548,0,ok
13549,22279,ok
13550,22279,ok
13551,0,ok
13552,0,ok
13553,22279,ok
13554,22279,ok
13555,0,ok
13556,0,ok
13557,22279,ok
13558,22279,ok
13559,0,ok
13560,0,ok
13561,22279,ok
13562,22279,ok
13563,0,ok
13564,0,ok
13565,22279,ok
13566,22279,ok
13567,0,ok
13568,0,ok
13569,22279,ok
13570,22279,ok
13571,0,ok
13572,0,ok
13573,22279,ok
13574,22279,ok
13575,0,ok
13576,0,ok
13577,22279,ok
13578,22279,ok
13579,0,ok
13580,0,ok
13581,22279,ok
13582,22279,ok
13583,0,ok
13584,0,ok
13585,22279,ok
13586,22279,ok
13587,0,ok
13588,0,ok
13589,22279,ok
13590,22279,ok
13591,0,ok
13592,0,ok
13593,22279,ok
13594,22279,ok
13595,0,ok
13596,0,ok
13597,22279,ok
13598,22279,ok
13599,0,ok
13600,100,ok
13601,0,ok
13602,0,ok
13603,0,ok
13604,0,ok
13605,22279,ok
13606,22279,ok
13607,0,ok
13608,0,ok
13609,22279,ok
13610,22279,ok
13611,0,ok
13612,0,ok
13613,22279,ok
13614,22279,ok
13615,0,ok
13616,0,ok
13617,22279,ok
13618,22279,ok
13619,0,ok
13620,0,ok
13621,22279,ok
13622,22279,ok
13623,0,ok
13624,0,ok
13625,22279,ok
13626,22279,ok
13627,0,ok
13628,0,ok
13629,22279,ok
13630,22279,ok
13631,0,ok
13632,0,ok
13633,22279,ok
13634,22279,ok
13635,0,ok
13636,0,ok
13637,22279,ok
13638,22279,ok
13639,0,ok
13640,0,ok
13641,22279,ok
13642,22279,ok
13643,0,ok
13644,0,ok
13645,22279,ok
13646,22279,ok
13647,0,ok
13648,0,ok
13649,22279,ok
13650,22279,ok
13651,0,ok
13652,0,ok
13653,22279,ok
13654,2052,ok
13655,6416,ok
13656,6416,ok
13657,43690,ok
13658,43690,ok
13659,22279,ok
13660,22279,ok
13661,43690,ok
13662,43690,ok
13663,22279,ok
13664,22279,ok
13665,43690,ok
13666,43690,ok
13667,22279,ok
13668,22279,ok
13669,43690,ok
13670,43690,ok
13671,22279,ok
13672,22279,ok
13673,43690,ok
13674,43690,ok
13675,22279,ok
13676,22279,ok
13677,43690,ok
13678,43690,ok
13679,22279,ok
13680,22279,ok
13681,43690,ok
13682,43690,ok
13683,22279,ok
13684,22279,ok
13685,43690,ok
13686,43690,ok
13687,22279,ok
13688,22279,ok
13689,43690,ok
13690,43690,ok
13691,22279,ok
13692,22279,ok
13693,43690,ok
13694,43690,ok
13695,22279,ok
13696,22279,ok
13697,43690,ok
13698,43690,ok
13699,22279,ok
13700,0,ok
13701,43690,ok
13702,43690,ok
13703,22279,ok
13704,22279,ok
13705,43690,ok
13706,43690,ok
13707,22279,ok
13708,22279,ok
13709,43690,ok
13710,43690,ok
13711,22279,ok
13712,22279,ok
13713,43690,ok
13714,43690,ok
13715,22279,ok
13716,22279,ok
13717,43690,ok
13718,43690,ok
13719,22279,ok
13720,22279,ok
13721,43690,ok
13722,43690,ok
13723,22279,ok
13724,22279,ok
13725,43690,ok
13726,43690,ok
13727,22279,ok
13728,22279,ok
13729,43690,ok
13730,43690,ok
13731,22279,ok
13732,22279,ok
13733,43690,ok
13734,43690,ok
13735,22279,ok
13736,22279,ok
13737,43690,ok
13738,43690,ok
13739,22279,ok
13740,22279,ok
13741,43690,ok
13742,43690,ok
13743,22279,ok
13744,22279,ok
13745,43690,ok
13746,43690,ok
13747,22279,ok
13748,22279,ok
13749,43690,ok
13750,43690,ok
13751,22279,ok
13752,22279,ok
13753,43690,ok
13754,43690,ok
13755,22279,ok
13756,22279,ok
13757,43690,ok
13758,43690,ok
13759,22279,ok
13760,22279,ok
13761,43690,ok
13762,43690,ok
13763,22279,ok
13764,22279,ok
13765,43690,ok
13766,43690,ok
13767,22279,ok
13768,22279,ok
13769,43690,ok
13770,43690,ok
13771,22279,ok
13772,22279,ok
13773,43690,ok
13774,43690,ok
13775,22279,ok
13776,22279,ok
13777,43690,ok
13778,43690,ok
13779,22279,ok
13780,22279,ok
13781,43690,ok
13782,43690,ok
13783,22279,ok
13784,22279,ok
13785,43690,ok
13786,43690,ok
13787,22279,ok
13788,22279,ok
13789,43690,ok
13790,43690,ok
13791,22279,ok
13792,22279,ok
13793,43690,ok
13794,43690,ok
13795,22279,ok
13796,22279,ok
13797,43690,ok
13798,43690,ok
13799,22279,ok
13800,100,ok
13801,0,ok
13802,0,ok
13803,43690,ok
13804,43690,ok
13805,22279,ok
13806,22279,ok
13807,43690,ok
13808,43690,ok
13809,22279,ok
13810,22279,ok
13811,43690,ok
13812,43690,ok
13813,22279,ok
13814,22279,ok
13815,43690,ok
13816,43690,ok
13817,22279,ok
13818,22279,ok
13819,43690,ok
13820,43690,ok
13821,22279,ok
13822,22279,ok
13823,43690,ok
13824,43690,ok
13825,22279,ok
13826,22279,ok
13827,43690,ok
13828,43690,ok
13829,22279,ok
13830,22279,ok
13831,43690,ok
13832,43690,ok
13833,22279,ok
13834,22279,ok
13835,43690,ok
13836,43690,ok
13837,22279,ok
13838,22279,ok
13839,43690,ok
13840,43690,ok
13841,22279,ok
13842,22279,ok
13843,43690,ok
13844,43690,ok
13845,22279,ok
13846,22279,ok
13847,43690,ok
13848,43690,ok
13849,22279,ok
13850,22279,ok
13851,43690,ok
13852,43690,ok
13853,22279,ok
13854,22279,ok
13855,43690,ok
13856,43690,ok
13857,22279,ok
13858,22279,ok
13859,43690,ok
13860,43690,ok
13861,22279,ok
13862,22279,ok
13863,43690,ok
13864,43690,ok
13865,22279,ok
13866,22279,ok
13867,43690,ok
13868,43690,ok
13869,22279,ok
13870,22279,ok
13871,43690,ok
13872,43690,ok
13873,22279,ok
13874,22279,ok
13875,43690,ok
13876,43690,ok
13877,22279,ok
13878,22279,ok
13879,43690,ok
13880,43690,ok
13881,22279,ok
13882,22279,ok
13883,43690,ok
13884,43690,ok
13885,22279,ok
13886,22279,ok
13887,43690,ok
13888,43690,ok
13889,22279,ok
13890,22279,ok
13891,43690,ok
13892,43690,ok
13893,22279,ok
13894,22279,ok
13895,43690,ok
13896,43690,ok
13897,22279,ok
13898,22279,ok
13899,43690,ok
13900,100,ok
13901,0,ok
13902,0,ok
13903,43690,ok
13904,43690,ok
13905,22279,ok
13906,22279,ok
13907,43690,ok
13908,43690,ok
13909,22279,ok
13910,22279,ok
13911,43690,ok
13912,43690,ok
13913,22279,ok
13914,22279,ok
13915,43690,ok
13916,43690,ok
13917,22279,ok
13918,22279,ok
13919,43690,ok
13920,43690,ok
13921,22279,ok
13922,22279,ok
13923,43690,ok
13924,43690,ok
13925,22279,ok
13926,22279,ok
13927,43690,ok
13928,43690,ok
13929,22279,ok
13930,22279,ok
13931,43690,ok
13932,43690,ok
13933,22279,ok
13934,22279,ok
13935,43690,ok
13936,43690,ok
13937,22279,ok
13938,22279,ok
13939,43690,ok
13940,43690,ok
13941,22279,ok
13942,22279,ok
13943,43690,ok
13944,43690,ok
13945,22279,ok
13946,2052,ok
13947,6416,ok
13948,6416,ok
13949,43690,ok
13950,43690,ok
13951,22279,ok
13952,22279,ok
13953,43690,ok
13954,43690,ok
13955,22279,ok
13956,22279,ok
13957,43690,ok
13958,43690,ok
13959,22279,ok
13960,22279,ok
13961,43690,ok
13962,43690,ok
13963,22279,ok
13964,22279,ok
13965,43690,ok
13966,43690,ok
13967,22279,ok
13968,22279,ok
13969,43690,ok
13970,43690,ok
13971,22279,ok
13972,22279,ok
13973,43690,ok
13974,43690,ok
13975,22279,ok
13976,22279,ok
13977,43690,ok
13978,43690,ok
13979,22279,ok
13980,22279,ok
13981,43690,ok
13982,43690,ok
13983,22279,ok
13984,22279,ok
13985,43690,ok
13986,43690,ok
13987,22279,ok
13988,22279,ok
13989,43690,ok
13990,43690,ok
13991,22279,ok
13992,22279,ok
13993,43690,ok
13994,43690,ok
13995,22279,ok
13996,22279,ok
13997,43690,ok
13998,43690,ok
13999,22279,ok
14000,0,ok
14001,43690,ok
14002,43690,ok
14003,22279,ok
14004,22279,ok
14005,43690,ok
14006,43690,ok
14007,22279,ok
14008,22279,ok
14009,43690,ok
14010,43690,ok
14011,22279,ok
14012,22279,ok
14013,43690,ok
14014,43690,ok
14015,22279,ok
14016,22279,ok
14017,43690,ok
14018,43690,ok
14019,22279,ok
14020,22279,ok
14021,43690,ok
14022,43690,ok
14023,22279,ok
14024,22279,ok
14025,43690,ok
14026,43690,ok
14027,22279,ok
14028,22279,ok
14029,43690,ok
14030,43690,ok
14031,22279,ok
14032,22279,ok
14033,43690,ok
14034,43690,ok
14035,22279,ok
14036,22279,ok
14037,43690,ok
14038,43690,ok
14039,22279,ok
14040,22279,ok
14041,43690,ok
14042,43690,ok
14043,22279,ok
14044,22279,ok
14045,43690,ok
14046,43690,ok
14047,22279,ok
14048,22279,ok
14049,43690,ok
14050,43690,ok
14051,22279,ok
14052,22279,ok
14053,43690,ok
14054,43690,ok
14055,22279,ok
14056,22279,ok
14057,43690,ok
14058,43690,ok
14059,22279,ok
14060,22279,ok
14061,43690,ok
14062,43690,ok
14063,22279,ok
14064,22279,ok
14065,43690,ok
14066,43690,ok
14067,22279,ok
14068,22279,ok
14069,43690,ok
14070,43690,ok
14071,22279,ok
14072,22279,ok
14073,43690,ok
14074,43690,ok
14075,22279,ok
14076,22279,ok
14077,43690,ok
14078,43690,ok
14079,22279,ok
14080,22279,ok
14081,43690,ok
14082,43690,ok
14083,22279,ok
14084,22279,ok
14085,43690,ok
14086,43690,ok
14087,22279,ok
14088,22279,ok
14089,43690,ok
14090,43690,ok
14091,22279,ok
14092,2052,ok
14093,8,ok
14094,8,ok
14095,43690,ok
14096,43690,ok
14097,22279,ok
14098,22279,ok
14099,43690,ok
14100,100,ok
14101,0,ok
14102,0,ok
14103,43690,ok
14104,43690,ok
14105,22279,ok
14106,22279,ok
14107,43690,ok
14108,43690,ok
14109,22279,ok
14110,22279,ok
14111,43690,ok
14112,43690,ok
14113,22279,ok
14114,22279,ok
14115,43690,ok
14116,43690,ok
14117,22279,ok
14118,22279,ok
14119,43690,ok
14120,43690,ok
14121,22279,ok
14122,22279,ok
14123,43690,ok
14124,43690,ok
14125,22279,ok
14126,22279,ok
14127,43690,ok
14128,43690,ok
14129,22279,ok
14130,22279,ok
14131,43690,ok
14132,43690,ok
14133,22279,ok
14134,22279,ok
14135,43690,ok
14136,43690,ok
14137,22279,ok
14138,22279,ok
14139,43690,ok
14140,43690,ok
14141,22279,ok
14142,22279,ok
14143,43690,ok
14144,43690,ok
14145,22279,ok
14146,22279,ok
14147,43690,ok
14148,43690,ok
14149,22279,ok
14150,22279,ok
14151,43690,ok
14152,43690,ok
14153,22279,ok
14154,22279,ok
14155,43690,ok
14156,43690,ok
14157,22279,ok
14158,22279,ok
14159,43690,ok
14160,43690,ok
14161,22279,ok
14162,22279,ok
14163,43690,ok
14164,43690,ok
14165,22279,ok
14166,22279,ok
14167,43690,ok
14168,43690,ok
14169,22279,ok
14170,22279,ok
14171,43690,ok
14172,43690,ok
14173,22279,ok
14174,22279,ok
14175,43690,ok
14176,43690,ok
14177,22279,ok
14178,22279,ok
14179,43690,ok
14180,43690,ok
14181,22279,ok
14182,22279,ok
14183,43690,ok
14184,43690,ok
14185,22279,ok
14186,22279,ok
14187,43690,ok
14188,43690,ok
14189,22279,ok
14190,22279,ok
14191,43690,ok
14192,43690,ok
14193,22279,ok
14194,22279,ok
14195,43690,ok
14196,43690,ok
14197,22279,ok
14198,22279,ok
14199,43690,ok
14200,100,ok
14201,0,ok
14202,0,ok
14203,43690,ok
14204,43690,ok
14205,22279,ok
14206,22279,ok
14207,43690,ok
14208,43690,ok
14209,22279,ok
14210,22279,ok
14211,43690,ok
14212,43690,ok
14213,22279,ok
14214,22279,ok
14215,43690,ok
14216,43690,ok
14217,22279,ok
14218,22279,ok
14219,43690,ok
14220,43690,ok
14221,22279,ok
14222,22279,ok
14223,43690,ok
14224,43690,ok
14225,22279,ok
14226,22279,ok
14227,43690,ok
14228,43690,ok
14229,22279,ok
14230,22279,ok
14231,43690,ok
14232,43690,ok
14233,22279,ok
14234,22279,ok
14235,43690,ok
14236,43690,ok
14237,22279,ok
14238,2052,ok
14239,6440,ok
14240,6440,ok
14241,43690,ok
14242,43690,ok
14243,22279,ok
14244,22279,ok
14245,43690,ok
14246,43690,ok
14247,22279,ok
14248,22279,ok
14249,43690,ok
14250,43690,ok
14251,22279,ok
14252,22279,ok
14253,43690,ok
14254,43690,ok
14255,22279,ok
14256,22279,ok
14257,43690,ok
14258,43690,ok
14259,22279,ok
14260,22279,ok
14261,43690,ok
14262,43690,ok
14263,22279,ok
14264,22279,ok
14265,43690,ok
14266,43690,ok
14267,22279,ok
14268,22279,ok
14269,43690,ok
14270,43690,ok
14271,22279,ok
14272,22279,ok
14273,43690,ok
14274,43690,ok
14275,22279,ok
14276,22279,ok
14277,43690,ok
14278,43690,ok
14279,22279,ok
14280,22279,ok
14281,43690,ok
14282,43690,ok
14283,22279,ok
14284,22279,ok
14285,43690,ok
14286,43690,ok
14287,22279,ok
14288,22279,ok
14289,43690,ok
14290,43690,ok
14291,22279,ok
14292,22279,ok
14293,43690,ok
14294,43690,ok
14295,22279,ok
14296,22279,ok
14297,43690,ok
14298,43690,ok
14299,22279,ok
14300,0,ok
14301,43690,ok
14302,43690,ok
14303,65521,ok
14304,65521,ok
14305,43690,ok
14306,43690,ok
14307,65521,ok
14308,65521,ok
14309,43690,ok
14310,43690,ok
14311,65521,ok
14312,65521,ok
14313,43690,ok
14314,43690,ok
14315,65521,ok
14316,65521,ok
14317,43690,ok
14318,43690,ok
14319,65521,ok
14320,65521,ok
14321,43690,ok
14322,43690,ok
14323,65521,ok
14324,65521,ok
14325,43690,ok
14326,43690,ok
14327,65521,ok
14328,65521,ok
14329,43690,ok
14330,43690,ok
14331,65521,ok
14332,65521,ok
14333,43690,ok
14334,43690,ok
14335,65521,ok
14336,65521,ok
14337,43690,ok
14338,43690,ok
14339,65521,ok
14340,65521,ok
14341,43690,ok
14342,43690,ok
14343,65521,ok
14344,65521,ok
14345,43690,ok
14346,43690,ok
14347,65521,ok
14348,65521,ok
14349,43690,ok
14350,43690,ok
14351,65521,ok
14352,65521,ok
14353,43690,ok
14354,43690,ok
14355,65521,ok
14356,65521,ok
14357,43690,ok
14358,43690,ok
14359,65521,ok
14360,65521,ok
14361,43690,ok
14362,43690,ok
14363,65521,ok
14364,65521,ok
14365,43690,ok
14366,43690,ok
14367,65521,ok
14368,65521,ok
14369,43690,ok
14370,43690,ok
14371,65521,ok
14372,65521,ok
14373,43690,ok
14374,43690,ok
14375,65521,ok
14376,65521,ok
14377,43690,ok
14378,43690,ok
14379,65521,ok
14380,65521,ok
14381,43690,ok
14382,43690,ok
14383,65521,ok
14384,65535,ok
14385,3,ok
14386,3,ok
14387,43690,ok
14388,43690,ok
14389,65521,ok
14390,65521,ok
14391,43690,ok
14392,43690,ok
14393,65521,ok
14394,65521,ok
14395,43690,ok
14396,43690,ok
14397,65521,ok
14398,65521,ok
14399,43690,ok
14400,14500,ok
14401,0,ok
14402,0,ok
14403,43690,ok
14404,43690,ok
14405,65521,ok
14406,65521,ok
14407,43690,ok
14408,43690,ok
14409,65521,ok
14410,65521,ok
14411,43690,ok
14412,43690,ok
14413,65521,ok
14414,65521,ok
14415,43690,ok
14416,43690,ok
14417,65521,ok
14418,65521,ok
14419,43690,ok
14420,43690,ok
14421,65521,ok
14422,65521,ok
14423,43690,ok
14424,43690,ok
14425,65521,ok
14426,65521,ok
14427,43690,ok
14428,43690,ok
14429,65521,ok
14430,65521,ok
14431,43690,ok
14432,43690,ok
14433,65521,ok
14434,65521,ok
14435,43690,ok
14436,43690,ok
14437,65521,ok
14438,65521,ok
14439,43690,ok
14440,43690,ok
14441,65521,ok
14442,65521,ok
14443,43690,ok
14444,43690,ok
14445,65521,ok
14446,65521,ok
14447,43690,ok
14448,43690,ok
14449,65521,ok
14450,65521,ok
14451,43690,ok
14452,43690,ok
14453,65521,ok
14454,65521,ok
14455,43690,ok
14456,43690,ok
14457,65521,ok
14458,65521,ok
14459,43690,ok
14460,43690,ok
14461,65521,ok
14462,65521,ok
14463,43690,ok
14464,43690,ok
14465,65521,ok
14466,65521,ok
14467,43690,ok
14468,43690,ok
14469,65521,ok
14470,65521,ok
14471,43690,ok
14472,43690,ok
14473,65521,ok
14474,65521,ok
14475,43690,ok
14476,43690,ok
14477,65521,ok
14478,65521,ok
14479,43690,ok
14480,43690,ok
14481,65521,ok
14482,65521,ok
14483,43690,ok
14484,43690,ok
14485,65521,ok
14486,65521,ok
14487,43690,ok
14488,43690,ok
14489,65521,ok
14490,65521,ok
14491,43690,ok
14492,43690,ok
14493,65521,ok
14494,65521,ok
14495,43690,ok
14496,43690,ok
14497,65521,ok
14498,65521,ok
14499,43690,ok
14500,14600,ok
14501,0,ok
14502,0,ok
14503,43690,ok
14504,43690,ok
14505,65521,ok
14506,65521,ok
14507,43690,ok
14508,43690,ok
14509,65521,ok
14510,65521,ok
14511,43690,ok
14512,43690,ok
14513,65521,ok
14514,65521,ok
14515,43690,ok
14516,43690,ok
14517,65521,ok
14518,65521,ok
14519,43690,ok
14520,43690,ok
14521,65521,ok
14522,65521,ok
14523,43690,ok
14524,43690,ok
14525,65521,ok
14526,65521,ok
14527,43690,ok
14528,43690,ok
14529,65521,ok
14530,65535,ok
14531,3,ok
14532,3,ok
14533,43690,ok
14534,43690,ok
14535,65521,ok
14536,65521,ok
14537,43690,ok
14538,43690,ok
14539,65521,ok
14540,65521,ok
14541,43690,ok
14542,43690,ok
14543,65521,ok
14544,65521,ok
14545,43690,ok
14546,43690,ok
14547,65521,ok
14548,65521,ok
14549,43690,ok
14550,43690,ok
14551,65521,ok
14552,65521,ok
14553,43690,ok
14554,43690,ok
14555,65521,ok
14556,65521,ok
14557,43690,ok
14558,43690,ok
14559,65521,ok
14560,65521,ok
14561,43690,ok
14562,43690,ok
14563,65521,ok
14564,65521,ok
14565,43690,ok
14566,43690,ok
14567,65521,ok
14568,65521,ok
14569,43690,ok
14570,43690,ok
14571,65521,ok
14572,65521,ok
14573,43690,ok
14574,43690,ok
14575,65521,ok
14576,65521,ok
14577,43690,ok
14578,43690,ok
14579,65521,ok
14580,65521,ok
14581,43690,ok
14582,43690,ok
14583,65521,ok
14584,65521,ok
14585,43690,ok
14586,43690,ok
14587,65521,ok
14588,65521,ok
14589,43690,ok
14590,43690,ok
14591,65521,ok
14592,65521,ok
14593,43690,ok
14594,43690,ok
14595,65521,ok
14596,65521,ok
14597,43690,ok
14598,43690,ok
14599,65521,ok
14600,0,ok
14601,43690,ok
14602,43690,ok
14603,65521,ok
14604,65521,ok
14605,43690,ok
14606,43690,ok
14607,65521,ok
14608,65521,ok
14609,43690,ok
14610,43690,ok
14611,65521,ok
14612,65521,ok
14613,43690,ok
14614,43690,ok
14615,65521,ok
14616,65521,ok
14617,43690,ok
14618,43690,ok
14619,65521,ok
14620,65521,ok
14621,43690,ok
14622,43690,ok
14623,65521,ok
14624,65521,ok
14625,43690,ok
14626,43690,ok
14627,65521,ok
14628,65521,ok
14629,43690,ok
14630,43690,ok
14631,65521,ok
14632,65521,ok
14633,43690,ok
14634,43690,ok
14635,65521,ok
14636,65521,ok
14637,43690,ok
14638,43690,ok
14639,65521,ok
14640,65521,ok
14641,43690,ok
14642,43690,ok
14643,65521,ok
14644,65521,ok
14645,43690,ok
14646,43690,ok
14647,65521,ok
14648,65521,ok
14649,43690,ok
14650,43690,ok
14651,65521,ok
14652,65521,ok
14653,43690,ok
14654,43690,ok
14655,65521,ok
14656,65521,ok
14657,43690,ok
14658,43690,ok
14659,65521,ok
14660,65521,ok
14661,43690,ok
14662,43690,ok
14663,65521,ok
14664,65521,ok
14665,43690,ok
14666,43690,ok
14667,65521,ok
14668,65521,ok
14669,43690,ok
14670,43690,ok
14671,65521,ok
14672,65521,ok
14673,43690,ok
14674,43690,ok
14675,65521,ok
14676,65535,ok
14677,3,ok
14678,3,ok
14679,43690,ok
14680,43690,ok
14681,65521,ok
14682,65521,ok
14683,43690,ok
14684,43690,ok
14685,65521,ok
14686,65521,ok
14687,43690,ok
14688,43690,ok
14689,65521,ok
14690,65521,ok
14691,43690,ok
14692,43690,ok
14693,65521,ok
14694,65521,ok
14695,43690,ok
14696,43690,ok
14697,65521,ok
14698,65521,ok
14699,43690,ok
14700,100,ok
14701,0,ok
14702,0,ok
14703,43690,ok
14704,43690,ok
14705,22279,ok
14706,22279,ok
14707,43690,ok
14708,43690,ok
14709,22279,ok
14710,22279,ok
14711,43690,ok
14712,43690,ok
14713,22279,ok
14714,22279,ok
14715,43690,ok
14716,43690,ok
14717,22279,ok
14718,22279,ok
14719,43690,ok
14720,43690,ok
14721,22279,ok
14722,22279,ok
14723,43690,ok
14724,43690,ok
14725,22279,ok
14726,22279,ok
14727,43690,ok
14728,43690,ok
14729,22279,ok
14730,22279,ok
14731,43690,ok
14732,43690,ok
14733,22279,ok
14734,22279,ok
14735,43690,ok
14736,43690,ok
14737,22279,ok
14738,22279,ok
14739,43690,ok
14740,43690,ok
14741,22279,ok
14742,22279,ok
14743,43690,ok
14744,43690,ok
14745,22279,ok
14746,22279,ok
14747,43690,ok
14748,43690,ok
14749,22279,ok
14750,22279,ok
14751,43690,ok
14752,43690,ok
14753,22279,ok
14754,22279,ok
14755,43690,ok
14756,43690,ok
14757,22279,ok
14758,22279,ok
14759,43690,ok
14760,43690,ok
14761,22279,ok
14762,22279,ok
14763,43690,ok
14764,43690,ok
14765,22279,ok
14766,22279,ok
14767,43690,ok
14768,43690,ok
14769,22279,ok
14770,22279,ok
14771,43690,ok
14772,43690,ok
14773,22279,ok
14774,22279,ok
14775,43690,ok
14776,43690,ok
14777,22279,ok
14778,22279,ok
14779,43690,ok
14780,43690,ok
14781,22279,ok
14782,22279,ok
14783,43690,ok
14784,43690,ok
14785,22279,ok
14786,22279,ok
14787,43690,ok
14788,43690,ok
14789,22279,ok
14790,22279,ok
14791,43690,ok
14792,43690,ok
14793,22279,ok
14794,22279,ok
14795,43690,ok
14796,43690,ok
14797,22279,ok
14798,22279,ok
14799,43690,ok
14800,14900,ok
14801,0,ok
14802,0,ok
14803,43690,ok
14804,43690,ok
14805,65521,ok
14806,65521,ok
14807,43690,ok
14808,43690,ok
14809,65521,ok
14810,65521,ok
14811,43690,ok
14812,43690,ok
14813,65521,ok
14814,65521,ok
14815,43690,ok
14816,43690,ok
14817,65521,ok
14818,65521,ok
14819,43690,ok
14820,43690,ok
14821,65521,ok
14822,65535,ok
14823,3,ok
14824,3,ok
14825,41943,ok
14826,55050,ok
14827,65521,ok
14828,65521,ok
14829,4681,ok
14830,18725,ok
14831,65521,ok
14832,65521,ok
14833,41943,ok
14834,55050,ok
14835,65521,ok
14836,65521,ok
14837,41943,ok
14838,55050,ok
14839,65521,ok
14840,65521,ok
14841,4681,ok
14842,18725,ok
14843,65521,ok
14844,65521,ok
14845,41943,ok
14846,55050,ok
14847,65521,ok
14848,65521,ok
14849,28162,ok
14850,523,ok
14851,65521,ok
14852,65521,ok
14853,57578,ok
14854,59919,ok
14855,65521,ok
14856,65521,ok
14857,52428,ok
14858,52429,ok
14859,65521,ok
14860,65521,ok
14861,58514,ok
14862,37449,ok
14863,65521,ok
14864,65521,ok
14865,17320,ok
14866,43066,ok
14867,65521,ok
14868,65521,ok
14869,0,ok
14870,0,ok
14871,65521,ok
14872,65521,ok
14873,31129,ok
14874,39322,ok
14875,65521,ok
14876,65521,ok
14877,49620,ok
14878,54302,ok
14879,65521,ok
14880,65521,ok
14881,64131,ok
14882,33704,ok
14883,65521,ok
14884,65521,ok
14885,0,ok
14886,0,ok
14887,65521,ok
14888,65521,ok
14889,19660,ok
14890,52429,ok
14891,65521,ok
14892,65521,ok
14893,42598,ok
14894,26215,ok
14895,65521,ok
14896,65521,ok
14897,0,ok
14898,0,ok
14899,65521,ok
14900,0,ok
14901,0,ok
14902,0,ok
14903,22279,ok
14904,22279,ok
14905,20597,ok
14906,29960,ok
14907,22279,ok
14908,22279,ok
14909,5383,ok
14910,1873,ok
14911,22279,ok
14912,22279,ok
14913,23171,ok
14914,33704,ok
14915,22279,ok
14916,22279,ok
14917,18490,ok
14918,14979,ok
14919,22279,ok
14920,22279,ok
14921,43534,ok
14922,3745,ok
14923,22279,ok
14924,22279,ok
14925,58046,ok
14926,48685,ok
14927,22279,ok
14928,22279,ok
14929,41662,ok
14930,48685,ok
14931,22279,ok
14932,22279,ok
14933,61322,ok
14934,35577,ok
14935,22279,ok
14936,22279,ok
14937,43066,ok
14938,14979,ok
14939,22279,ok
14940,22279,ok
14941,10298,ok
14942,14979,ok
14943,22279,ok
14944,22279,ok
14945,0,ok
14946,0,ok
14947,22279,ok
14948,22279,ok
14949,48215,ok
14950,22470,ok
14951,22279,ok
14952,22279,ok
14953,54301,ok
14954,7490,ok
14955,22279,ok
14956,22279,ok
14957,0,ok
14958,0,ok
14959,22279,ok
14960,22279,ok
14961,43066,ok
14962,14979,ok
14963,22279,ok
14964,22279,ok
14965,40725,ok
14966,5617,ok
14967,22279,ok
14968,2052,ok
14969,1946,ok
14970,1946,ok
14971,31575,ok
14972,22499,ok
14973,22279,ok
14974,22279,ok
14975,4748,ok
14976,36009,ok
14977,22279,ok
14978,22279,ok
14979,39307,ok
14980,35750,ok
14981,22279,ok
14982,22279,ok
14983,20370,ok
14984,37516,ok
14985,22279,ok
14986,22279,ok
14987,61307,ok
14988,31734,ok
14989,22279,ok
14990,22279,ok
14991,15884,ok
14992,3195,ok
14993,22279,ok
14994,22279,ok
14995,28176,ok
14996,4161,ok
14997,22279,ok
14998,22279,ok
14999,56098,ok
15000,100,ok
15001,0,ok
15002,0,ok
15003,22754,ok
15004,57919,ok
15005,22279,ok
15006,22279,ok
15007,41520,ok
15008,12385,ok
15009,22279,ok
15010,22279,ok
15011,18227,ok
15012,13308,ok
15013,22279,ok
15014,22279,ok
15015,4316,ok
15016,56382,ok
15017,22279,ok
15018,22279,ok
15019,16123,ok
15020,64302,ok
15021,22279,ok
15022,22279,ok
15023,28666,ok
15024,64015,ok
15025,22279,ok
15026,22279,ok
15027,50037,ok
15028,30123,ok
15029,22279,ok
15030,22279,ok
15031,30,ok
15032,7764,ok
15033,22279,ok
15034,22279,ok
15035,57818,ok
15036,55864,ok
15037,22279,ok
15038,22279,ok
15039,56747,ok
15040,43910,ok
15041,22279,ok
15042,22279,ok
15043,11213,ok
15044,52716,ok
15045,22279,ok
15046,22279,ok
15047,3401,ok
15048,18760,ok
15049,22279,ok
15050,22279,ok
15051,32496,ok
15052,61670,ok
15053,22279,ok
15054,22279,ok
15055,26899,ok
15056,4910,ok
15057,22279,ok
15058,22279,ok
15059,1227,ok
15060,52180,ok
15061,22279,ok
15062,22279,ok
15063,48651,ok
15064,3018,ok
15065,22279,ok
15066,22279,ok
15067,28393,ok
15068,59685,ok
15069,22279,ok
15070,22279,ok
15071,40328,ok
15072,35046,ok
15073,22279,ok
15074,22279,ok
15075,64670,ok
15076,40490,ok
15077,22279,ok
15078,22279,ok
15079,18864,ok
15080,45101,ok
15081,22279,ok
15082,22279,ok
15083,46254,ok
15084,44565,ok
15085,22279,ok
15086,22279,ok
15087,8614,ok
15088,42636,ok
15089,22279,ok
15090,22279,ok
15091,30404,ok
15092,50404,ok
15093,22279,ok
15094,22279,ok
15095,7258,ok
15096,23201,ok
15097,22279,ok
15098,22279,ok
15099,17739,ok
15100,15200,ok
15101,0,ok
15102,0,ok
15103,7289,ok
15104,31024,ok
15105,65521,ok
15106,65521,ok
15107,39831,ok
15108,38774,ok
15109,65521,ok
15110,65521,ok
15111,58088,ok
15112,59611,ok
15113,65521,ok
15114,65535,ok
15115,3,ok
15116,3,ok
15117,43690,ok
15118,43690,ok
15119,65521,ok
15120,65521,ok
15121,43690,ok
15122,43690,ok
15123,65521,ok
15124,65521,ok
15125,43690,ok
15126,43690,ok
15127,65521,ok
15128,65521,ok
15129,43690,ok
15130,43690,ok
15131,65521,ok
15132,65521,ok
15133,43690,ok
15134,43690,ok
15135,65521,ok
15136,65521,ok
15137,43690,ok
15138,43690,ok
15139,65521,ok
15140,65521,ok
15141,43690,ok
15142,43690,ok
15143,65521,ok
15144,65521,ok
15145,43690,ok
15146,43690,ok
15147,65521,ok
15148,65521,ok
15149,43690,ok
15150,43690,ok
15151,65521,ok
15152,65521,ok
15153,43690,ok
15154,43690,ok
15155,65521,ok
15156,65521,ok
15157,43690,ok
15158,43690,ok
15159,65521,ok
15160,65521,ok
15161,43690,ok
15162,43690,ok
15163,65521,ok
15164,65521,ok
15165,43690,ok
15166,43690,ok
15167,65521,ok
15168,65521,ok
15169,43690,ok
15170,43690,ok
15171,65521,ok
15172,65521,ok
15173,43690,ok
15174,43690,ok
15175,65521,ok
15176,65521,ok
15177,43690,ok
15178,43690,ok
15179,65521,ok
15180,65521,ok
15181,43690,ok
15182,43690,ok
15183,65521,ok
15184,65521,ok
15185,43690,ok
15186,43690,ok
15187,65521,ok
15188,65521,ok
15189,43690,ok
15190,43690,ok
15191,65521,ok
15192,65521,ok
15193,43690,ok
15194,43690,ok
15195,65521,ok
15196,65521,ok
15197,43690,ok
15198,43690,ok
15199,65521,ok
15200,0,ok
15201,43690,ok
15202,43690,ok
15203,22279,ok
15204,22279,ok
15205,43690,ok
15206,43690,ok
15207,22279,ok
15208,22279,ok
15209,43690,ok
15210,43690,ok
15211,22279,ok
15212,22279,ok
15213,43690,ok
15214,43690,ok
15215,22279,ok
15216,22279,ok
15217,43690,ok
15218,43690,ok
15219,22279,ok
15220,22279,ok
15221,43690,ok
15222,43690,ok
15223,22279,ok
15224,22279,ok
15225,43690,ok
15226,43690,ok
15227,22279,ok
15228,22279,ok
15229,43690,ok
15230,43690,ok
15231,22279,ok
15232,22279,ok
15233,43690,ok
15234,43690,ok
15235,22279,ok
15236,22279,ok
15237,43690,ok
15238,43690,ok
15239,22279,ok
15240,22279,ok
15241,43690,ok
15242,43690,ok
15243,22279,ok
15244,22279,ok
15245,43690,ok
15246,43690,ok
15247,22279,ok
15248,22279,ok
15249,43690,ok
15250,43690,ok
15251,22279,ok
15252,22279,ok
15253,43690,ok
15254,43690,ok
15255,22279,ok
15256,22279,ok
15257,43690,ok
15258,43690,ok
15259,22279,ok
15260,2052,ok
15261,1847,ok
15262,1847,ok
15263,43690,ok
15264,43690,ok
15265,22279,ok
15266,22279,ok
15267,43690,ok
15268,43690,ok
15269,22279,ok
15270,22279,ok
15271,43690,ok
15272,43690,ok
15273,22279,ok
15274,22279,ok
15275,43690,ok
15276,43690,ok
15277,22279,ok
15278,22279,ok
15279,43690,ok
15280,43690,ok
15281,22279,ok
15282,22279,ok
15283,43690,ok
15284,43690,ok
15285,22279,ok
15286,22279,ok
15287,43690,ok
15288,43690,ok
15289,22279,ok
15290,22279,ok
15291,43690,ok
15292,43690,ok
15293,22279,ok
15294,22279,ok
15295,43690,ok
15296,43690,ok
15297,22279,ok
15298,22279,ok
15299,43690,ok
15300,15400,ok
15301,0,ok
15302,0,ok
15303,43690,ok
15304,43690,ok
15305,65521,ok
15306,65521,ok
15307,43690,ok
15308,43690,ok
15309,65521,ok
15310,65521,ok
15311,43690,ok
15312,43690,ok
15313,65521,ok
15314,65521,ok
15315,43690,ok
15316,43690,ok
15317,65521,ok
15318,65521,ok
15319,43690,ok
15320,43690,ok
15321,65521,ok
15322,65521,ok
15323,43690,ok
15324,43690,ok
15325,65521,ok
15326,65521,ok
15327,43690,ok
15328,43690,ok
15329,65521,ok
15330,65521,ok
15331,43690,ok
15332,43690,ok
15333,65521,ok
15334,65521,ok
15335,43690,ok
15336,43690,ok
15337,65521,ok
15338,65521,ok
15339,43690,ok
15340,43690,ok
15341,65521,ok
15342,65521,ok
15343,43690,ok
15344,43690,ok
15345,65521,ok
15346,65521,ok
15347,43690,ok
15348,43690,ok
15349,65521,ok
15350,65521,ok
15351,43690,ok
15352,43690,ok
15353,65521,ok
15354,65521,ok
15355,43690,ok
15356,43690,ok
15357,65521,ok
15358,65521,ok
15359,43690,ok
15360,43690,ok
15361,65521,ok
15362,65521,ok
15363,43690,ok
15364,43690,ok
15365,65521,ok
15366,65521,ok
15367,43690,ok
15368,43690,ok
15369,65521,ok
15370,65521,ok
15371,43690,ok
15372,43690,ok
15373,65521,ok
15374,65521,ok
15375,43690,ok
15376,43690,ok
15377,65521,ok
15378,65521,ok
15379,43690,ok
15380,43690,ok
15381,65521,ok
15382,65521,ok
15383,43690,ok
15384,43690,ok
15385,65521,ok
15386,65521,ok
15387,43690,ok
15388,43690,ok
15389,65521,ok
15390,65521,ok
15391,43690,ok
15392,43690,ok
15393,65521,ok
15394,65521,ok
15395,43690,ok
15396,43690,ok
15397,65521,ok
15398,65521,ok
15399,43690,ok
15400,15500,ok
15401,0,ok
15402,0,ok
15403,43690,ok
15404,43690,ok
15405,65521,ok
15406,65535,ok
15407,3,ok
15408,3,ok
15409,43690,ok
15410,43690,ok
15411,65521,ok
15412,65521,ok
15413,43690,ok
15414,43690,ok
15415,65521,ok
15416,65521,ok
15417,43690,ok
15418,43690,ok
15419,65521,ok
15420,65521,ok
15421,43690,ok
15422,43690,ok
15423,65521,ok
15424,65521,ok
15425,43690,ok
15426,43690,ok
15427,65521,ok
15428,65521,ok
15429,43690,ok
15430,43690,ok
15431,65521,ok
15432,65521,ok
15433,43690,ok
15434,43690,ok
15435,65521,ok
15436,65521,ok
15437,43690,ok
15438,43690,ok
15439,65521,ok
15440,65521,ok
15441,43690,ok
15442,43690,ok
15443,65521,ok
15444,65521,ok
15445,43690,ok
15446,43690,ok
15447,65521,ok
15448,65521,ok
15449,43690,ok
15450,43690,ok
15451,65521,ok
15452,65521,ok
15453,43690,ok
15454,43690,ok
15455,65521,ok
15456,65521,ok
15457,43690,ok
15458,43690,ok
15459,65521,ok
15460,65521,ok
15461,43690,ok
15462,43690,ok
15463,65521,ok
15464,65521,ok
15465,43690,ok
15466,43690,ok
15467,65521,ok
15468,65521,ok
15469,43690,ok
15470,43690,ok
15471,65521,ok
15472,65521,ok
15473,43690,ok
15474,43690,ok
15475,65521,ok
15476,65521,ok
15477,43690,ok
15478,43690,ok
15479,65521,ok
15480,65521,ok
15481,43690,ok
15482,43690,ok
15483,65521,ok
15484,65521,ok
15485,43690,ok
15486,43690,ok
15487,65521,ok
15488,65521,ok
15489,43690,ok
15490,43690,ok
15491,65521,ok
15492,65521,ok
15493,43690,ok
15494,43690,ok
15495,65521,ok
15496,65521,ok
15497,43690,ok
15498,43690,ok
15499,65521,ok
15500,0,ok
15501,43690,ok
15502,43690,ok
15503,29283,ok
15504,29283,ok
15505,43690,ok
15506,43690,ok
15507,29283,ok
15508,29283,ok
15509,43690,ok
15510,43690,ok
15511,29283,ok
15512,29283,ok
15513,43690,ok
15514,43690,ok
15515,29283,ok
15516,29283,ok
15517,43690,ok
15518,43690,ok
15519,29283,ok
15520,29283,ok
15521,43690,ok
15522,43690,ok
15523,29283,ok
15524,29283,ok
15525,43690,ok
15526,43690,ok
15527,29283,ok
15528,29283,ok
15529,43690,ok
15530,43690,ok
15531,29283,ok
15532,29283,ok
15533,43690,ok
15534,43690,ok
15535,29283,ok
15536,29283,ok
15537,43690,ok
15538,43690,ok
15539,29283,ok
15540,29283,ok
15541,43690,ok
15542,43690,ok
15543,29283,ok
15544,29283,ok
15545,43690,ok
15546,43690,ok
15547,29283,ok
15548,29283,ok
15549,43690,ok
15550,43690,ok
15551,29283,ok
15552,256,ok
15553,3,ok
15554,3,ok
15555,43690,ok
15556,43690,ok
15557,29283,ok
15558,29283,ok
15559,43690,ok
15560,43690,ok
15561,29283,ok
15562,29283,ok
15563,43690,ok
15564,43690,ok
15565,29283,ok
15566,29283,ok
15567,43690,ok
15568,43690,ok
15569,29283,ok
15570,29283,ok
15571,43690,ok
15572,43690,ok
15573,29283,ok
15574,29283,ok
15575,43690,ok
15576,43690,ok
15577,29283,ok
15578,29283,ok
15579,43690,ok
15580,43690,ok
15581,29283,ok
15582,29283,ok
15583,43690,ok
15584,43690,ok
15585,29283,ok
15586,29283,ok
15587,43690,ok
15588,43690,ok
15589,29283,ok
15590,29283,ok
15591,43690,ok
15592,43690,ok
15593,29283,ok
15594,29283,ok
15595,43690,ok
15596,43690,ok
15597,29283,ok
15598,29283,ok
15599,43690,ok
15600,100,ok
15601,0,ok
15602,0,ok
15603,43690,ok
15604,43690,ok
15605,22279,ok
15606,22279,ok
15607,43690,ok
15608,43690,ok
15609,22279,ok
15610,22279,ok
15611,43690,ok
15612,43690,ok
15613,22279,ok
15614,22279,ok
15615,43690,ok
15616,43690,ok
15617,22279,ok
15618,22279,ok
15619,43690,ok
15620,43690,ok
15621,22279,ok
15622,22279,ok
15623,43690,ok
15624,43690,ok
15625,22279,ok
15626,22279,ok
15627,43690,ok
15628,43690,ok
15629,22279,ok
15630,22279,ok
15631,43690,ok
15632,43690,ok
15633,22279,ok
15634,22279,ok
15635,43690,ok
15636,43690,ok
15637,22279,ok
15638,22279,ok
15639,43690,ok
15640,43690,ok
15641,22279,ok
15642,22279,ok
15643,43690,ok
15644,43690,ok
15645,22279,ok
15646,22279,ok
15647,43690,ok
15648,43690,ok
15649,22279,ok
15650,22279,ok
15651,43690,ok
15652,43690,ok
15653,22279,ok
15654,22279,ok
15655,43690,ok
15656,43690,ok
15657,22279,ok
15658,22279,ok
15659,43690,ok
15660,43690,ok
15661,22279,ok
15662,22279,ok
15663,43690,ok
15664,43690,ok
15665,22279,ok
15666,22279,ok
15667,43690,ok
15668,43690,ok
15669,22279,ok
15670,22279,ok
15671,43690,ok
15672,43690,ok
15673,22279,ok
15674,22279,ok
15675,43690,ok
15676,43690,ok
15677,22279,ok
15678,22279,ok
15679,43690,ok
15680,43690,ok
15681,22279,ok
15682,22279,ok
15683,43690,ok
15684,43690,ok
15685,22279,ok
15686,22279,ok
15687,43690,ok
15688,43690,ok
15689,22279,ok
15690,22279,ok
15691,43690,ok
15692,43690,ok
15693,22279,ok
15694,22279,ok
15695,43690,ok
15696,43690,ok
15697,22279,ok
15698,2052,ok
15699,1946,ok
15700,0,ok
15701,43690,ok
15702,43690,ok
15703,22279,ok
15704,22279,ok
15705,43690,ok
15706,43690,ok
15707,22279,ok
15708,22279,ok
15709,43690,ok
15710,43690,ok
15711,22279,ok
15712,22279,ok
15713,43690,ok
15714,43690,ok
15715,22279,ok
15716,22279,ok
15717,43690,ok
15718,43690,ok
15719,22279,ok
15720,22279,ok
15721,43690,ok
15722,43690,ok
15723,22279,ok
15724,22279,ok
15725,43690,ok
15726,43690,ok
15727,22279,ok
15728,22279,ok
15729,43690,ok
15730,43690,ok
15731,22279,ok
15732,22279,ok
15733,43690,ok
15734,43690,ok
15735,22279,ok
15736,22279,ok
15737,43690,ok
15738,43690,ok
15739,22279,ok
15740,22279,ok
15741,43690,ok
15742,43690,ok
15743,22279,ok
15744,22279,ok
15745,43690,ok
15746,43690,ok
15747,22279,ok
15748,22279,ok
15749,43690,ok
15750,43690,ok
15751,22279,ok
15752,22279,ok
15753,43690,ok
15754,43690,ok
15755,22279,ok
15756,22279,ok
15757,43690,ok
15758,43690,ok
15759,22279,ok
15760,22279,ok
15761,43690,ok
15762,43690,ok
15763,22279,ok
15764,22279,ok
15765,43690,ok
15766,43690,ok
15767,22279,ok
15768,22279,ok
15769,43690,ok
15770,43690,ok
15771,22279,ok
15772,22279,ok
15773,43690,ok
15774,43690,ok
15775,22279,ok
15776,22279,ok
15777,43690,ok
15778,43690,ok
15779,22279,ok
15780,22279,ok
15781,43690,ok
15782,43690,ok
15783,22279,ok
15784,22279,ok
15785,43690,ok
15786,43690,ok
15787,22279,ok
15788,22279,ok
15789,43690,ok
15790,43690,ok
15791,22279,ok
15792,22279,ok
15793,43690,ok
15794,43690,ok
15795,22279,ok
15796,22279,ok
15797,43690,ok
15798,43690,ok
15799,22279,ok
15800,0,ok
15801,43690,ok
15802,43690,ok
15803,22279,ok
15804,22279,ok
15805,43690,ok
15806,43690,ok
15807,22279,ok
15808,22279,ok
15809,43690,ok
15810,43690,ok
15811,22279,ok
15812,22279,ok
15813,43690,ok
15814,43690,ok
15815,22279,ok
15816,22279,ok
15817,43690,ok
15818,43690,ok
15819,22279,ok
15820,22279,ok
15821,43690,ok
15822,43690,ok
15823,22279,ok
15824,22279,ok
15825,43690,ok
15826,43690,ok
15827,22279,ok
15828,22279,ok
15829,43690,ok
15830,43690,ok
15831,22279,ok
15832,22279,ok
15833,43690,ok
15834,43690,ok
15835,22279,ok
15836,22279,ok
15837,43690,ok
15838,43690,ok
15839,22279,ok
15840,22279,ok
15841,43690,ok
15842,43690,ok
15843,22279,ok
15844,2052,ok
15845,6416,ok
15846,6416,ok
15847,43690,ok
15848,43690,ok
15849,22279,ok
15850,22279,ok
15851,43690,ok
15852,43690,ok
15853,22279,ok
15854,22279,ok
15855,43690,ok
15856,43690,ok
15857,22279,ok
15858,22279,ok
15859,43690,ok
15860,43690,ok
15861,22279,ok
15862,22279,ok
15863,43690,ok
15864,43690,ok
15865,22279,ok
15866,22279,ok
15867,43690,ok
15868,43690,ok
15869,22279,ok
15870,22279,ok
15871,43690,ok
15872,43690,ok
15873,22279,ok
15874,22279,ok
15875,43690,ok
15876,43690,ok
15877,22279,ok
15878,22279,ok
15879,43690,ok
15880,43690,ok
15881,22279,ok
15882,22279,ok
15883,43690,ok
15884,43690,ok
15885,22279,ok
15886,22279,ok
15887,43690,ok
15888,43690,ok
15889,22279,ok
15890,22279,ok
15891,43690,ok
15892,43690,ok
15893,22279,ok
15894,22279,ok
15895,43690,ok
15896,43690,ok
15897,22279,ok
15898,22279,ok
15899,43690,ok
15900,100,ok
15901,0,ok
15902,0,ok
15903,43690,ok
15904,43690,ok
15905,22279,ok
15906,22279,ok
15907,43690,ok
15908,43690,ok
15909,22279,ok
15910,22279,ok
15911,43690,ok
15912,43690,ok
15913,22279,ok
15914,22279,ok
15915,43690,ok
15916,43690,ok
15917,22279,ok
15918,22279,ok
15919,43690,ok
15920,43690,ok
15921,22279,ok
15922,22279,ok
15923,43690,ok
15924,43690,ok
15925,22279,ok
15926,22279,ok
15927,43690,ok
15928,43690,ok
15929,22279,ok
15930,22279,ok
15931,43690,ok
15932,43690,ok
15933,22279,ok
15934,22279,ok
15935,43690,ok
15936,43690,ok
15937,22279,ok
15938,22279,ok
15939,43690,ok
15940,43690,ok
15941,22279,ok
15942,22279,ok
15943,43690,ok
15944,43690,ok
15945,22279,ok
15946,22279,ok
15947,43690,ok
15948,43690,ok
15949,22279,ok
15950,22279,ok
15951,43690,ok
15952,43690,ok
15953,22279,ok
15954,22279,ok
15955,43690,ok
15956,43690,ok
15957,22279,ok
15958,22279,ok
15959,43690,ok
15960,43690,ok
15961,22279,ok
15962,22279,ok
15963,43690,ok
15964,43690,ok
15965,22279,ok
15966,22279,ok
15967,43690,ok
15968,43690,ok
15969,22279,ok
15970,22279,ok
15971,43690,ok
15972,43690,ok
15973,22279,ok
15974,22279,ok
15975,43690,ok
15976,43690,ok
15977,22279,ok
15978,22279,ok
15979,43690,ok
15980,43690,ok
15981,22279,ok
15982,22279,ok
15983,43690,ok
15984,43690,ok
15985,22279,ok
15986,22279,ok
15987,43690,ok
15988,43690,ok
15989,22279,ok
15990,2052,ok
15991,6416,ok
15992,6416,ok
15993,43690,ok
15994,43690,ok
15995,22279,ok
15996,22279,ok
15997,43690,ok
15998,43690,ok
15999,22279,ok
16000,0,ok
16001,43690,ok
16002,43690,ok
16003,65521,ok
16004,65521,ok
16005,43690,ok
16006,43690,ok
16007,65521,ok
16008,65521,ok
16009,43690,ok
16010,43690,ok
16011,65521,ok
16012,65521,ok
16013,43690,ok
16014,43690,ok
16015,65521,ok
16016,65521,ok
16017,43690,ok
16018,43690,ok
16019,65521,ok
16020,65521,ok
16021,43690,ok
16022,43690,ok
16023,65521,ok
16024,65521,ok
16025,43690,ok
16026,43690,ok
16027,65521,ok
16028,65521,ok
16029,43690,ok
16030,43690,ok
16031,65521,ok
16032,65521,ok
16033,43690,ok
16034,43690,ok
16035,65521,ok
16036,65521,ok
16037,43690,ok
16038,43690,ok
16039,65521,ok
16040,65521,ok
16041,43690,ok
16042,43690,ok
16043,65521,ok
16044,65521,ok
16045,43690,ok
16046,43690,ok
16047,65521,ok
16048,65521,ok
16049,43690,ok
16050,43690,ok
16051,65521,ok
16052,65521,ok
16053,43690,ok
16054,43690,ok
16055,65521,ok
16056,65521,ok
16057,43690,ok
16058,43690,ok
16059,65521,ok
16060,65521,ok
16061,43690,ok
16062,43690,ok
16063,65521,ok
16064,65521,ok
16065,43690,ok
16066,43690,ok
16067,65521,ok
16068,65521,ok
16069,43690,ok
16070,43690,ok
16071,65521,ok
16072,65521,ok
16073,43690,ok
16074,43690,ok
16075,65521,ok
16076,65521,ok
16077,43690,ok
16078,43690,ok
16079,65521,ok
16080,65521,ok
16081,43690,ok
16082,43690,ok
16083,65521,ok
16084,65521,ok
16085,43690,ok
16086,43690,ok
16087,65521,ok
16088,65521,ok
16089,43690,ok
16090,43690,ok
16091,65521,ok
16092,65521,ok
16093,43690,ok
16094,43690,ok
16095,65521,ok
16096,65521,ok
16097,43690,ok
16098,43690,ok
16099,65521,ok
16100,0,ok
16101,43690,ok
16102,43690,ok
16103,22279,ok
16104,22279,ok
16105,43690,ok
16106,43690,ok
16107,22279,ok
16108,22279,ok
16109,43690,ok
16110,43690,ok
16111,22279,ok
16112,22279,ok
16113,43690,ok
16114,43690,ok
16115,22279,ok
16116,22279,ok
16117,43690,ok
16118,43690,ok
16119,22279,ok
16120,22279,ok
16121,43690,ok
16122,43690,ok
16123,22279,ok
16124,22279,ok
16125,43690,ok
16126,43690,ok
16127,22279,ok
16128,22279,ok
16129,43690,ok
16130,43690,ok
16131,22279,ok
16132,22279,ok
16133,43690,ok
16134,43690,ok
16135,22279,ok
16136,2052,ok
16137,1887,ok
16138,1887,ok
16139,43690,ok
16140,43690,ok
16141,22279,ok
16142,22279,ok
16143,43690,ok
16144,43690,ok
16145,22279,ok
16146,22279,ok
16147,43690,ok
16148,43690,ok
16149,22279,ok
16150,22279,ok
16151,43690,ok
16152,43690,ok
16153,22279,ok
16154,22279,ok
16155,43690,ok
16156,43690,ok
16157,22279,ok
16158,22279,ok
16159,43690,ok
16160,43690,ok
16161,22279,ok
16162,22279,ok
16163,43690,ok
16164,43690,ok
16165,22279,ok
16166,22279,ok
16167,43690,ok
16168,43690,ok
16169,22279,ok
16170,22279,ok
16171,43690,ok
16172,43690,ok
16173,22279,ok
16174,22279,ok
16175,43690,ok
16176,43690,ok
16177,22279,ok
16178,22279,ok
16179,43690,ok
16180,43690,ok
16181,22279,ok
16182,22279,ok
16183,43690,ok
16184,43690,ok
16185,22279,ok
16186,22279,ok
16187,43690,ok
16188,43690,ok
16189,22279,ok
16190,22279,ok
16191,43690,ok
16192,43690,ok
16193,22279,ok
16194,22279,ok
16195,43690,ok
16196,43690,ok
16197,22279,ok
16198,22279,ok
16199,43690,ok
16200,100,ok
16201,0,ok
16202,0,ok
16203,43690,ok
16204,43690,ok
16205,22279,ok
16206,22279,ok
16207,43690,ok
16208,43690,ok
16209,22279,ok
16210,22279,ok
16211,43690,ok
16212,43690,ok
16213,22279,ok
16214,22279,ok
16215,43690,ok
16216,43690,ok
16217,22279,ok
16218,22279,ok
16219,43690,ok
16220,43690,ok
16221,22279,ok
16222,22279,ok
16223,43690,ok
16224,43690,ok
16225,22279,ok
16226,22279,ok
16227,43690,ok
16228,43690,ok
16229,22279,ok
16230,22279,ok
16231,43690,ok
16232,43690,ok
16233,22279,ok
16234,22279,ok
16235,43690,ok
16236,43690,ok
16237,22279,ok
16238,22279,ok
16239,43690,ok
16240,43690,ok
16241,22279,ok
16242,22279,ok
16243,43690,ok
16244,43690,ok
16245,22279,ok
16246,22279,ok
16247,43690,ok
16248,43690,ok
16249,22279,ok
16250,22279,ok
16251,43690,ok
16252,43690,ok
16253,22279,ok
16254,22279,ok
16255,43690,ok
16256,43690,ok
16257,22279,ok
16258,22279,ok
16259,43690,ok
16260,43690,ok
16261,22279,ok
16262,22279,ok
16263,43690,ok
16264,43690,ok
16265,22279,ok
16266,22279,ok
16267,43690,ok
16268,43690,ok
16269,22279,ok
16270,22279,ok
16271,43690,ok
16272,43690,ok
16273,22279,ok
16274,22279,ok
16275,43690,ok
16276,43690,ok
16277,22279,ok
16278,22279,ok
16279,43690,ok
16280,43690,ok
16281,22279,ok
16282,2052,ok
16283,1946,ok
16284,1946,ok
16285,43690,ok
16286,43690,ok
16287,22279,ok
16288,22279,ok
16289,43690,ok
16290,43690,ok
16291,22279,ok
16292,22279,ok
16293,43690,ok
16294,43690,ok
16295,22279,ok
16296,22279,ok
16297,43690,ok
16298,43690,ok
16299,22279,ok
16300,0,ok
16301,43690,ok
16302,43690,ok
16303,22279,ok
16304,22279,ok
16305,43690,ok
16306,43690,ok
16307,22279,ok
16308,22279,ok
16309,43690,ok
16310,43690,ok
16311,22279,ok
16312,22279,ok
16313,43690,ok
16314,43690,ok
16315,22279,ok
16316,22279,ok
16317,43690,ok
16318,43690,ok
16319,22279,ok
16320,22279,ok
16321,43690,ok
16322,43690,ok
16323,22279,ok
16324,22279,ok
16325,43690,ok
16326,43690,ok
16327,22279,ok
16328,22279,ok
16329,43690,ok
16330,43690,ok
16331,22279,ok
16332,22279,ok
16333,43690,ok
16334,43690,ok
16335,22279,ok
16336,22279,ok
16337,43690,ok
16338,43690,ok
16339,22279,ok
16340,22279,ok
16341,43690,ok
16342,43690,ok
16343,22279,ok
16344,22279,ok
16345,43690,ok
16346,43690,ok
16347,22279,ok
16348,22279,ok
16349,43690,ok
16350,43690,ok
16351,22279,ok
16352,22279,ok
16353,43690,ok
16354,43690,ok
16355,22279,ok
16356,22279,ok
16357,43690,ok
16358,43690,ok
16359,22279,ok
16360,22279,ok
16361,43690,ok
16362,43690,ok
16363,22279,ok
16364,22279,ok
16365,43690,ok
16366,43690,ok
16367,22279,ok
16368,22279,ok
16369,43690,ok
16370,43690,ok
16371,22279,ok
16372,22279,ok
16373,43690,ok
16374,43690,ok
16375,22279,ok
16376,22279,ok
16377,43690,ok
16378,43690,ok
16379,22279,ok
16380,22279,ok
16381,43690,ok
16382,43690,ok
16383,22279,ok
16384,22279,ok
16385,,skipped_cmd_area
16386,,skipped_cmd_area
16387,,skipped_cmd_area
16388,,skipped_cmd_area
16389,,skipped_cmd_area
16390,,skipped_cmd_area
16391,,skipped_cmd_area
16392,,skipped_cmd_area
16393,,skipped_cmd_area
16394,,skipped_cmd_area
16395,,skipped_cmd_area
16396,,skipped_cmd_area
16397,,skipped_cmd_area
16398,,skipped_cmd_area
16399,,skipped_cmd_area
16400,,skipped_cmd_area
16401,,skipped_cmd_area
16402,,skipped_cmd_area
16403,,skipped_cmd_area
16404,,skipped_cmd_area
16405,,skipped_cmd_area
16406,100,ok
16407,0,ok
16408,0,ok
16409,43690,ok
16410,43690,ok
16411,22279,ok
16412,22279,ok
16413,43690,ok
16414,43690,ok
16415,22279,ok
16416,22279,ok
16417,43690,ok
16418,43690,ok
16419,22279,ok
16420,22279,ok
16421,43690,ok
16422,43690,ok
16423,22279,ok
16424,22279,ok
16425,43690,ok
16426,43690,ok
16427,22279,ok
16428,2052,ok
16429,1946,ok
16430,1946,ok
16431,43690,ok
16432,43690,ok
16433,22279,ok
16434,22279,ok
16435,43690,ok
16436,43690,ok
16437,22279,ok
16438,22279,ok
16439,43690,ok
16440,43690,ok
16441,22279,ok
16442,22279,ok
16443,43690,ok
16444,43690,ok
16445,22279,ok
16446,22279,ok
16447,43690,ok
16448,43690,ok
16449,22279,ok
16450,22279,ok
16451,43690,ok
16452,43690,ok
16453,22279,ok
16454,22279,ok
16455,43690,ok
16456,43690,ok
16457,22279,ok
16458,22279,ok
16459,43690,ok
16460,43690,ok
16461,22279,ok
16462,22279,ok
16463,43690,ok
16464,43690,ok
16465,22279,ok
16466,22279,ok
16467,43690,ok
16468,43690,ok
16469,22279,ok
16470,22279,ok
16471,43690,ok
16472,43690,ok
16473,22279,ok
16474,22279,ok
16475,43690,ok
16476,43690,ok
16477,22279,ok
16478,22279,ok
16479,43690,ok
16480,43690,ok
16481,22279,ok
16482,22279,ok
16483,43690,ok
16484,43690,ok
16485,22279,ok
16486,22279,ok
16487,43690,ok
16488,43690,ok
16489,22279,ok
16490,22279,ok
16491,43690,ok
16492,43690,ok
16493,22279,ok
16494,22279,ok
16495,43690,ok
16496,43690,ok
16497,22279,ok
16498,22279,ok
16499,43690,ok
16500,0,ok
16501,0,ok
16502,0,ok
16503,0,ok
16504,0,ok
16505,0,ok
16506,0,ok
16507,0,ok
16508,0,ok
16509,0,ok
16510,0,ok
16511,0,ok
16512,0,ok
16513,0,ok
16514,0,ok
16515,0,ok
16516,0,ok
16517,0,ok
16518,0,ok
16519,0,ok
16520,0,ok
16521,0,ok
16522,0,ok
16523,0,ok
16524,0,ok
16525,0,ok
16526,0,ok
16527,0,ok
16528,0,ok
16529,0,ok
16530,0,ok
16531,0,ok
16532,0,ok
16533,0,ok
16534,0,ok
16535,0,ok
16536,0,ok
16537,0,ok
16538,0,ok
16539,0,ok
16540,0,ok
16541,0,ok
16542,0,ok
16543,0,ok
16544,0,ok
16545,0,ok
16546,0,ok
16547,0,ok
16548,0,ok
16549,0,ok
16550,0,ok
16551,0,ok
16552,0,ok
16553,0,ok
16554,0,ok
16555,0,ok
16556,0,ok
16557,0,ok
16558,0,ok
16559,0,ok
16560,0,ok
16561,0,ok
16562,0,ok
16563,0,ok
16564,0,ok
16565,0,ok
16566,0,ok
16567,0,ok
16568,0,ok
16569,0,ok
16570,0,ok
16571,0,ok
16572,0,ok
16573,0,ok
16574,0,ok
16575,0,ok
16576,0,ok
16577,0,ok
16578,0,ok
16579,0,ok
16580,0,ok
16581,0,ok
16582,0,ok
16583,0,ok
16584,0,ok
16585,0,ok
16586,0,ok
16587,0,ok
16588,0,ok
16589,0,ok
16590,0,ok
16591,0,ok
16592,0,ok
16593,0,ok
16594,0,ok
16595,0,ok
16596,0,ok
16597,0,ok
16598,0,ok
16599,0,ok
16600,0,ok
16601,0,ok
16602,0,ok
16603,0,ok
16604,0,ok
16605,0,ok
16606,0,ok
16607,0,ok
16608,0,ok
16609,0,ok
16610,0,ok
16611,0,ok
16612,0,ok
16613,0,ok
16614,0,ok
16615,0,ok
16616,0,ok
16617,0,ok
16618,0,ok
16619,0,ok
16620,0,ok
16621,0,ok
16622,0,ok
16623,0,ok
16624,0,ok
16625,0,ok
16626,0,ok
16627,0,ok
16628,0,ok
16629,0,ok
16630,0,ok
16631,0,ok
16632,0,ok
16633,0,ok
16634,0,ok
16635,0,ok
16636,0,ok
16637,0,ok
16638,0,ok
16639,0,ok
16640,0,ok
16641,0,ok
16642,0,ok
16643,0,ok
16644,0,ok
16645,0,ok
16646,0,ok
16647,0,ok
16648,0,ok
16649,0,ok
16650,0,ok
16651,0,ok
16652,0,ok
16653,0,ok
16654,0,ok
16655,0,ok
16656,0,ok
16657,0,ok
16658,0,ok
16659,0,ok
16660,0,ok
16661,0,ok
16662,0,ok
16663,0,ok
16664,0,ok
16665,0,ok
16666,0,ok
16667,0,ok
16668,0,ok
16669,0,ok
16670,0,ok
16671,0,ok
16672,0,ok
16673,0,ok
16674,0,ok
16675,0,ok
16676,0,ok
16677,0,ok
16678,0,ok
16679,0,ok
16680,0,ok
16681,0,ok
16682,0,ok
16683,0,ok
16684,0,ok
16685,0,ok
16686,0,ok
16687,0,ok
16688,0,ok
16689,0,ok
16690,0,ok
16691,0,ok
16692,0,ok
16693,0,ok
16694,0,ok
16695,0,ok
16696,0,ok
16697,0,ok
16698,0,ok
16699,0,ok
16700,0,ok
16701,0,ok
16702,0,ok
16703,0,ok
16704,0,ok
16705,0,ok
16706,0,ok
16707,0,ok
16708,0,ok
16709,0,ok
16710,0,ok
16711,0,ok
16712,0,ok
16713,0,ok
16714,0,ok
16715,0,ok
16716,0,ok
16717,0,ok
16718,0,ok
16719,0,ok
16720,0,ok
16721,0,ok
16722,0,ok
16723,0,ok
16724,0,ok
16725,0,ok
16726,0,ok
16727,0,ok
16728,0,ok
16729,0,ok
16730,0,ok
16731,0,ok
16732,0,ok
16733,0,ok
16734,0,ok
16735,0,ok
16736,0,ok
16737,0,ok
16738,0,ok
16739,0,ok
16740,0,ok
16741,0,ok
16742,0,ok
16743,0,ok
16744,0,ok
16745,0,ok
16746,0,ok
16747,0,ok
16748,0,ok
16749,0,ok
16750,0,ok
16751,0,ok
16752,65024,ok
16753,0,ok
16754,0,ok
16755,43690,ok
16756,0,ok
16757,0,ok
16758,0,ok
16759,0,ok
16760,0,ok
16761,0,ok
16762,0,ok
16763,0,ok
16764,0,ok
16765,0,ok
16766,0,ok
16767,0,ok
16768,0,ok
16769,0,ok
16770,0,ok
16771,0,ok
16772,0,ok
16773,0,ok
16774,0,ok
16775,0,ok
16776,0,ok
16777,0,ok
16778,0,ok
16779,0,ok
16780,0,ok
16781,0,ok
16782,0,ok
16783,0,ok
16784,0,ok
16785,0,ok
16786,0,ok
16787,0,ok
16788,0,ok
16789,0,ok
16790,0,ok
16791,0,ok
16792,0,ok
16793,0,ok
16794,0,ok
16795,0,ok
16796,0,ok
16797,0,ok
16798,0,ok
16799,0,ok
16800,0,ok
16801,0,ok
16802,0,ok
16803,0,ok
16804,0,ok
16805,0,ok
16806,0,ok
16807,0,ok
16808,0,ok
16809,0,ok
16810,0,ok
16811,0,ok
16812,0,ok
16813,0,ok
16814,0,ok
16815,0,ok
16816,0,ok
16817,0,ok
16818,0,ok
16819,0,ok
16820,0,ok
16821,0,ok
16822,0,ok
16823,0,ok
16824,0,ok
16825,0,ok
16826,0,ok
16827,0,ok
16828,0,ok
16829,0,ok
16830,0,ok
16831,0,ok
16832,0,ok
16833,0,ok
16834,0,ok
16835,0,ok
16836,0,ok
16837,0,ok
16838,0,ok
16839,0,ok
16840,0,ok
16841,0,ok
16842,0,ok
16843,0,ok
16844,0,ok
16845,0,ok
16846,0,ok
16847,0,ok
16848,0,ok
16849,0,ok
16850,0,ok
16851,0,ok
16852,0,ok
16853,0,ok
16854,0,ok
16855,0,ok
16856,0,ok
16857,0,ok
16858,0,ok
16859,0,ok
16860,0,ok
16861,0,ok
16862,0,ok
16863,0,ok
16864,0,ok
16865,0,ok
16866,0,ok
16867,0,ok
16868,0,ok
16869,0,ok
16870,0,ok
16871,0,ok
16872,0,ok
16873,0,ok
16874,0,ok
16875,0,ok
16876,0,ok
16877,0,ok
16878,0,ok
16879,0,ok
16880,0,ok
16881,0,ok
16882,0,ok
16883,0,ok
16884,0,ok
16885,0,ok
16886,0,ok
16887,0,ok
16888,0,ok
16889,0,ok
16890,0,ok
16891,0,ok
16892,0,ok
16893,0,ok
16894,0,ok
16895,0,ok
16896,0,ok
16897,0,ok
16898,0,ok
16899,0,ok
16900,0,ok
16901,0,ok
16902,0,ok
16903,0,ok
16904,0,ok
16905,0,ok
16906,0,ok
16907,0,ok
16908,0,ok
16909,0,ok
16910,0,ok
16911,0,ok
16912,0,ok
16913,0,ok
16914,0,ok
16915,0,ok
16916,0,ok
16917,0,ok
16918,0,ok
16919,0,ok
16920,0,ok
16921,0,ok
16922,0,ok
16923,0,ok
16924,0,ok
16925,0,ok
16926,0,ok
16927,0,ok
16928,0,ok
16929,0,ok
16930,0,ok
16931,0,ok
16932,0,ok
16933,0,ok
16934,0,ok
16935,0,ok
16936,0,ok
16937,0,ok
16938,0,ok
16939,0,ok
16940,0,ok
16941,0,ok
16942,0,ok
16943,0,ok
16944,0,ok
16945,0,ok
16946,0,ok
16947,0,ok
16948,0,ok
16949,0,ok
16950,0,ok
16951,0,ok
16952,0,ok
16953,0,ok
16954,0,ok
16955,0,ok
16956,0,ok
16957,0,ok
16958,0,ok
16959,0,ok
16960,0,ok
16961,0,ok
16962,0,ok
16963,0,ok
16964,0,ok
16965,0,ok
16966,0,ok
16967,0,ok
16968,0,ok
16969,0,ok
16970,0,ok
16971,0,ok
16972,0,ok
16973,0,ok
16974,0,ok
16975,0,ok
16976,0,ok
16977,0,ok
16978,0,ok
16979,0,ok
16980,0,ok
16981,0,ok
16982,0,ok
16983,0,ok
16984,0,ok
16985,0,ok
16986,0,ok
16987,0,ok
16988,0,ok
16989,0,ok
16990,0,ok
16991,0,ok
16992,0,ok
16993,0,ok
16994,0,ok
16995,0,ok
16996,0,ok
16997,0,ok
16998,0,ok
16999,0,ok
17000,0,ok
17001,0,ok
17002,0,ok
17003,0,ok
17004,65024,ok
17005,0,ok
17006,0,ok
17007,0,ok
17008,0,ok
17009,0,ok
17010,0,ok
17011,0,ok
17012,0,ok
17013,0,ok
17014,0,ok
17015,0,ok
17016,0,ok
17017,0,ok
17018,0,ok
17019,0,ok
17020,0,ok
17021,0,ok
17022,0,ok
17023,0,ok
17024,0,ok
17025,0,ok
17026,0,ok
17027,0,ok
17028,0,ok
17029,0,ok
17030,0,ok
17031,0,ok
17032,0,ok
17033,0,ok
17034,0,ok
17035,0,ok
17036,0,ok
17037,0,ok
17038,0,ok
17039,0,ok
17040,0,ok
17041,0,ok
17042,0,ok
17043,0,ok
17044,0,ok
17045,0,ok
17046,0,ok
17047,0,ok
17048,0,ok
17049,0,ok
17050,0,ok
17051,0,ok
17052,0,ok
17053,0,ok
17054,0,ok
17055,0,ok
17056,0,ok
17057,0,ok
17058,0,ok
17059,0,ok
17060,0,ok
17061,0,ok
17062,0,ok
17063,0,ok
17064,0,ok
17065,0,ok
17066,0,ok
17067,0,ok
17068,0,ok
17069,0,ok
17070,0,ok
17071,0,ok
17072,0,ok
17073,0,ok
17074,0,ok
17075,0,ok
17076,0,ok
17077,0,ok
17078,0,ok
17079,0,ok
17080,0,ok
17081,0,ok
17082,0,ok
17083,0,ok
17084,0,ok
17085,0,ok
17086,0,ok
17087,0,ok
17088,0,ok
17089,0,ok
17090,0,ok
17091,0,ok
17092,0,ok
17093,0,ok
17094,0,ok
17095,0,ok
17096,0,ok
17097,0,ok
17098,0,ok
17099,0,ok
17100,0,ok
17101,0,ok
17102,0,ok
17103,0,ok
17104,0,ok
17105,0,ok
17106,0,ok
17107,0,ok
17108,0,ok
17109,0,ok
17110,0,ok
17111,0,ok
17112,0,ok
17113,0,ok
17114,0,ok
17115,0,ok
17116,0,ok
17117,0,ok
17118,0,ok
17119,0,ok
17120,0,ok
17121,0,ok
17122,0,ok
17123,0,ok
17124,0,ok
17125,0,ok
17126,0,ok
17127,0,ok
17128,0,ok
17129,0,ok
17130,0,ok
17131,0,ok
17132,0,ok
17133,0,ok
17134,0,ok
17135,0,ok
17136,0,ok
17137,0,ok
17138,0,ok
17139,0,ok
17140,0,ok
17141,0,ok
17142,0,ok
17143,0,ok
17144,0,ok
17145,0,ok
17146,0,ok
17147,0,ok
17148,0,ok
17149,0,ok
17150,0,ok
17151,0,ok
17152,0,ok
17153,0,ok
17154,0,ok
17155,0,ok
17156,0,ok
17157,0,ok
17158,0,ok
17159,0,ok
17160,0,ok
17161,0,ok
17162,0,ok
17163,0,ok
17164,0,ok
17165,0,ok
17166,0,ok
17167,0,ok
17168,0,ok
17169,0,ok
17170,0,ok
17171,0,ok
17172,0,ok
17173,0,ok
17174,0,ok
17175,0,ok
17176,0,ok
17177,0,ok
17178,0,ok
17179,0,ok
17180,0,ok
17181,0,ok
17182,0,ok
17183,0,ok
17184,0,ok
17185,0,ok
17186,0,ok
17187,0,ok
17188,0,ok
17189,0,ok
17190,0,ok
17191,0,ok
17192,0,ok
17193,0,ok
17194,0,ok
17195,0,ok
17196,0,ok
17197,0,ok
17198,0,ok
17199,0,ok
17200,0,ok
17201,0,ok
17202,0,ok
17203,0,ok
17204,0,ok
17205,0,ok
17206,0,ok
17207,0,ok
17208,0,ok
17209,0,ok
17210,0,ok
17211,0,ok
17212,0,ok
17213,0,ok
17214,0,ok
17215,0,ok
17216,0,ok
17217,0,ok
17218,0,ok
17219,0,ok
17220,0,ok
17221,0,ok
17222,0,ok
17223,0,ok
17224,0,ok
17225,0,ok
17226,0,ok
17227,0,ok
17228,0,ok
17229,0,ok
17230,0,ok
17231,0,ok
17232,0,ok
17233,0,ok
17234,0,ok
17235,0,ok
17236,0,ok
17237,0,ok
17238,0,ok
17239,0,ok
17240,0,ok
17241,0,ok
17242,0,ok
17243,29710,ok
17244,14938,ok
17245,29710,ok
17246,14938,ok
17247,32331,ok
17248,15409,ok
17249,0,ok
17250,0,ok
17251,61749,ok
17252,15276,ok
17253,23010,ok
17254,15313,ok
17255,0,ok
17256,0,ok
17257,0,ok
17258,0,ok
17259,0,ok
17260,0,ok
17261,0,ok
17262,0,ok
17263,34953,ok
17264,15368,ok
17265,29710,ok
17266,14938,ok
17267,0,ok
17268,0,ok
17269,0,ok
17270,0,ok
17271,43108,ok
17272,15212,ok
17273,0,ok
17274,0,ok
17275,0,ok
17276,0,ok
17277,0,ok
17278,0,ok
17279,0,ok
17280,0,ok
17281,0,ok
17282,0,ok
17283,0,ok
17284,0,ok
17285,0,ok
17286,0,ok
17287,0,ok
17288,0,ok
17289,0,ok
17290,0,ok
17291,0,ok
17292,0,ok
17293,0,ok
17294,0,ok
17295,0,ok
17296,0,ok
17297,0,ok
17298,0,ok
17299,0,ok
17300,0,ok
17301,0,ok
17302,0,ok
17303,0,ok
17304,0,ok
17305,0,ok
17306,0,ok
17307,0,ok
17308,0,ok
17309,0,ok
17310,0,ok
17311,0,ok
17312,0,ok
17313,0,ok
17314,0,ok
17315,0,ok
17316,0,ok
17317,0,ok
17318,0,ok
17319,0,ok
17320,0,ok
17321,0,ok
17322,0,ok
17323,0,ok
17324,0,ok
17325,0,ok
17326,0,ok
17327,0,ok
17328,0,ok
17329,0,ok
17330,0,ok
17331,0,ok
17332,0,ok
17333,0,ok
17334,0,ok
17335,0,ok
17336,0,ok
17337,0,ok
17338,0,ok
17339,0,ok
17340,0,ok
17341,0,ok
17342,0,ok
17343,0,ok
17344,0,ok
17345,0,ok
17346,0,ok
17347,0,ok
17348,0,ok
17349,0,ok
17350,0,ok
17351,0,ok
17352,0,ok
17353,0,ok
17354,0,ok
17355,0,ok
17356,0,ok
17357,0,ok
17358,0,ok
17359,0,ok
17360,0,ok
17361,0,ok
17362,0,ok
17363,0,ok
17364,0,ok
17365,0,ok
17366,0,ok
17367,0,ok
17368,0,ok
17369,0,ok
17370,0,ok
17371,0,ok
17372,0,ok
17373,0,ok
17374,0,ok
17375,0,ok
17376,0,ok
17377,0,ok
17378,0,ok
17379,0,ok
17380,0,ok
17381,0,ok
17382,0,ok
17383,0,ok
17384,0,ok
17385,0,ok
17386,0,ok
17387,0,ok
17388,0,ok
17389,0,ok
17390,0,ok
17391,0,ok
17392,0,ok
17393,0,ok
17394,0,ok
17395,0,ok
17396,0,ok
17397,0,ok
17398,0,ok
17399,0,ok
17400,0,ok
17401,0,ok
17402,0,ok
17403,0,ok
17404,0,ok
17405,0,ok
17406,0,ok
17407,0,ok
17408,0,ok
17409,0,ok
17410,0,ok
17411,0,ok
17412,0,ok
17413,0,ok
17414,0,ok
17415,0,ok
17416,0,ok
17417,0,ok
17418,0,ok
17419,0,ok
17420,0,ok
17421,0,ok
17422,0,ok
17423,0,ok
17424,0,ok
17425,0,ok
17426,0,ok
17427,0,ok
17428,0,ok
17429,0,ok
17430,0,ok
17431,0,ok
17432,0,ok
17433,0,ok
17434,0,ok
17435,0,ok
17436,0,ok
17437,0,ok
17438,0,ok
17439,0,ok
17440,0,ok
17441,0,ok
17442,0,ok
17443,0,ok
17444,0,ok
17445,0,ok
17446,0,ok
17447,0,ok
17448,0,ok
17449,0,ok
17450,0,ok
17451,0,ok
17452,0,ok
17453,0,ok
17454,0,ok
17455,0,ok
17456,0,ok
17457,0,ok
17458,0,ok
17459,0,ok
17460,0,ok
17461,0,ok
17462,0,ok
17463,0,ok
17464,0,ok
17465,0,ok
17466,0,ok
17467,0,ok
17468,0,ok
17469,0,ok
17470,0,ok
17471,0,ok
17472,0,ok
17473,0,ok
17474,0,ok
17475,0,ok
17476,0,ok
17477,0,ok
17478,0,ok
17479,0,ok
17480,0,ok
17481,0,ok
17482,0,ok
17483,0,ok
17484,0,ok
17485,0,ok
17486,0,ok
17487,0,ok
17488,0,ok
17489,0,ok
17490,0,ok
17491,0,ok
17492,0,ok
17493,0,ok
17494,0,ok
17495,0,ok
17496,0,ok
17497,0,ok
17498,0,ok
17499,0,ok
17500,0,ok
17501,0,ok
17502,0,ok
17503,0,ok
17504,0,ok
17505,0,ok
17506,0,ok
17507,0,ok
17508,0,ok
17509,0,ok
17510,0,ok
17511,0,ok
17512,0,ok
17513,0,ok
17514,0,ok
17515,0,ok
17516,0,ok
17517,0,ok
17518,0,ok
17519,0,ok
17520,0,ok
17521,0,ok
17522,0,ok
17523,0,ok
17524,0,ok
17525,0,ok
17526,0,ok
17527,0,ok
17528,0,ok
17529,0,ok
17530,0,ok
17531,0,ok
17532,0,ok
17533,0,ok
17534,0,ok
17535,0,ok
17536,0,ok
17537,0,ok
17538,0,ok
17539,0,ok
17540,0,ok
17541,0,ok
17542,0,ok
17543,0,ok
17544,0,ok
17545,0,ok
17546,0,ok
17547,0,ok
17548,0,ok
17549,0,ok
17550,0,ok
17551,0,ok
17552,0,ok
17553,0,ok
17554,0,ok
17555,0,ok
17556,0,ok
17557,0,ok
17558,0,ok
17559,0,ok
17560,0,ok
17561,32331,ok
17562,15409,ok
17563,0,ok
17564,0,ok
17565,0,ok
17566,0,ok
17567,0,ok
17568,0,ok
17569,41652,ok
17570,14993,ok
17571,29710,ok
17572,14938,ok
17573,55050,ok
17574,15395,ok
17575,0,ok
17576,0,ok
17577,0,ok
17578,0,ok
17579,55050,ok
17580,15395,ok
17581,9612,ok
17582,15423,ok
17583,0,ok
17584,0,ok
17585,56507,ok
17586,15102,ok
17587,32622,ok
17588,15632,ok
17589,6991,ok
17590,15464,ok
17591,36991,ok
17592,15521,ok
17593,2913,ok
17594,15030,ok
17595,0,ok
17596,0,ok
17597,0,ok
17598,0,ok
17599,0,ok
17600,0,ok
17601,0,ok
17602,0,ok
17603,0,ok
17604,0,ok
17605,0,ok
17606,0,ok
17607,0,ok
17608,0,ok
17609,0,ok
17610,0,ok
17611,0,ok
17612,0,ok
17613,0,ok
17614,0,ok
17615,0,ok
17616,0,ok
17617,0,ok
17618,0,ok
17619,0,ok
17620,0,ok
17621,0,ok
17622,0,ok
17623,0,ok
17624,0,ok
17625,0,ok
17626,0,ok
17627,0,ok
17628,0,ok
17629,0,ok
17630,0,ok
17631,0,ok
17632,0,ok
17633,0,ok
17634,0,ok
17635,0,ok
17636,0,ok
17637,0,ok
17638,0,ok
17639,0,ok
17640,0,ok
17641,0,ok
17642,0,ok
17643,0,ok
17644,0,ok
17645,0,ok
17646,0,ok
17647,0,ok
17648,0,ok
17649,0,ok
17650,0,ok
17651,0,ok
17652,0,ok
17653,0,ok
17654,0,ok
17655,0,ok
17656,0,ok
17657,0,ok
17658,0,ok
17659,0,ok
17660,0,ok
17661,0,ok
17662,0,ok
17663,0,ok
17664,0,ok
17665,0,ok
17666,0,ok
17667,0,ok
17668,0,ok
17669,0,ok
17670,0,ok
17671,0,ok
17672,0,ok
17673,0,ok
17674,0,ok
17675,0,ok
17676,0,ok
17677,0,ok
17678,0,ok
17679,0,ok
17680,0,ok
17681,0,ok
17682,0,ok
17683,0,ok
17684,0,ok
17685,0,ok
17686,0,ok
17687,0,ok
17688,0,ok
17689,0,ok
17690,0,ok
17691,0,ok
17692,0,ok
17693,0,ok
17694,0,ok
17695,0,ok
17696,0,ok
17697,0,ok
17698,0,ok
17699,0,ok
17700,0,ok
17701,0,ok
17702,0,ok
17703,0,ok
17704,0,ok
17705,0,ok
17706,0,ok
17707,0,ok
17708,0,ok
17709,0,ok
17710,0,ok
17711,0,ok
17712,0,ok
17713,0,ok
17714,0,ok
17715,0,ok
17716,0,ok
17717,0,ok
17718,0,ok
17719,0,ok
17720,0,ok
17721,0,ok
17722,0,ok
17723,0,ok
17724,0,ok
17725,0,ok
17726,0,ok
17727,0,ok
17728,0,ok
17729,0,ok
17730,0,ok
17731,0,ok
17732,0,ok
17733,0,ok
17734,0,ok
17735,0,ok
17736,0,ok
17737,0,ok
17738,0,ok
17739,0,ok
17740,0,ok
17741,0,ok
17742,0,ok
17743,0,ok
17744,0,ok
17745,0,ok
17746,0,ok
17747,0,ok
17748,0,ok
17749,0,ok
17750,0,ok
17751,0,ok
17752,0,ok
17753,0,ok
17754,0,ok
17755,0,ok
17756,0,ok
17757,0,ok
17758,0,ok
17759,0,ok
17760,0,ok
17761,0,ok
17762,0,ok
17763,0,ok
17764,0,ok
17765,0,ok
17766,0,ok
17767,0,ok
17768,0,ok
17769,0,ok
17770,0,ok
17771,0,ok
17772,0,ok
17773,0,ok
17774,0,ok
17775,0,ok
17776,0,ok
17777,0,ok
17778,0,ok
17779,0,ok
17780,0,ok
17781,0,ok
17782,0,ok
17783,0,ok
17784,0,ok
17785,0,ok
17786,0,ok
17787,0,ok
17788,0,ok
17789,0,ok
17790,0,ok
17791,0,ok
17792,0,ok
17793,0,ok
17794,0,ok
17795,0,ok
17796,0,ok
17797,0,ok
17798,0,ok
17799,0,ok
17800,0,ok
17801,0,ok
17802,0,ok
17803,0,ok
17804,0,ok
17805,0,ok
17806,0,ok
17807,0,ok
17808,0,ok
17809,0,ok
17810,0,ok
17811,0,ok
17812,0,ok
17813,0,ok
17814,0,ok
17815,0,ok
17816,0,ok
17817,0,ok
17818,0,ok
17819,0,ok
17820,0,ok
17821,0,ok
17822,0,ok
17823,0,ok
17824,0,ok
17825,0,ok
17826,0,ok
17827,0,ok
17828,0,ok
17829,0,ok
17830,0,ok
17831,0,ok
17832,0,ok
17833,0,ok
17834,0,ok
17835,0,ok
17836,0,ok
17837,0,ok
17838,0,ok
17839,0,ok
17840,0,ok
17841,0,ok
17842,0,ok
17843,0,ok
17844,0,ok
17845,0,ok
17846,0,ok
17847,0,ok
17848,0,ok
17849,0,ok
17850,0,ok
17851,0,ok
17852,0,ok
17853,0,ok
17854,0,ok
17855,0,ok
17856,0,ok
17857,0,ok
17858,0,ok
17859,0,ok
17860,0,ok
17861,0,ok
17862,0,ok
17863,0,ok
17864,0,ok
17865,0,ok
17866,0,ok
17867,0,ok
17868,0,ok
17869,0,ok
17870,0,ok
17871,0,ok
17872,0,ok
17873,0,ok
17874,0,ok
17875,0,ok
17876,0,ok
17877,0,ok
17878,0,ok
17879,0,ok
17880,0,ok
17881,0,ok
17882,0,ok
17883,0,ok
17884,0,ok
17885,0,ok
17886,0,ok
17887,0,ok
17888,0,ok
17889,0,ok
17890,0,ok
17891,0,ok
17892,0,ok
17893,0,ok
17894,0,ok
17895,0,ok
17896,0,ok
17897,0,ok
17898,0,ok
17899,0,ok
17900,0,ok
17901,0,ok
17902,0,ok
17903,0,ok
17904,0,ok
17905,0,ok
17906,0,ok
17907,0,ok
17908,0,ok
17909,0,ok
17910,0,ok
17911,0,ok
17912,0,ok
17913,0,ok
17914,0,ok
17915,0,ok
17916,0,ok
17917,0,ok
17918,0,ok
17919,0,ok
17920,0,ok
17921,0,ok
17922,0,ok
17923,0,ok
17924,0,ok
17925,0,ok
17926,0,ok
17927,0,ok
17928,0,ok
17929,0,ok
17930,0,ok
17931,0,ok
17932,0,ok
17933,0,ok
17934,0,ok
17935,0,ok
17936,0,ok
17937,0,ok
17938,0,ok
17939,0,ok
17940,0,ok
17941,0,ok
17942,0,ok
17943,0,ok
17944,0,ok
17945,0,ok
17946,0,ok
17947,0,ok
17948,0,ok
17949,0,ok
17950,0,ok
17951,0,ok
17952,0,ok
17953,0,ok
17954,0,ok
17955,0,ok
17956,0,ok
17957,0,ok
17958,0,ok
17959,0,ok
17960,0,ok
17961,0,ok
17962,0,ok
17963,0,ok
17964,0,ok
17965,0,ok
17966,0,ok
17967,0,ok
17968,0,ok
17969,0,ok
17970,0,ok
17971,0,ok
17972,0,ok
17973,0,ok
17974,0,ok
17975,0,ok
17976,0,ok
17977,0,ok
17978,0,ok
17979,0,ok
17980,0,ok
17981,0,ok
17982,0,ok
17983,0,ok
17984,0,ok
17985,0,ok
17986,0,ok
17987,0,ok
17988,0,ok
17989,0,ok
17990,0,ok
17991,0,ok
17992,0,ok
17993,0,ok
17994,0,ok
17995,0,ok
17996,0,ok
17997,0,ok
17998,0,ok
17999,0,ok
18000,0,ok
18001,0,ok
18002,0,ok
18003,0,ok
18004,0,ok
18005,0,ok
18006,0,ok
18007,0,ok
18008,0,ok
18009,0,ok
18010,0,ok
18011,0,ok
18012,0,ok
18013,0,ok
18014,0,ok
18015,0,ok
18016,0,ok
18017,0,ok
18018,0,ok
18019,0,ok
18020,0,ok
18021,0,ok
18022,0,ok
18023,0,ok
18024,0,ok
18025,0,ok
18026,0,ok
18027,0,ok
18028,0,ok
18029,0,ok
18030,0,ok
18031,0,ok
18032,0,ok
18033,0,ok
18034,0,ok
18035,0,ok
18036,0,ok
18037,0,ok
18038,0,ok
18039,0,ok
18040,0,ok
18041,0,ok
18042,0,ok
18043,0,ok
18044,0,ok
18045,0,ok
18046,0,ok
18047,0,ok
18048,0,ok
18049,0,ok
18050,0,ok
18051,0,ok
18052,0,ok
18053,0,ok
18054,0,ok
18055,0,ok
18056,0,ok
18057,0,ok
18058,0,ok
18059,0,ok
18060,0,ok
18061,0,ok
18062,0,ok
18063,0,ok
18064,0,ok
18065,0,ok
18066,0,ok
18067,0,ok
18068,0,ok
18069,0,ok
18070,0,ok
18071,0,ok
18072,0,ok
18073,0,ok
18074,0,ok
18075,0,ok
18076,0,ok
18077,47556,ok
18078,14009,ok
18079,2149,ok
18080,14355,ok
18081,47556,ok
18082,46777,ok
18083,19283,ok
18084,47243,ok
18085,45846,ok
18086,47477,ok
18087,0,ok
18088,0,ok
18089,0,ok
18090,0,ok
18091,0,ok
18092,0,ok
18093,0,ok
18094,0,ok
18095,0,ok
18096,0,ok
18097,0,ok
18098,0,ok
18099,0,ok
18100,0,ok
18101,0,ok
18102,0,ok
18103,47556,ok
18104,14009,ok
18105,59119,ok
18106,14486,ok
18107,59119,ok
18108,47254,ok
18109,0,ok
18110,0,ok
18111,0,ok
18112,0,ok
18113,0,ok
18114,0,ok
18115,0,ok
18116,0,ok
18117,0,ok
18118,0,ok
18119,0,ok
18120,0,ok
18121,0,ok
18122,0,ok
18123,0,ok
18124,0,ok
18125,0,ok
18126,0,ok
18127,0,ok
18128,0,ok
18129,0,ok
18130,0,ok
18131,0,ok
18132,0,ok
18133,0,ok
18134,0,ok
18135,0,ok
18136,0,ok
18137,0,ok
18138,0,ok
18139,0,ok
18140,0,ok
18141,0,ok
18142,0,ok
18143,0,ok
18144,0,ok
18145,0,ok
18146,0,ok
18147,0,ok
18148,0,ok
18149,0,ok
18150,0,ok
18151,0,ok
18152,0,ok
18153,0,ok
18154,0,ok
18155,0,ok
18156,0,ok
18157,0,ok
18158,0,ok
18159,0,ok
18160,0,ok
18161,0,ok
18162,0,ok
18163,0,ok
18164,0,ok
18165,0,ok
18166,0,ok
18167,0,ok
18168,0,ok
18169,0,ok
18170,0,ok
18171,0,ok
18172,0,ok
18173,0,ok
18174,0,ok
18175,0,ok
18176,0,ok
18177,0,ok
18178,0,ok
18179,0,ok
18180,0,ok
18181,0,ok
18182,0,ok
18183,0,ok
18184,0,ok
18185,0,ok
18186,0,ok
18187,0,ok
18188,0,ok
18189,0,ok
18190,0,ok
18191,0,ok
18192,0,ok
18193,0,ok
18194,0,ok
18195,0,ok
18196,0,ok
18197,0,ok
18198,0,ok
18199,0,ok
18200,0,ok
18201,0,ok
18202,0,ok
18203,0,ok
18204,0,ok
18205,0,ok
18206,0,ok
18207,0,ok
18208,0,ok
18209,0,ok
18210,0,ok
18211,0,ok
18212,0,ok
18213,0,ok
18214,0,ok
18215,0,ok
18216,0,ok
18217,0,ok
18218,0,ok
18219,44449,ok
18220,15643,ok
18221,38404,ok
18222,15730,ok
18223,50446,ok
18224,15527,ok
18225,31922,ok
18226,15556,ok
18227,0,ok
18228,0,ok
18229,15429,ok
18230,15523,ok
18231,47447,ok
18232,15521,ok
18233,38935,ok
18234,15665,ok
18235,59442,ok
18236,15545,ok
18237,27424,ok
18238,15547,ok
18239,58910,ok
18240,15610,ok
18241,435,ok
18242,15493,ok
18243,13930,ok
18244,15648,ok
18245,38935,ok
18246,15665,ok
18247,6433,ok
18248,15505,ok
18249,0,ok
18250,0,ok
18251,0,ok
18252,0,ok
18253,0,ok
18254,0,ok
18255,0,ok
18256,0,ok
18257,0,ok
18258,0,ok
18259,0,ok
18260,0,ok
18261,0,ok
18262,0,ok
18263,0,ok
18264,0,ok
18265,0,ok
18266,0,ok
18267,0,ok
18268,0,ok
18269,0,ok
18270,0,ok
18271,0,ok
18272,0,ok
18273,0,ok
18274,0,ok
18275,0,ok
18276,0,ok
18277,0,ok
18278,0,ok
18279,0,ok
18280,0,ok
18281,0,ok
18282,0,ok
18283,0,ok
18284,0,ok
18285,0,ok
18286,0,ok
18287,0,ok
18288,0,ok
18289,0,ok
18290,0,ok
18291,0,ok
18292,0,ok
18293,0,ok
18294,0,ok
18295,0,ok
18296,0,ok
18297,54412,ok
18298,15089,ok
18299,54412,ok
18300,15089,ok
18301,54412,ok
18302,47857,ok
18303,54412,ok
18304,15089,ok
18305,54412,ok
18306,15089,ok
18307,54412,ok
18308,47857,ok
18309,54412,ok
18310,15089,ok
18311,0,ok
18312,0,ok
18313,54412,ok
18314,47857,ok
18315,54412,ok
18316,47857,ok
18317,54412,ok
18318,15089,ok
18319,54412,ok
18320,15089,ok
18321,54412,ok
18322,47857,ok
18323,54412,ok
18324,15089,ok
18325,54412,ok
18326,47857,ok
18327,54412,ok
18328,47857,ok
18329,54412,ok
18330,47857,ok
18331,54412,ok
18332,47857,ok
18333,0,ok
18334,0,ok
18335,0,ok
18336,0,ok
18337,0,ok
18338,0,ok
18339,0,ok
18340,0,ok
18341,0,ok
18342,0,ok
18343,0,ok
18344,0,ok
18345,0,ok
18346,0,ok
18347,0,ok
18348,0,ok
18349,0,ok
18350,0,ok
18351,0,ok
18352,0,ok
18353,0,ok
18354,0,ok
18355,0,ok
18356,0,ok
18357,0,ok
18358,0,ok
18359,0,ok
18360,0,ok
18361,0,ok
18362,0,ok
18363,0,ok
18364,0,ok
18365,0,ok
18366,0,ok
18367,0,ok
18368,0,ok
18369,0,ok
18370,0,ok
18371,0,ok
18372,0,ok
18373,0,ok
18374,0,ok
18375,0,ok
18376,0,ok
18377,0,ok
18378,0,ok
18379,0,ok
18380,0,ok
18381,0,ok
18382,0,ok
18383,0,ok
18384,0,ok
18385,0,ok
18386,0,ok
18387,0,ok
18388,0,ok
18389,0,ok
18390,0,ok
18391,0,ok
18392,0,ok
18393,0,ok
18394,0,ok
18395,0,ok
18396,0,ok
18397,0,ok
18398,0,ok
18399,0,ok
18400,0,ok
18401,0,ok
18402,0,ok
18403,0,ok
18404,0,ok
18405,0,ok
18406,0,ok
18407,0,ok
18408,0,ok
18409,0,ok
18410,0,ok
18411,0,ok
18412,0,ok
18413,0,ok
18414,0,ok
18415,0,ok
18416,0,ok
18417,0,ok
18418,0,ok
18419,26215,ok
18420,17077,ok
18421,0,ok
18422,0,ok
18423,0,ok
18424,0,ok
18425,0,ok
18426,0,ok
18427,0,ok
18428,0,ok
18429,0,ok
18430,0,ok
18431,0,ok
18432,0,ok
18433,0,ok
18434,0,ok
18435,0,ok
18436,0,ok
18437,0,ok
18438,0,ok
18439,0,ok
18440,0,ok
18441,0,ok
18442,0,ok
18443,0,ok
18444,0,ok
18445,0,ok
18446,0,ok
18447,0,ok
18448,0,ok
18449,0,ok
18450,0,ok
18451,0,ok
18452,0,ok
18453,0,ok
18454,0,ok
18455,0,ok
18456,0,ok
18457,52429,ok
18458,17020,ok
18459,0,ok
18460,0,ok
18461,0,ok
18462,0,ok
18463,0,ok
18464,0,ok
18465,0,ok
18466,0,ok
18467,0,ok
18468,0,ok
18469,0,ok
18470,0,ok
18471,0,ok
18472,0,ok
18473,0,ok
18474,0,ok
18475,0,ok
18476,0,ok
18477,0,ok
18478,0,ok
18479,0,ok
18480,0,ok
18481,0,ok
18482,0,ok
18483,0,ok
18484,0,ok
18485,0,ok
18486,0,ok
18487,0,ok
18488,0,ok
18489,0,ok
18490,0,ok
18491,0,ok
18492,0,ok
18493,0,ok
18494,0,ok
18495,0,ok
18496,0,ok
18497,0,ok
18498,0,ok
18499,0,ok
18500,0,ok
18501,0,ok
18502,0,ok
18503,0,ok
18504,0,ok
18505,0,ok
18506,0,ok
18507,0,ok
18508,0,ok
18509,0,ok
18510,0,ok
18511,0,ok
18512,0,ok
18513,0,ok
18514,0,ok
18515,0,ok
18516,0,ok
18517,0,ok
18518,0,ok
18519,0,ok
18520,0,ok
18521,0,ok
18522,0,ok
18523,0,ok
18524,0,ok
18525,0,ok
18526,0,ok
18527,0,ok
18528,0,ok
18529,0,ok
18530,0,ok
18531,0,ok
18532,0,ok
18533,0,ok
18534,0,ok
18535,0,ok
18536,0,ok
18537,0,ok
18538,0,ok
18539,0,ok
18540,0,ok
18541,0,ok
18542,0,ok
18543,0,ok
18544,0,ok
18545,0,ok
18546,0,ok
18547,0,ok
18548,0,ok
18549,0,ok
18550,0,ok
18551,0,ok
18552,0,ok
18553,0,ok
18554,0,ok
18555,0,ok
18556,0,ok
18557,0,ok
18558,0,ok
18559,0,ok
18560,0,ok
18561,0,ok
18562,0,ok
18563,0,ok
18564,0,ok
18565,0,ok
18566,0,ok
18567,0,ok
18568,0,ok
18569,0,ok
18570,0,ok
18571,0,ok
18572,0,ok
18573,0,ok
18574,0,ok
18575,0,ok
18576,0,ok
18577,0,ok
18578,0,ok
18579,0,ok
18580,0,ok
18581,0,ok
18582,0,ok
18583,0,ok
18584,0,ok
18585,0,ok
18586,0,ok
18587,0,ok
18588,0,ok
18589,0,ok
18590,0,ok
18591,0,ok
18592,0,ok
18593,0,ok
18594,0,ok
18595,0,ok
18596,0,ok
18597,0,ok
18598,0,ok
18599,0,ok
18600,0,ok
18601,0,ok
18602,0,ok
18603,0,ok
18604,0,ok
18605,0,ok
18606,0,ok
18607,0,ok
18608,0,ok
18609,0,ok
18610,0,ok
18611,0,ok
18612,0,ok
18613,0,ok
18614,0,ok
18615,0,ok
18616,0,ok
18617,0,ok
18618,0,ok
18619,0,ok
18620,0,ok
18621,0,ok
18622,0,ok
18623,0,ok
18624,0,ok
18625,0,ok
18626,0,ok
18627,0,ok
18628,0,ok
18629,0,ok
18630,0,ok
18631,0,ok
18632,0,ok
18633,0,ok
18634,0,ok
18635,0,ok
18636,0,ok
18637,0,ok
18638,0,ok
18639,0,ok
18640,0,ok
18641,0,ok
18642,0,ok
18643,0,ok
18644,0,ok
18645,0,ok
18646,0,ok
18647,0,ok
18648,0,ok
18649,0,ok
18650,0,ok
18651,0,ok
18652,0,ok
18653,0,ok
18654,0,ok
18655,0,ok
18656,0,ok
18657,0,ok
18658,0,ok
18659,0,ok
18660,0,ok
18661,0,ok
18662,0,ok
18663,0,ok
18664,0,ok
18665,0,ok
18666,0,ok
18667,0,ok
18668,0,ok
18669,0,ok
18670,0,ok
18671,0,ok
18672,0,ok
18673,0,ok
18674,0,ok
18675,0,ok
18676,0,ok
18677,0,ok
18678,0,ok
18679,0,ok
18680,0,ok
18681,0,ok
18682,0,ok
18683,0,ok
18684,0,ok
18685,0,ok
18686,0,ok
18687,0,ok
18688,0,ok
18689,0,ok
18690,0,ok
18691,0,ok
18692,0,ok
18693,0,ok
18694,0,ok
18695,0,ok
18696,0,ok
18697,0,ok
18698,0,ok
18699,0,ok
18700,0,ok
18701,0,ok
18702,0,ok
18703,0,ok
18704,0,ok
18705,0,ok
18706,0,ok
18707,0,ok
18708,0,ok
18709,0,ok
18710,0,ok
18711,0,ok
18712,0,ok
18713,0,ok
18714,0,ok
18715,0,ok
18716,0,ok
18717,0,ok
18718,0,ok
18719,0,ok
18720,0,ok
18721,0,ok
18722,0,ok
18723,0,ok
18724,0,ok
18725,0,ok
18726,0,ok
18727,0,ok
18728,0,ok
18729,0,ok
18730,0,ok
18731,0,ok
18732,0,ok
18733,0,ok
18734,0,ok
18735,0,ok
18736,0,ok
18737,0,ok
18738,0,ok
18739,0,ok
18740,0,ok
18741,0,ok
18742,0,ok
18743,0,ok
18744,0,ok
18745,0,ok
18746,0,ok
18747,0,ok
18748,0,ok
18749,0,ok
18750,0,ok
18751,0,ok
18752,0,ok
18753,0,ok
18754,0,ok
18755,0,ok
18756,0,ok
18757,0,ok
18758,0,ok
18759,0,ok
18760,0,ok
18761,0,ok
18762,0,ok
18763,0,ok
18764,0,ok
18765,0,ok
18766,0,ok
18767,0,ok
18768,0,ok
18769,0,ok
18770,0,ok
18771,0,ok
18772,0,ok
18773,0,ok
18774,0,ok
18775,0,ok
18776,0,ok
18777,0,ok
18778,0,ok
18779,0,ok
18780,0,ok
18781,0,ok
18782,0,ok
18783,0,ok
18784,0,ok
18785,0,ok
18786,0,ok
18787,0,ok
18788,0,ok
18789,0,ok
18790,0,ok
18791,0,ok
18792,0,ok
18793,0,ok
18794,0,ok
18795,0,ok
18796,0,ok
18797,0,ok
18798,0,ok
18799,0,ok
18800,0,ok
18801,0,ok
18802,0,ok
18803,0,ok
18804,0,ok
18805,0,ok
18806,0,ok
18807,0,ok
18808,0,ok
18809,0,ok
18810,0,ok
18811,0,ok
18812,0,ok
18813,0,ok
18814,0,ok
18815,0,ok
18816,0,ok
18817,0,ok
18818,0,ok
18819,0,ok
18820,0,ok
18821,0,ok
18822,0,ok
18823,0,ok
18824,0,ok
18825,0,ok
18826,0,ok
18827,0,ok
18828,0,ok
18829,0,ok
18830,0,ok
18831,0,ok
18832,0,ok
18833,0,ok
18834,0,ok
18835,0,ok
18836,0,ok
18837,0,ok
18838,0,ok
18839,0,ok
18840,0,ok
18841,0,ok
18842,0,ok
18843,0,ok
18844,0,ok
18845,0,ok
18846,0,ok
18847,0,ok
18848,0,ok
18849,0,ok
18850,0,ok
18851,0,ok
18852,0,ok
18853,0,ok
18854,0,ok
18855,0,ok
18856,0,ok
18857,0,ok
18858,0,ok
18859,0,ok
18860,0,ok
18861,0,ok
18862,0,ok
18863,0,ok
18864,0,ok
18865,0,ok
18866,0,ok
18867,0,ok
18868,0,ok
18869,0,ok
18870,0,ok
18871,0,ok
18872,0,ok
18873,0,ok
18874,0,ok
18875,0,ok
18876,0,ok
18877,0,ok
18878,0,ok
18879,0,ok
18880,0,ok
18881,0,ok
18882,0,ok
18883,0,ok
18884,0,ok
18885,0,ok
18886,0,ok
18887,0,ok
18888,0,ok
18889,0,ok
18890,0,ok
18891,0,ok
18892,0,ok
18893,0,ok
18894,0,ok
18895,0,ok
18896,0,ok
18897,0,ok
18898,0,ok
18899,0,ok
18900,0,ok
18901,0,ok
18902,0,ok
18903,0,ok
18904,0,ok
18905,0,ok
18906,0,ok
18907,0,ok
18908,0,ok
18909,0,ok
18910,0,ok
18911,0,ok
18912,0,ok
18913,0,ok
18914,0,ok
18915,0,ok
18916,0,ok
18917,0,ok
18918,0,ok
18919,0,ok
18920,0,ok
18921,0,ok
18922,0,ok
18923,0,ok
18924,0,ok
18925,0,ok
18926,0,ok
18927,0,ok
18928,0,ok
18929,0,ok
18930,0,ok
18931,0,ok
18932,0,ok
18933,0,ok
18934,0,ok
18935,0,ok
18936,0,ok
18937,0,ok
18938,0,ok
18939,0,ok
18940,0,ok
18941,0,ok
18942,0,ok
18943,0,ok
18944,0,ok
18945,0,ok
18946,0,ok
18947,0,ok
18948,0,ok
18949,0,ok
18950,0,ok
18951,0,ok
18952,0,ok
18953,0,ok
18954,0,ok
18955,0,ok
18956,0,ok
18957,0,ok
18958,0,ok
18959,0,ok
18960,0,ok
18961,0,ok
18962,0,ok
18963,0,ok
18964,0,ok
18965,0,ok
18966,0,ok
18967,0,ok
18968,0,ok
18969,0,ok
18970,0,ok
18971,0,ok
18972,0,ok
18973,0,ok
18974,0,ok
18975,0,ok
18976,0,ok
18977,0,ok
18978,0,ok
18979,0,ok
18980,0,ok
18981,0,ok
18982,0,ok
18983,0,ok
18984,0,ok
18985,0,ok
18986,0,ok
18987,0,ok
18988,0,ok
18989,0,ok
18990,0,ok
18991,0,ok
18992,0,ok
18993,0,ok
18994,0,ok
18995,0,ok
18996,0,ok
18997,0,ok
18998,0,ok
18999,0,ok
19000,0,ok
19001,0,ok
19002,0,ok
19003,0,ok
19004,0,ok
19005,0,ok
19006,0,ok
19007,0,ok
19008,0,ok
19009,0,ok
19010,0,ok
19011,0,ok
19012,0,ok
19013,0,ok
19014,0,ok
19015,0,ok
19016,0,ok
19017,0,ok
19018,0,ok
19019,0,ok
19020,0,ok
19021,0,ok
19022,0,ok
19023,0,ok
19024,0,ok
19025,0,ok
19026,0,ok
19027,0,ok
19028,0,ok
19029,0,ok
19030,0,ok
19031,0,ok
19032,0,ok
19033,0,ok
19034,0,ok
19035,29710,ok
19036,14938,ok
19037,29710,ok
19038,14938,ok
19039,32331,ok
19040,15409,ok
19041,0,ok
19042,0,ok
19043,61749,ok
19044,15276,ok
19045,23010,ok
19046,15313,ok
19047,0,ok
19048,0,ok
19049,0,ok
19050,0,ok
19051,0,ok
19052,0,ok
19053,0,ok
19054,0,ok
19055,34953,ok
19056,15368,ok
19057,29710,ok
19058,14938,ok
19059,0,ok
19060,0,ok
19061,0,ok
19062,0,ok
19063,43108,ok
19064,15212,ok
19065,0,ok
19066,0,ok
19067,0,ok
19068,0,ok
19069,0,ok
19070,0,ok
19071,0,ok
19072,0,ok
19073,0,ok
19074,0,ok
19075,0,ok
19076,0,ok
19077,0,ok
19078,0,ok
19079,0,ok
19080,0,ok
19081,0,ok
19082,0,ok
19083,0,ok
19084,0,ok
19085,0,ok
19086,0,ok
19087,0,ok
19088,0,ok
19089,0,ok
19090,0,ok
19091,0,ok
19092,0,ok
19093,0,ok
19094,0,ok
19095,0,ok
19096,0,ok
19097,0,ok
19098,0,ok
19099,0,ok
19100,0,ok
19101,0,ok
19102,0,ok
19103,0,ok
19104,0,ok
19105,0,ok
19106,0,ok
19107,0,ok
19108,0,ok
19109,0,ok
19110,0,ok
19111,0,ok
19112,0,ok
19113,0,ok
19114,0,ok
19115,0,ok
19116,0,ok
19117,0,ok
19118,0,ok
19119,0,ok
19120,0,ok
19121,0,ok
19122,0,ok
19123,0,ok
19124,0,ok
19125,0,ok
19126,0,ok
19127,0,ok
19128,0,ok
19129,0,ok
19130,0,ok
19131,0,ok
19132,0,ok
19133,0,ok
19134,0,ok
19135,0,ok
19136,0,ok
19137,0,ok
19138,0,ok
19139,0,ok
19140,0,ok
19141,0,ok
19142,0,ok
19143,0,ok
19144,0,ok
19145,0,ok
19146,0,ok
19147,0,ok
19148,0,ok
19149,0,ok
19150,0,ok
19151,0,ok
19152,0,ok
19153,0,ok
19154,0,ok
19155,0,ok
19156,0,ok
19157,0,ok
19158,0,ok
19159,0,ok
19160,0,ok
19161,0,ok
19162,0,ok
19163,0,ok
19164,0,ok
19165,0,ok
19166,0,ok
19167,0,ok
19168,0,ok
19169,0,ok
19170,0,ok
19171,0,ok
19172,0,ok
19173,0,ok
19174,0,ok
19175,0,ok
19176,0,ok
19177,0,ok
19178,0,ok
19179,0,ok
19180,0,ok
19181,0,ok
19182,0,ok
19183,0,ok
19184,0,ok
19185,0,ok
19186,0,ok
19187,0,ok
19188,0,ok
19189,0,ok
19190,0,ok
19191,0,ok
19192,0,ok
19193,0,ok
19194,0,ok
19195,0,ok
19196,0,ok
19197,0,ok
19198,0,ok
19199,0,ok
19200,0,ok
19201,0,ok
19202,0,ok
19203,0,ok
19204,0,ok
19205,0,ok
19206,0,ok
19207,0,ok
19208,0,ok
19209,0,ok
19210,0,ok
19211,0,ok
19212,0,ok
19213,0,ok
19214,0,ok
19215,0,ok
19216,0,ok
19217,0,ok
19218,0,ok
19219,0,ok
19220,0,ok
19221,0,ok
19222,0,ok
19223,0,ok
19224,0,ok
19225,0,ok
19226,0,ok
19227,0,ok
19228,0,ok
19229,0,ok
19230,0,ok
19231,0,ok
19232,0,ok
19233,0,ok
19234,0,ok
19235,0,ok
19236,0,ok
19237,0,ok
19238,0,ok
19239,0,ok
19240,0,ok
19241,0,ok
19242,0,ok
19243,0,ok
19244,0,ok
19245,0,ok
19246,0,ok
19247,0,ok
19248,0,ok
19249,0,ok
19250,0,ok
19251,0,ok
19252,0,ok
19253,0,ok
19254,0,ok
19255,0,ok
19256,0,ok
19257,0,ok
19258,0,ok
19259,0,ok
19260,0,ok
19261,0,ok
19262,0,ok
19263,0,ok
19264,0,ok
19265,0,ok
19266,0,ok
19267,0,ok
19268,0,ok
19269,0,ok
19270,0,ok
19271,0,ok
19272,0,ok
19273,0,ok
19274,0,ok
19275,0,ok
19276,0,ok
19277,0,ok
19278,0,ok
19279,0,ok
19280,0,ok
19281,0,ok
19282,0,ok
19283,0,ok
19284,0,ok
19285,0,ok
19286,0,ok
19287,0,ok
19288,0,ok
19289,0,ok
19290,0,ok
19291,0,ok
19292,0,ok
19293,0,ok
19294,0,ok
19295,0,ok
19296,0,ok
19297,0,ok
19298,0,ok
19299,0,ok
19300,0,ok
19301,0,ok
19302,0,ok
19303,0,ok
19304,0,ok
19305,0,ok
19306,0,ok
19307,0,ok
19308,0,ok
19309,0,ok
19310,0,ok
19311,0,ok
19312,0,ok
19313,0,ok
19314,0,ok
19315,0,ok
19316,0,ok
19317,0,ok
19318,0,ok
19319,0,ok
19320,0,ok
19321,0,ok
19322,0,ok
19323,0,ok
19324,0,ok
19325,0,ok
19326,0,ok
19327,0,ok
19328,0,ok
19329,0,ok
19330,0,ok
19331,0,ok
19332,0,ok
19333,0,ok
19334,0,ok
19335,0,ok
19336,0,ok
19337,0,ok
19338,0,ok
19339,0,ok
19340,0,ok
19341,0,ok
19342,0,ok
19343,0,ok
19344,0,ok
19345,0,ok
19346,0,ok
19347,0,ok
19348,0,ok
19349,0,ok
19350,0,ok
19351,0,ok
19352,0,ok
19353,32331,ok
19354,15409,ok
19355,0,ok
19356,0,ok
19357,0,ok
19358,0,ok
19359,0,ok
19360,0,ok
19361,41652,ok
19362,14993,ok
19363,29710,ok
19364,14938,ok
19365,55050,ok
19366,15395,ok
19367,0,ok
19368,0,ok
19369,0,ok
19370,0,ok
19371,55050,ok
19372,15395,ok
19373,9612,ok
19374,15423,ok
19375,0,ok
19376,0,ok
19377,56507,ok
19378,15102,ok
19379,32622,ok
19380,15632,ok
19381,6991,ok
19382,15464,ok
19383,36991,ok
19384,15521,ok
19385,2913,ok
19386,15030,ok
19387,0,ok
19388,0,ok
19389,0,ok
19390,0,ok
19391,0,ok
19392,0,ok
19393,0,ok
19394,0,ok
19395,0,ok
19396,0,ok
19397,0,ok
19398,0,ok
19399,0,ok
19400,0,ok
19401,0,ok
19402,0,ok
19403,0,ok
19404,0,ok
19405,0,ok
19406,0,ok
19407,0,ok
19408,0,ok
19409,0,ok
19410,0,ok
19411,0,ok
19412,0,ok
19413,0,ok
19414,0,ok
19415,0,ok
19416,0,ok
19417,0,ok
19418,0,ok
19419,0,ok
19420,0,ok
19421,0,ok
19422,0,ok
19423,0,ok
19424,0,ok
19425,0,ok
19426,0,ok
19427,0,ok
19428,0,ok
19429,0,ok
19430,0,ok
19431,0,ok
19432,0,ok
19433,0,ok
19434,0,ok
19435,0,ok
19436,0,ok
19437,0,ok
19438,0,ok
19439,0,ok
19440,0,ok
19441,0,ok
19442,0,ok
19443,0,ok
19444,0,ok
19445,0,ok
19446,0,ok
19447,0,ok
19448,0,ok
19449,0,ok
19450,0,ok
19451,0,ok
19452,0,ok
19453,0,ok
19454,0,ok
19455,0,ok
19456,0,ok
19457,0,ok
19458,0,ok
19459,0,ok
19460,0,ok
19461,0,ok
19462,0,ok
19463,0,ok
19464,0,ok
19465,0,ok
19466,0,ok
19467,0,ok
19468,0,ok
19469,0,ok
19470,0,ok
19471,0,ok
19472,0,ok
19473,0,ok
19474,0,ok
19475,0,ok
19476,0,ok
19477,0,ok
19478,0,ok
19479,0,ok
19480,0,ok
19481,0,ok
19482,0,ok
19483,0,ok
19484,0,ok
19485,0,ok
19486,0,ok
19487,0,ok
19488,0,ok
19489,0,ok
19490,0,ok
19491,0,ok
19492,0,ok
19493,0,ok
19494,0,ok
19495,0,ok
19496,0,ok
19497,0,ok
19498,0,ok
19499,0,ok
19500,0,ok
19501,0,ok
19502,0,ok
19503,0,ok
19504,0,ok
19505,0,ok
19506,0,ok
19507,0,ok
19508,0,ok
19509,0,ok
19510,0,ok
19511,0,ok
19512,0,ok
19513,0,ok
19514,0,ok
19515,0,ok
19516,0,ok
19517,0,ok
19518,0,ok
19519,0,ok
19520,0,ok
19521,0,ok
19522,0,ok
19523,0,ok
19524,0,ok
19525,0,ok
19526,0,ok
19527,0,ok
19528,0,ok
19529,0,ok
19530,0,ok
19531,0,ok
19532,0,ok
19533,0,ok
19534,0,ok
19535,0,ok
19536,0,ok
19537,0,ok
19538,0,ok
19539,0,ok
19540,0,ok
19541,0,ok
19542,0,ok
19543,0,ok
19544,0,ok
19545,0,ok
19546,0,ok
19547,0,ok
19548,0,ok
19549,0,ok
19550,0,ok
19551,0,ok
19552,0,ok
19553,0,ok
19554,0,ok
19555,0,ok
19556,0,ok
19557,0,ok
19558,0,ok
19559,0,ok
19560,0,ok
19561,0,ok
19562,0,ok
19563,0,ok
19564,0,ok
19565,0,ok
19566,0,ok
19567,0,ok
19568,0,ok
19569,0,ok
19570,0,ok
19571,0,ok
19572,0,ok
19573,0,ok
19574,0,ok
19575,0,ok
19576,0,ok
19577,0,ok
19578,0,ok
19579,0,ok
19580,0,ok
19581,0,ok
19582,0,ok
19583,0,ok
19584,0,ok
19585,0,ok
19586,0,ok
19587,0,ok
19588,0,ok
19589,0,ok
19590,0,ok
19591,0,ok
19592,0,ok
19593,0,ok
19594,0,ok
19595,0,ok
19596,0,ok
19597,0,ok
19598,0,ok
19599,0,ok
19600,0,ok
19601,0,ok
19602,0,ok
19603,0,ok
19604,0,ok
19605,0,ok
19606,0,ok
19607,0,ok
19608,0,ok
19609,0,ok
19610,0,ok
19611,0,ok
19612,0,ok
19613,0,ok
19614,0,ok
19615,0,ok
19616,0,ok
19617,0,ok
19618,0,ok
19619,0,ok
19620,0,ok
19621,0,ok
19622,0,ok
19623,0,ok
19624,0,ok
19625,0,ok
19626,0,ok
19627,0,ok
19628,0,ok
19629,0,ok
19630,0,ok
19631,0,ok
19632,0,ok
19633,0,ok
19634,0,ok
19635,0,ok
19636,0,ok
19637,0,ok
19638,0,ok
19639,0,ok
19640,0,ok
19641,0,ok
19642,0,ok
19643,0,ok
19644,0,ok
19645,0,ok
19646,0,ok
19647,0,ok
19648,0,ok
19649,0,ok
19650,0,ok
19651,0,ok
19652,0,ok
19653,0,ok
19654,0,ok
19655,0,ok
19656,0,ok
19657,0,ok
19658,0,ok
19659,0,ok
19660,0,ok
19661,0,ok
19662,0,ok
19663,0,ok
19664,0,ok
19665,0,ok
19666,0,ok
19667,0,ok
19668,0,ok
19669,0,ok
19670,0,ok
19671,0,ok
19672,0,ok
19673,0,ok
19674,0,ok
19675,0,ok
19676,0,ok
19677,0,ok
19678,0,ok
19679,0,ok
19680,0,ok
19681,0,ok
19682,0,ok
19683,0,ok
19684,0,ok
19685,0,ok
19686,0,ok
19687,0,ok
19688,0,ok
19689,0,ok
19690,0,ok
19691,0,ok
19692,0,ok
19693,0,ok
19694,0,ok
19695,0,ok
19696,0,ok
19697,0,ok
19698,0,ok
19699,0,ok
19700,0,ok
19701,0,ok
19702,0,ok
19703,0,ok
19704,0,ok
19705,0,ok
19706,0,ok
19707,0,ok
19708,0,ok
19709,0,ok
19710,0,ok
19711,0,ok
19712,0,ok
19713,0,ok
19714,0,ok
19715,0,ok
19716,0,ok
19717,0,ok
19718,0,ok
19719,0,ok
19720,0,ok
19721,0,ok
19722,0,ok
19723,0,ok
19724,0,ok
19725,0,ok
19726,0,ok
19727,0,ok
19728,0,ok
19729,0,ok
19730,0,ok
19731,0,ok
19732,0,ok
19733,0,ok
19734,0,ok
19735,0,ok
19736,0,ok
19737,0,ok
19738,0,ok
19739,0,ok
19740,0,ok
19741,0,ok
19742,0,ok
19743,0,ok
19744,0,ok
19745,0,ok
19746,0,ok
19747,0,ok
19748,0,ok
19749,0,ok
19750,0,ok
19751,0,ok
19752,0,ok
19753,0,ok
19754,0,ok
19755,0,ok
19756,0,ok
19757,0,ok
19758,0,ok
19759,0,ok
19760,0,ok
19761,0,ok
19762,0,ok
19763,0,ok
19764,0,ok
19765,0,ok
19766,0,ok
19767,0,ok
19768,0,ok
19769,0,ok
19770,0,ok
19771,0,ok
19772,0,ok
19773,0,ok
19774,0,ok
19775,0,ok
19776,0,ok
19777,0,ok
19778,0,ok
19779,0,ok
19780,0,ok
19781,0,ok
19782,0,ok
19783,0,ok
19784,0,ok
19785,0,ok
19786,0,ok
19787,0,ok
19788,0,ok
19789,0,ok
19790,0,ok
19791,0,ok
19792,0,ok
19793,0,ok
19794,0,ok
19795,0,ok
19796,0,ok
19797,0,ok
19798,0,ok
19799,0,ok
19800,0,ok
19801,0,ok
19802,0,ok
19803,0,ok
19804,0,ok
19805,0,ok
19806,0,ok
19807,0,ok
19808,0,ok
19809,0,ok
19810,0,ok
19811,0,ok
19812,0,ok
19813,0,ok
19814,0,ok
19815,0,ok
19816,0,ok
19817,0,ok
19818,0,ok
19819,0,ok
19820,0,ok
19821,0,ok
19822,0,ok
19823,0,ok
19824,0,ok
19825,0,ok
19826,0,ok
19827,0,ok
19828,0,ok
19829,0,ok
19830,0,ok
19831,0,ok
19832,0,ok
19833,0,ok
19834,0,ok
19835,0,ok
19836,0,ok
19837,0,ok
19838,0,ok
19839,0,ok
19840,0,ok
19841,0,ok
19842,0,ok
19843,0,ok
19844,0,ok
19845,0,ok
19846,0,ok
19847,0,ok
19848,0,ok
19849,0,ok
19850,0,ok
19851,0,ok
19852,0,ok
19853,0,ok
19854,0,ok
19855,0,ok
19856,0,ok
19857,0,ok
19858,0,ok
19859,0,ok
19860,0,ok
19861,0,ok
19862,0,ok
19863,0,ok
19864,0,ok
19865,0,ok
19866,0,ok
19867,0,ok
19868,0,ok
19869,0,ok
19870,0,ok
19871,0,ok
19872,0,ok
19873,0,ok
19874,0,ok
19875,0,ok
19876,0,ok
19877,0,ok
19878,0,ok
19879,0,ok
19880,0,ok
19881,0,ok
19882,0,ok
19883,0,ok
19884,0,ok
19885,0,ok
19886,0,ok
19887,0,ok
19888,0,ok
19889,0,ok
19890,0,ok
19891,0,ok
19892,0,ok
19893,0,ok
19894,0,ok
19895,0,ok
19896,0,ok
19897,0,ok
19898,0,ok
19899,0,ok
19900,0,ok
19901,0,ok
19902,0,ok
19903,0,ok
19904,0,ok
19905,0,ok
19906,0,ok
19907,0,ok
19908,0,ok
19909,0,ok
19910,0,ok
19911,0,ok
19912,0,ok
19913,0,ok
19914,0,ok
19915,0,ok
19916,0,ok
19917,0,ok
19918,0,ok
19919,0,ok
19920,0,ok
19921,0,ok
19922,0,ok
19923,0,ok
19924,0,ok
19925,0,ok
19926,0,ok
19927,0,ok
19928,0,ok
19929,0,ok
19930,0,ok
19931,0,ok
19932,0,ok
19933,0,ok
19934,0,ok
19935,0,ok
19936,0,ok
19937,0,ok
19938,0,ok
19939,0,ok
19940,0,ok
19941,0,ok
19942,0,ok
19943,0,ok
19944,0,ok
19945,0,ok
19946,0,ok
19947,0,ok
19948,0,ok
19949,0,ok
19950,0,ok
19951,0,ok
19952,0,ok
19953,0,ok
19954,0,ok
19955,0,ok
19956,0,ok
19957,0,ok
19958,0,ok
19959,0,ok
19960,0,ok
19961,0,ok
19962,0,ok
19963,0,ok
19964,0,ok
19965,0,ok
19966,0,ok
19967,0,ok
19968,0,ok
19969,672,ok
19970,0,ok
19971,680,ok
19972,0,ok
19973,0,ok
19974,0,ok
19975,2,ok
19976,17419,ok
19977,14445,ok
19978,17338,ok
19979,14445,ok
19980,3,ok
19981,17419,ok
19982,14445,ok
19983,17338,ok
19984,14445,ok
19985,4,ok
19986,17419,ok
19987,14445,ok
19988,17338,ok
19989,14445,ok
19990,5,ok
19991,17419,ok
19992,14445,ok
19993,17338,ok
19994,14445,ok
19995,6,ok
19996,17419,ok
19997,14445,ok
19998,17338,ok
19999,14445,ok
20000,8,ok
20001,17419,ok
20002,14445,ok
20003,17338,ok
20004,14445,ok
20005,9,ok
20006,17419,ok
20007,14445,ok
20008,27805,ok
20009,14445,ok
20010,10,ok
20011,17419,ok
20012,14445,ok
20013,17338,ok
20014,14445,ok
20015,11,ok
20016,17419,ok
20017,14445,ok
20018,27805,ok
20019,14445,ok
20020,12,ok
20021,17419,ok
20022,14445,ok
20023,17338,ok
20024,14445,ok
20025,13,ok
20026,17419,ok
20027,14445,ok
20028,17338,ok
20029,14445,ok
20030,14,ok
20031,17420,ok
20032,14445,ok
20033,17338,ok
20034,14445,ok
20035,15,ok
20036,17420,ok
20037,14445,ok
20038,17339,ok
20039,14445,ok
20040,16,ok
20041,17420,ok
20042,14445,ok
20043,17339,ok
20044,14445,ok
20045,17,ok
20046,17420,ok
20047,14445,ok
20048,17339,ok
20049,14445,ok
20050,18,ok
20051,17420,ok
20052,14445,ok
20053,17339,ok
20054,14445,ok
20055,19,ok
20056,17420,ok
20057,14445,ok
20058,17339,ok
20059,14445,ok
20060,20,ok
20061,17420,ok
20062,14445,ok
20063,17339,ok
20064,14445,ok
20065,9,ok
20066,27825,ok
20067,14445,ok
20068,17338,ok
20069,14445,ok
20070,11,ok
20071,27825,ok
20072,14445,ok
20073,17338,ok
20074,14445,ok
20075,7,ok
20076,17344,ok
20077,14445,ok
20078,17338,ok
20079,14445,ok
20080,1,ok
20081,17346,ok
20082,14445,ok
20083,17338,ok
20084,14445,ok
20085,2,ok
20086,17346,ok
20087,14445,ok
20088,17338,ok
20089,14445,ok
20090,3,ok
20091,17346,ok
20092,14445,ok
20093,17338,ok
20094,14445,ok
20095,4,ok
20096,17346,ok
20097,14445,ok
20098,17338,ok
20099,14445,ok
20100,5,ok
20101,17346,ok
20102,14445,ok
20103,17338,ok
20104,14445,ok
20105,6,ok
20106,17347,ok
20107,14445,ok
20108,17338,ok
20109,14445,ok
20110,8,ok
20111,17347,ok
20112,14445,ok
20113,17338,ok
20114,14445,ok
20115,9,ok
20116,17347,ok
20117,14445,ok
20118,17338,ok
20119,14445,ok
20120,10,ok
20121,17347,ok
20122,14445,ok
20123,17338,ok
20124,14445,ok
20125,11,ok
20126,17347,ok
20127,14445,ok
20128,17338,ok
20129,14445,ok
20130,12,ok
20131,17347,ok
20132,14445,ok
20133,17338,ok
20134,14445,ok
20135,13,ok
20136,17347,ok
20137,14445,ok
20138,17338,ok
20139,14445,ok
20140,14,ok
20141,17347,ok
20142,14445,ok
20143,17339,ok
20144,14445,ok
20145,15,ok
20146,17347,ok
20147,14445,ok
20148,17339,ok
20149,14445,ok
20150,16,ok
20151,17347,ok
20152,14445,ok
20153,17339,ok
20154,14445,ok
20155,17,ok
20156,17347,ok
20157,14445,ok
20158,17339,ok
20159,14445,ok
20160,18,ok
20161,17347,ok
20162,14445,ok
20163,17339,ok
20164,14445,ok
20165,19,ok
20166,17347,ok
20167,14445,ok
20168,17339,ok
20169,14445,ok
20170,20,ok
20171,17347,ok
20172,14445,ok
20173,17339,ok
20174,14445,ok
20175,7,ok
20176,17344,ok
20177,14445,ok
20178,0,ok
20179,0,ok
20180,1,ok
20181,17346,ok
20182,14445,ok
20183,0,ok
20184,0,ok
20185,2,ok
20186,17346,ok
20187,14445,ok
20188,0,ok
20189,0,ok
20190,3,ok
20191,17346,ok
20192,14445,ok
20193,0,ok
20194,0,ok
20195,4,ok
20196,17346,ok
20197,14445,ok
20198,0,ok
20199,0,ok
20200,5,ok
20201,17346,ok
20202,14445,ok
20203,0,ok
20204,0,ok
20205,6,ok
20206,17347,ok
20207,14445,ok
20208,0,ok
20209,0,ok
20210,8,ok
20211,17347,ok
20212,14445,ok
20213,0,ok
20214,0,ok
20215,9,ok
20216,17347,ok
20217,14445,ok
20218,0,ok
20219,0,ok
20220,10,ok
20221,17347,ok
20222,14445,ok
20223,0,ok
20224,0,ok
20225,11,ok
20226,17347,ok
20227,14445,ok
20228,0,ok
20229,0,ok
20230,12,ok
20231,17347,ok
20232,14445,ok
20233,0,ok
20234,0,ok
20235,13,ok
20236,17347,ok
20237,14445,ok
20238,0,ok
20239,0,ok
20240,14,ok
20241,17347,ok
20242,14445,ok
20243,0,ok
20244,0,ok
20245,15,ok
20246,17347,ok
20247,14445,ok
20248,0,ok
20249,0,ok
20250,16,ok
20251,17347,ok
20252,14445,ok
20253,0,ok
20254,0,ok
20255,17,ok
20256,17347,ok
20257,14445,ok
20258,0,ok
20259,0,ok
20260,18,ok
20261,17347,ok
20262,14445,ok
20263,0,ok
20264,0,ok
20265,19,ok
20266,17347,ok
20267,14445,ok
20268,0,ok
20269,0,ok
20270,20,ok
20271,17347,ok
20272,14445,ok
20273,0,ok
20274,0,ok
20275,2,ok
20276,17294,ok
20277,14445,ok
20278,17326,ok
20279,14445,ok
20280,3,ok
20281,17294,ok
20282,14445,ok
20283,17324,ok
20284,14445,ok
20285,4,ok
20286,17294,ok
20287,14445,ok
20288,17324,ok
20289,14445,ok
20290,5,ok
20291,17294,ok
20292,14445,ok
20293,17324,ok
20294,14445,ok
20295,6,ok
20296,17294,ok
20297,14445,ok
20298,17324,ok
20299,14445,ok
20300,8,ok
20301,17294,ok
20302,14445,ok
20303,17324,ok
20304,14445,ok
20305,9,ok
20306,17294,ok
20307,14445,ok
20308,17324,ok
20309,14445,ok
20310,10,ok
20311,17294,ok
20312,14445,ok
20313,17324,ok
20314,14445,ok
20315,11,ok
20316,17294,ok
20317,14445,ok
20318,17324,ok
20319,14445,ok
20320,12,ok
20321,17294,ok
20322,14445,ok
20323,17324,ok
20324,14445,ok
20325,13,ok
20326,17294,ok
20327,14445,ok
20328,17324,ok
20329,14445,ok
20330,14,ok
20331,17294,ok
20332,14445,ok
20333,17324,ok
20334,14445,ok
20335,15,ok
20336,17294,ok
20337,14445,ok
20338,17324,ok
20339,14445,ok
20340,16,ok
20341,17294,ok
20342,14445,ok
20343,17324,ok
20344,14445,ok
20345,17,ok
20346,17294,ok
20347,14445,ok
20348,17324,ok
20349,14445,ok
20350,18,ok
20351,17294,ok
20352,14445,ok
20353,17324,ok
20354,14445,ok
20355,19,ok
20356,17294,ok
20357,14445,ok
20358,17324,ok
20359,14445,ok
20360,20,ok
20361,17294,ok
20362,14445,ok
20363,17324,ok
20364,14445,ok
20365,7,ok
20366,17330,ok
20367,14445,ok
20368,17411,ok
20369,14445,ok
20370,1,ok
20371,17332,ok
20372,14445,ok
20373,17411,ok
20374,14445,ok
20375,2,ok
20376,17332,ok
20377,14445,ok
20378,17411,ok
20379,14445,ok
20380,3,ok
20381,17332,ok
20382,14445,ok
20383,17411,ok
20384,14445,ok
20385,4,ok
20386,17332,ok
20387,14445,ok
20388,17411,ok
20389,14445,ok
20390,5,ok
20391,17332,ok
20392,14445,ok
20393,17411,ok
20394,14445,ok
20395,6,ok
20396,17332,ok
20397,14445,ok
20398,17411,ok
20399,14445,ok
20400,8,ok
20401,17332,ok
20402,14445,ok
20403,17411,ok
20404,14445,ok
20405,9,ok
20406,17332,ok
20407,14445,ok
20408,17411,ok
20409,14445,ok
20410,10,ok
20411,17332,ok
20412,14445,ok
20413,17411,ok
20414,14445,ok
20415,11,ok
20416,17332,ok
20417,14445,ok
20418,17411,ok
20419,14445,ok
20420,12,ok
20421,17332,ok
20422,14445,ok
20423,17411,ok
20424,14445,ok
20425,13,ok
20426,17332,ok
20427,14445,ok
20428,17411,ok
20429,14445,ok
20430,14,ok
20431,17333,ok
20432,14445,ok
20433,17411,ok
20434,14445,ok
20435,15,ok
20436,17333,ok
20437,14445,ok
20438,17411,ok
20439,14445,ok
20440,16,ok
20441,17333,ok
20442,14445,ok
20443,17411,ok
20444,14445,ok
20445,17,ok
20446,17333,ok
20447,14445,ok
20448,17411,ok
20449,14445,ok
20450,18,ok
20451,17333,ok
20452,14445,ok
20453,17411,ok
20454,14445,ok
20455,19,ok
20456,17333,ok
20457,14445,ok
20458,17411,ok
20459,14445,ok
20460,20,ok
20461,17333,ok
20462,14445,ok
20463,17411,ok
20464,14445,ok
20465,7,ok
20466,17417,ok
20467,14445,ok
20468,17338,ok
20469,14445,ok
20470,1,ok
20471,17419,ok
20472,14445,ok
20473,17285,ok
20474,14445,ok
20475,43690,ok
20476,3924,ok
20477,3949,ok
20478,3938,ok
20479,2610,ok
20480,2624,ok
20481,2621,ok
20482,2612,ok
20483,2618,ok
20484,2617,ok
20485,2613,ok
20486,2609,ok
20487,2624,ok
20488,2615,ok
20489,2608,ok
20490,2624,ok
20491,2622,ok
20492,2632,ok
20493,2606,ok
20494,2604,ok
20495,2614,ok
20496,2605,ok
20497,2607,ok
20498,2608,ok
20499,2609,ok
20500,2619,ok
20501,2608,ok
20502,2613,ok
20503,2618,ok
20504,2623,ok
20505,2616,ok
20506,2608,ok
20507,2609,ok
20508,2600,ok
20509,2607,ok
20510,2622,ok
20511,2609,ok
20512,2610,ok
20513,2612,ok
20514,2609,ok
20515,7892,ok
20516,2700,ok
20517,2700,ok
20518,3461,ok
20519,3467,ok
20520,3451,ok
20521,3461,ok
20522,3463,ok
20523,3457,ok
20524,3466,ok
20525,3461,ok
20526,3447,ok
20527,3454,ok
20528,3460,ok
20529,3457,ok
20530,3467,ok
20531,3448,ok
20532,3458,ok
20533,3439,ok
20534,3449,ok
20535,3454,ok
20536,3455,ok
20537,3444,ok
20538,3444,ok
20539,3448,ok
20540,3447,ok
20541,3460,ok
20542,3457,ok
20543,3459,ok
20544,3453,ok
20545,3446,ok
20546,3446,ok
20547,3443,ok
20548,3447,ok
20549,3460,ok
20550,3456,ok
20551,3454,ok
20552,3452,ok
20553,3457,ok
20554,3455,ok
20555,3446,ok
20556,3442,ok
20557,3441,ok
20558,3500,ok
20559,3500,ok
20560,3930,ok
20561,3955,ok
20562,3938,ok
20563,2611,ok
20564,2621,ok
20565,2619,ok
20566,2615,ok
20567,2615,ok
20568,2608,ok
20569,2614,ok
20570,2609,ok
20571,2627,ok
20572,2616,ok
20573,2608,ok
20574,2626,ok
20575,2612,ok
20576,2619,ok
20577,2603,ok
20578,2605,ok
20579,2611,ok
20580,2607,ok
20581,2607,ok
20582,2611,ok
20583,2609,ok
20584,2621,ok
20585,2610,ok
20586,2613,ok
20587,2619,ok
20588,2625,ok
20589,2614,ok
20590,2609,ok
20591,2613,ok
20592,2602,ok
20593,2607,ok
20594,2625,ok
20595,2614,ok
20596,2613,ok
20597,2616,ok
20598,2609,ok
20599,2700,ok
20600,2700,ok
20601,2700,ok
20602,55705,ok
20603,12849,ok
20604,13363,ok
20605,13877,ok
20606,14391,ok
20607,12345,ok
20608,12336,ok
20609,12336,ok
20610,12336,ok
20611,0,ok
20612,1493,ok
20613,1118,ok
20614,0,ok
20615,0,ok
20616,0,ok
20617,0,ok
20618,0,ok
20619,0,ok
20620,0,ok
20621,0,ok
20622,0,ok
20623,0,ok
20624,0,ok
20625,0,ok
20626,0,ok
20627,0,ok
20628,0,ok
20629,0,ok
20630,0,ok
20631,0,ok
20632,0,ok
20633,0,ok
20634,0,ok
20635,0,ok
20636,0,ok
20637,0,ok
20638,0,ok
20639,0,ok
20640,0,ok
20641,0,ok
20642,0,ok
20643,0,ok
20644,0,ok
20645,0,ok
20646,0,ok
20647,0,ok
20648,0,ok
20649,0,ok
20650,0,ok
20651,0,ok
20652,0,ok
20653,0,ok
20654,0,ok
20655,0,ok
20656,0,ok
20657,0,ok
20658,0,ok
20659,0,ok
20660,0,ok
20661,0,ok
20662,0,ok
20663,0,ok
20664,0,ok
20665,0,ok
20666,0,ok
20667,0,ok
20668,0,ok
20669,0,ok
20670,0,ok
20671,0,ok
20672,0,ok
20673,0,ok
20674,0,ok
20675,0,ok
20676,0,ok
20677,0,ok
20678,0,ok
20679,0,ok
20680,0,ok
20681,0,ok
20682,0,ok
20683,0,ok
20684,0,ok
20685,0,ok
20686,0,ok
20687,0,ok
20688,0,ok
20689,0,ok
20690,0,ok
20691,0,ok
20692,0,ok
20693,0,ok
20694,0,ok
20695,0,ok
20696,0,ok
20697,0,ok
20698,0,ok
20699,0,ok
20700,0,ok
20701,0,ok
20702,0,ok
20703,0,ok
20704,0,ok
20705,0,ok
20706,0,ok
20707,0,ok
20708,0,ok
20709,0,ok
20710,0,ok
20711,0,ok
20712,0,ok
20713,0,ok
20714,0,ok
20715,0,ok
20716,0,ok
20717,0,ok
20718,0,ok
20719,0,ok
20720,0,ok
20721,0,ok
20722,0,ok
20723,0,ok
20724,0,ok
20725,0,ok
20726,0,ok
20727,0,ok
20728,0,ok
20729,0,ok
20730,19200,ok
20731,43690,ok
20732,90,ok
20733,222,ok
20734,19268,ok
20735,13389,ok
20736,12340,ok
20737,17440,ok
20738,21569,ok
20739,19265,ok
20740,19791,ok
20741,32,ok
20742,12593,ok
20743,12593,ok
20744,12593,ok
20745,12593,ok
20746,12593,ok
20747,12593,ok
20748,12593,ok
20749,12593,ok
20750,49,ok
20751,0,ok
20752,16256,ok
20753,0,ok
20754,16256,ok
20755,1,ok
20756,0,ok
20757,0,ok
20758,200,ok
20759,1000,ok
20760,1000,ok
20761,1000,ok
20762,1000,ok
20763,1000,ok
20764,1000,ok
20765,1000,ok
20766,1000,ok
20767,1000,ok
20768,1000,ok
20769,1000,ok
20770,1000,ok
20771,10,ok
20772,200,ok
20773,3,ok
20774,0,ok
20775,1,ok
20776,8,ok
20777,1,ok
20778,0,ok
20779,1,ok
20780,1,ok
20781,100,ok
20782,1,ok
20783,1,ok
20784,100,ok
20785,1,ok
20786,1,ok
20787,5,ok
20788,1,ok
20789,3,ok
20790,0,ok
20791,1,ok
20792,0,ok
20793,4,ok
20794,0,ok
20795,0,ok
20796,0,ok
20797,0,ok
20798,10,ok
20799,0,ok
20800,0,ok
20801,0,ok
20802,0,ok
20803,0,ok
20804,0,ok
20805,0,ok
20806,0,ok
20807,0,ok
20808,0,ok
20809,0,ok
20810,0,ok
20811,0,ok
20812,0,ok
20813,0,ok
20814,0,ok
20815,0,ok
20816,0,ok
20817,0,ok
20818,0,ok
20819,0,ok
20820,0,ok
20821,0,ok
20822,0,ok
20823,0,ok
20824,0,ok
20825,0,ok
20826,0,ok
20827,0,ok
20828,0,ok
20829,0,ok
20830,0,ok
20831,0,ok
20832,0,ok
20833,0,ok
20834,0,ok
20835,0,ok
20836,0,ok
20837,0,ok
20838,0,ok
20839,0,ok
20840,0,ok
20841,0,ok
20842,0,ok
20843,0,ok
20844,0,ok
20845,0,ok
20846,0,ok
20847,0,ok
20848,0,ok
20849,0,ok
20850,0,ok
20851,0,ok
20852,0,ok
20853,0,ok
20854,0,ok
20855,0,ok
20856,0,ok
20857,0,ok
20858,0,ok
20859,0,ok
20860,0,ok
20861,0,ok
20862,0,ok
20863,0,ok
20864,0,ok
20865,0,ok
20866,0,ok
20867,0,ok
20868,0,ok
20869,0,ok
20870,0,ok
20871,0,ok
20872,0,ok
20873,0,ok
20874,0,ok
20875,0,ok
20876,0,ok
20877,0,ok
20878,0,ok
20879,0,ok
20880,0,ok
20881,0,ok
20882,0,ok
20883,0,ok
20884,0,ok
20885,0,ok
20886,0,ok
20887,0,ok
20888,0,ok
20889,0,ok
20890,0,ok
20891,0,ok
20892,0,ok
20893,0,ok
20894,0,ok
20895,0,ok
20896,0,ok
20897,0,ok
20898,0,ok
20899,0,ok
20900,0,ok
20901,0,ok
20902,0,ok
20903,0,ok
20904,0,ok
20905,0,ok
20906,0,ok
20907,0,ok
20908,0,ok
20909,0,ok
20910,0,ok
20911,0,ok
20912,0,ok
20913,4950,ok
20914,0,ok
20915,0,ok
20916,0,ok
20917,0,ok
20918,0,ok
20919,0,ok
20920,0,ok
20921,0,ok
20922,42240,ok
20923,43690,ok
20924,32,ok
20925,1,ok
20926,0,ok
20927,0,ok
20928,0,ok
20929,0,ok
20930,0,ok
20931,59,ok
20932,0,ok
20933,0,ok
20934,0,ok
20935,0,ok
20936,0,ok
20937,0,ok
20938,0,ok
20939,0,ok
20940,0,ok
20941,0,ok
20942,0,ok
20943,0,ok
20944,0,ok
20945,0,ok
20946,0,ok
20947,0,ok
20948,0,ok
20949,0,ok
20950,0,ok
20951,0,ok
20952,0,ok
20953,0,ok
20954,0,ok
20955,0,ok
20956,0,ok
20957,0,ok
20958,0,ok
20959,0,ok
20960,0,ok
20961,0,ok
20962,0,ok
20963,0,ok
20964,0,ok
20965,0,ok
20966,0,ok
20967,0,ok
20968,0,ok
20969,0,ok
20970,0,ok
20971,0,ok
20972,0,ok
20973,0,ok
20974,0,ok
20975,0,ok
20976,0,ok
20977,0,ok
20978,0,ok
20979,0,ok
20980,0,ok
20981,0,ok
20982,0,ok
20983,0,ok
20984,0,ok
20985,0,ok
20986,23040,ok
20987,43690,ok
20988,0,ok
20989,0,ok
20990,0,ok
20991,0,ok
20992,0,ok
20993,0,ok
20994,0,ok
20995,0,ok
20996,0,ok
20997,0,ok
20998,0,ok
20999,0,ok
21000,0,ok
21001,0,ok
21002,0,ok
21003,0,ok
21004,0,ok
21005,0,ok
21006,0,ok
21007,0,ok
21008,0,ok
21009,0,ok
21010,0,ok
21011,0,ok
21012,0,ok
21013,0,ok
21014,0,ok
21015,0,ok
21016,0,ok
21017,0,ok
21018,0,ok
21019,0,ok
21020,0,ok
21021,0,ok
21022,0,ok
21023,0,ok
21024,0,ok
21025,0,ok
21026,0,ok
21027,0,ok
21028,0,ok
21029,0,ok
21030,0,ok
21031,0,ok
21032,0,ok
21033,0,ok
21034,0,ok
21035,0,ok
21036,0,ok
21037,0,ok
21038,0,ok
21039,0,ok
21040,0,ok
21041,0,ok
21042,0,ok
21043,0,ok
21044,0,ok
21045,0,ok
21046,0,ok
21047,0,ok
21048,0,ok
21049,0,ok
21050,0,ok
21051,0,ok
21052,0,ok
21053,0,ok
21054,0,ok
21055,0,ok
21056,0,ok
21057,0,ok
21058,0,ok
21059,0,ok
21060,0,ok
21061,0,ok
21062,0,ok
21063,0,ok
21064,0,ok
21065,0,ok
21066,0,ok
21067,0,ok
21068,0,ok
21069,0,ok
21070,0,ok
21071,0,ok
21072,0,ok
21073,0,ok
21074,0,ok
21075,0,ok
21076,0,ok
21077,0,ok
21078,0,ok
21079,0,ok
21080,0,ok
21081,0,ok
21082,0,ok
21083,0,ok
21084,0,ok
21085,0,ok
21086,0,ok
21087,0,ok
21088,0,ok
21089,0,ok
21090,0,ok
21091,0,ok
21092,0,ok
21093,0,ok
21094,0,ok
21095,0,ok
21096,0,ok
21097,0,ok
21098,0,ok
21099,0,ok
21100,0,ok
21101,0,ok
21102,0,ok
21103,0,ok
21104,0,ok
21105,0,ok
21106,0,ok
21107,0,ok
21108,0,ok
21109,0,ok
21110,0,ok
21111,0,ok
21112,0,ok
21113,0,ok
21114,0,ok
21115,0,ok
21116,0,ok
21117,0,ok
21118,0,ok
21119,0,ok
21120,0,ok
21121,0,ok
21122,0,ok
21123,0,ok
21124,0,ok
21125,0,ok
21126,0,ok
21127,0,ok
21128,0,ok
21129,0,ok
21130,0,ok
21131,0,ok
21132,0,ok
21133,0,ok
21134,0,ok
21135,0,ok
21136,0,ok
21137,0,ok
21138,0,ok
21139,0,ok
21140,0,ok
21141,0,ok
21142,0,ok
21143,0,ok
21144,0,ok
21145,0,ok
21146,0,ok
21147,0,ok
21148,0,ok
21149,0,ok
21150,0,ok
21151,0,ok
21152,0,ok
21153,0,ok
21154,0,ok
21155,0,ok
21156,0,ok
21157,0,ok
21158,0,ok
21159,0,ok
21160,0,ok
21161,0,ok
21162,0,ok
21163,0,ok
21164,0,ok
21165,0,ok
21166,0,ok
21167,0,ok
21168,0,ok
21169,0,ok
21170,0,ok
21171,0,ok
21172,0,ok
21173,0,ok
21174,0,ok
21175,0,ok
21176,0,ok
21177,0,ok
21178,0,ok
21179,0,ok
21180,0,ok
21181,0,ok
21182,0,ok
21183,0,ok
21184,0,ok
21185,0,ok
21186,0,ok
21187,0,ok
21188,0,ok
21189,0,ok
21190,0,ok
21191,0,ok
21192,0,ok
21193,0,ok
21194,0,ok
21195,0,ok
21196,0,ok
21197,0,ok
21198,0,ok
21199,0,ok
21200,0,ok
21201,0,ok
21202,0,ok
21203,0,ok
21204,0,ok
21205,0,ok
21206,0,ok
21207,0,ok
21208,0,ok
21209,0,ok
21210,0,ok
21211,0,ok
21212,0,ok
21213,0,ok
21214,0,ok
21215,0,ok
21216,0,ok
21217,0,ok
21218,0,ok
21219,0,ok
21220,0,ok
21221,0,ok
21222,0,ok
21223,0,ok
21224,0,ok
21225,0,ok
21226,0,ok
21227,0,ok
21228,0,ok
21229,0,ok
21230,0,ok
21231,0,ok
21232,0,ok
21233,0,ok
21234,0,ok
21235,0,ok
21236,0,ok
21237,0,ok
21238,0,ok
21239,0,ok
21240,0,ok
21241,0,ok
21242,65024,ok
21243,43690,ok
21244,0,ok
21245,0,ok
21246,0,ok
21247,0,ok
21248,0,ok
21249,0,ok
21250,0,ok
21251,0,ok
21252,0,ok
21253,0,ok
21254,0,ok
21255,0,ok
21256,0,ok
21257,0,ok
21258,0,ok
21259,0,ok
21260,0,ok
21261,0,ok
21262,0,ok
21263,0,ok
21264,0,ok
21265,0,ok
21266,0,ok
21267,0,ok
21268,0,ok
21269,0,ok
21270,0,ok
21271,0,ok
21272,0,ok
21273,0,ok
21274,0,ok
21275,0,ok
21276,0,ok
21277,0,ok
21278,0,ok
21279,0,ok
21280,0,ok
21281,0,ok
21282,0,ok
21283,0,ok
21284,0,ok
21285,0,ok
21286,0,ok
21287,0,ok
21288,0,ok
21289,0,ok
21290,0,ok
21291,0,ok
21292,0,ok
21293,0,ok
21294,0,ok
21295,0,ok
21296,0,ok
21297,0,ok
21298,0,ok
21299,0,ok
21300,0,ok
21301,0,ok
21302,0,ok
21303,0,ok
21304,0,ok
21305,0,ok
21306,0,ok
21307,0,ok
21308,0,ok
21309,0,ok
21310,0,ok
21311,0,ok
21312,0,ok
21313,0,ok
21314,0,ok
21315,0,ok
21316,0,ok
21317,0,ok
21318,0,ok
21319,0,ok
21320,0,ok
21321,0,ok
21322,0,ok
21323,0,ok
21324,0,ok
21325,0,ok
21326,0,ok
21327,0,ok
21328,0,ok
21329,0,ok
21330,0,ok
21331,0,ok
21332,0,ok
21333,0,ok
21334,0,ok
21335,0,ok
21336,0,ok
21337,0,ok
21338,0,ok
21339,0,ok
21340,0,ok
21341,0,ok
21342,0,ok
21343,0,ok
21344,0,ok
21345,0,ok
21346,0,ok
21347,0,ok
21348,0,ok
21349,0,ok
21350,0,ok
21351,0,ok
21352,0,ok
21353,0,ok
21354,0,ok
21355,0,ok
21356,0,ok
21357,0,ok
21358,0,ok
21359,0,ok
21360,0,ok
21361,0,ok
21362,0,ok
21363,0,ok
21364,0,ok
21365,0,ok
21366,0,ok
21367,0,ok
21368,0,ok
21369,0,ok
21370,0,ok
21371,0,ok
21372,0,ok
21373,0,ok
21374,0,ok
21375,0,ok
21376,0,ok
21377,0,ok
21378,0,ok
21379,0,ok
21380,0,ok
21381,0,ok
21382,0,ok
21383,0,ok
21384,0,ok
21385,0,ok
21386,0,ok
21387,0,ok
21388,0,ok
21389,0,ok
21390,0,ok
21391,0,ok
21392,0,ok
21393,0,ok
21394,0,ok
21395,0,ok
21396,0,ok
21397,0,ok
21398,0,ok
21399,0,ok
21400,0,ok
21401,0,ok
21402,0,ok
21403,0,ok
21404,0,ok
21405,0,ok
21406,0,ok
21407,0,ok
21408,0,ok
21409,0,ok
21410,0,ok
21411,0,ok
21412,0,ok
21413,0,ok
21414,0,ok
21415,0,ok
21416,0,ok
21417,0,ok
21418,0,ok
21419,0,ok
21420,0,ok
21421,0,ok
21422,0,ok
21423,0,ok
21424,0,ok
21425,0,ok
21426,0,ok
21427,0,ok
21428,0,ok
21429,0,ok
21430,0,ok
21431,0,ok
21432,0,ok
21433,0,ok
21434,0,ok
21435,0,ok
21436,0,ok
21437,0,ok
21438,0,ok
21439,0,ok
21440,0,ok
21441,0,ok
21442,0,ok
21443,0,ok
21444,0,ok
21445,0,ok
21446,0,ok
21447,0,ok
21448,0,ok
21449,0,ok
21450,0,ok
21451,0,ok
21452,0,ok
21453,0,ok
21454,0,ok
21455,0,ok
21456,0,ok
21457,0,ok
21458,0,ok
21459,0,ok
21460,0,ok
21461,0,ok
21462,0,ok
21463,0,ok
21464,0,ok
21465,0,ok
21466,0,ok
21467,0,ok
21468,0,ok
21469,0,ok
21470,0,ok
21471,0,ok
21472,0,ok
21473,0,ok
21474,0,ok
21475,0,ok
21476,0,ok
21477,0,ok
21478,0,ok
21479,0,ok
21480,0,ok
21481,0,ok
21482,0,ok
21483,0,ok
21484,0,ok
21485,0,ok
21486,0,ok
21487,0,ok
21488,0,ok
21489,0,ok
21490,0,ok
21491,0,ok
21492,0,ok
21493,0,ok
21494,0,ok
21495,0,ok
21496,0,ok
21497,0,ok
21498,65024,ok
21499,43690,ok
21500,11565,ok
21501,11565,ok
21502,11565,ok
21503,11565,ok
21504,11565,ok
21505,11565,ok
21506,11565,ok
21507,11565,ok
21508,11565,ok
21509,11565,ok
21510,11565,ok
21511,11565,ok
21512,11565,ok
21513,11565,ok
21514,11565,ok
21515,11565,ok
21516,11565,ok
21517,11565,ok
21518,11565,ok
21519,11565,ok
21520,11565,ok
21521,11565,ok
21522,11565,ok
21523,11565,ok
21524,11565,ok
21525,11565,ok
21526,11565,ok
21527,11565,ok
21528,11565,ok
21529,11565,ok
21530,11565,ok
21531,11565,ok
21532,11565,ok
21533,11565,ok
21534,11565,ok
21535,11565,ok
21536,11565,ok
21537,11565,ok
21538,11565,ok
21539,11565,ok
21540,11565,ok
21541,11565,ok
21542,11565,ok
21543,11565,ok
21544,11565,ok
21545,11565,ok
21546,11565,ok
21547,11565,ok
21548,11565,ok
21549,11565,ok
21550,11565,ok
21551,11565,ok
21552,11565,ok
21553,11565,ok
21554,11565,ok
21555,11565,ok
21556,11565,ok
21557,11565,ok
21558,11565,ok
21559,11565,ok
21560,11565,ok
21561,11565,ok
21562,11565,ok
21563,28019,ok
21564,28788,ok
21565,27950,ok
21566,26977,ok
21567,11884,ok
21568,11565,ok
21569,11565,ok
21570,11565,ok
21571,11565,ok
21572,11565,ok
21573,31021,ok
21574,26721,ok
21575,28527,ok
21576,25390,ok
21577,28015,ok
21578,11565,ok
21579,11565,ok
21580,11565,ok
21581,11565,ok
21582,11565,ok
21583,11565,ok
21584,11565,ok
21585,11565,ok
21586,11565,ok
21587,11565,ok
21588,11565,ok
21589,11565,ok
21590,11565,ok
21591,11565,ok
21592,11565,ok
21593,11565,ok
21594,11565,ok
21595,11565,ok
21596,11565,ok
21597,11565,ok
21598,11565,ok
21599,11565,ok
21600,11565,ok
21601,11565,ok
21602,11565,ok
21603,11565,ok
21604,11565,ok
21605,30583,ok
21606,11895,ok
21607,28519,ok
21608,26479,ok
21609,25964,ok
21610,25390,ok
21611,28015,ok
21612,8224,ok
21613,8224,ok
21614,8224,ok
21615,25376,ok
21616,25960,ok
21617,27491,ok
21618,28777,ok
21619,25646,ok
21620,28281,ok
21621,28260,ok
21622,11891,ok
21623,29295,ok
21624,8295,ok
21625,8224,ok
21626,25965,ok
21627,25197,ok
21628,29285,ok
21629,11891,ok
21630,31076,ok
21631,25710,ok
21632,29550,ok
21633,28462,ok
21634,26482,ok
21635,8224,ok
21636,11552,ok
21637,11565,ok
21638,11565,ok
21639,11565,ok
21640,11565,ok
21641,11565,ok
21642,11565,ok
21643,11565,ok
21644,11565,ok
21645,11565,ok
21646,11565,ok
21647,11565,ok
21648,11565,ok
21649,11565,ok
21650,11565,ok
21651,11565,ok
21652,11565,ok
21653,11565,ok
21654,11565,ok
21655,11565,ok
21656,11565,ok
21657,30509,ok
21658,29555,ok
21659,11825,ok
21660,24932,ok
21661,24948,ok
21662,28523,ok
21663,11885,ok
21664,28515,ok
21665,11885,ok
21666,29300,ok
21667,11565,ok
21668,11565,ok
21669,11565,ok
21670,11565,ok
21671,11565,ok
21672,11565,ok
21673,11565,ok
21674,11565,ok
21675,11565,ok
21676,11565,ok
21677,11565,ok
21678,12333,ok
21679,29742,ok
21680,11890,ok
21681,28528,ok
21682,27759,ok
21683,28206,ok
21684,28788,ok
21685,28462,ok
21686,26482,ok
21687,11565,ok
21688,11565,ok
21689,11825,ok
21690,29300,ok
21691,28718,ok
21692,28527,ok
21693,11884,ok
21694,29806,ok
21695,11888,ok
21696,29295,ok
21697,11623,ok
21698,11565,ok
21699,11565,ok
21700,11565,ok
21701,11565,ok
21702,11565,ok
21703,11565,ok
21704,11565,ok
21705,11565,ok
21706,11565,ok
21707,11565,ok
21708,11565,ok
21709,11565,ok
21710,0,ok
21711,0,ok
21712,0,ok
21713,0,ok
21714,65535,ok
21715,255,ok
21716,65535,ok
21717,65535,ok
21718,0,ok
21719,0,ok
21720,0,ok
21721,0,ok
21722,0,ok
21723,0,ok
21724,0,ok
21725,0,ok
21726,0,ok
21727,0,ok
21728,0,ok
21729,0,ok
21730,0,ok
21731,0,ok
21732,0,ok
21733,0,ok
21734,0,ok
21735,0,ok
21736,0,ok
21737,0,ok
21738,0,ok
21739,0,ok
21740,0,ok
21741,0,ok
21742,0,ok
21743,0,ok
21744,90,ok
21745,90,ok
21746,60,ok
21747,80,ok
21748,502,ok
21749,587,ok
21750,120,ok
21751,123,ok
21752,123,ok
21753,0,ok
21754,64512,ok
21755,43690,ok
21756,0,ok
21757,0,ok
21758,0,ok
21759,0,ok
21760,0,ok
21761,0,ok
21762,0,ok
21763,0,ok
21764,0,ok
21765,0,ok
21766,0,ok
21767,0,ok
21768,0,ok
21769,0,ok
21770,0,ok
21771,0,ok
21772,0,ok
21773,0,ok
21774,0,ok
21775,0,ok
21776,0,ok
21777,0,ok
21778,0,ok
21779,0,ok
21780,0,ok
21781,0,ok
21782,0,ok
21783,0,ok
21784,0,ok
21785,0,ok
21786,0,ok
21787,0,ok
21788,0,ok
21789,0,ok
21790,0,ok
21791,0,ok
21792,0,ok
21793,0,ok
21794,0,ok
21795,0,ok
21796,0,ok
21797,0,ok
21798,0,ok
21799,0,ok
21800,0,ok
21801,0,ok
21802,0,ok
21803,0,ok
21804,0,ok
21805,0,ok
21806,0,ok
21807,0,ok
21808,0,ok
21809,0,ok
21810,0,ok
21811,0,ok
21812,0,ok
21813,0,ok
21814,0,ok
21815,0,ok
21816,0,ok
21817,0,ok
21818,0,ok
21819,0,ok
21820,0,ok
21821,0,ok
21822,0,ok
21823,0,ok
21824,0,ok
21825,0,ok
21826,0,ok
21827,0,ok
21828,0,ok
21829,0,ok
21830,0,ok
21831,0,ok
21832,0,ok
21833,0,ok
21834,0,ok
21835,0,ok
21836,0,ok
21837,0,ok
21838,0,ok
21839,0,ok
21840,0,ok
21841,0,ok
21842,0,ok
21843,0,ok
21844,0,ok
21845,0,ok
21846,0,ok
21847,0,ok
21848,0,ok
21849,0,ok
21850,0,ok
21851,0,ok
21852,0,ok
21853,0,ok
21854,0,ok
21855,0,ok
21856,0,ok
21857,0,ok
21858,0,ok
21859,0,ok
21860,0,ok
21861,0,ok
21862,0,ok
21863,0,ok
21864,0,ok
21865,0,ok
21866,0,ok
21867,0,ok
21868,0,ok
21869,0,ok
21870,0,ok
21871,0,ok
21872,0,ok
21873,0,ok
21874,0,ok
21875,0,ok
21876,0,ok
21877,0,ok
21878,0,ok
21879,0,ok
21880,0,ok
21881,0,ok
21882,0,ok
21883,0,ok
21884,0,ok
21885,0,ok
21886,0,ok
21887,0,ok
21888,0,ok
21889,0,ok
21890,0,ok
21891,0,ok
21892,0,ok
21893,0,ok
21894,0,ok
21895,0,ok
21896,0,ok
21897,0,ok
21898,0,ok
21899,0,ok
21900,0,ok
21901,0,ok
21902,0,ok
21903,0,ok
21904,0,ok
21905,0,ok
21906,0,ok
21907,0,ok
21908,0,ok
21909,0,ok
21910,0,ok
21911,0,ok
21912,0,ok
21913,0,ok
21914,0,ok
21915,0,ok
21916,0,ok
21917,0,ok
21918,0,ok
21919,0,ok
21920,0,ok
21921,0,ok
21922,0,ok
21923,0,ok
21924,0,ok
21925,0,ok
21926,0,ok
21927,0,ok
21928,0,ok
21929,0,ok
21930,0,ok
21931,0,ok
21932,0,ok
21933,0,ok
21934,0,ok
21935,0,ok
21936,0,ok
21937,0,ok
21938,0,ok
21939,0,ok
21940,0,ok
21941,0,ok
21942,0,ok
21943,0,ok
21944,0,ok
21945,0,ok
21946,0,ok
21947,0,ok
21948,0,ok
21949,0,ok
21950,0,ok
21951,0,ok
21952,0,ok
21953,0,ok
21954,0,ok
21955,0,ok
21956,0,ok
21957,0,ok
21958,0,ok
21959,0,ok
21960,0,ok
21961,0,ok
21962,0,ok
21963,0,ok
21964,0,ok
21965,0,ok
21966,0,ok
21967,0,ok
21968,0,ok
21969,0,ok
21970,0,ok
21971,0,ok
21972,0,ok
21973,0,ok
21974,0,ok
21975,0,ok
21976,0,ok
21977,0,ok
21978,0,ok
21979,0,ok
21980,0,ok
21981,0,ok
21982,0,ok
21983,0,ok
21984,0,ok
21985,0,ok
21986,0,ok
21987,0,ok
21988,0,ok
21989,0,ok
21990,0,ok
21991,0,ok
21992,0,ok
21993,0,ok
21994,0,ok
21995,0,ok
21996,0,ok
21997,0,ok
21998,0,ok
21999,0,ok
22000,0,ok
22001,0,ok
22002,0,ok
22003,0,ok
22004,0,ok
22005,0,ok
22006,0,ok
22007,0,ok
22008,0,ok
22009,0,ok
22010,65024,ok
22011,0,ok
22012,0,ok
22013,0,ok
22014,0,ok
22015,0,ok
22016,0,ok
22017,0,ok
22018,0,ok
22019,0,ok
22020,0,ok
22021,0,ok
22022,0,ok
22023,0,ok
22024,0,ok
22025,0,ok
22026,0,ok
22027,0,ok
22028,0,ok
22029,0,ok
22030,0,ok
22031,0,ok
22032,0,ok
22033,0,ok
22034,0,ok
22035,0,ok
22036,0,ok
22037,0,ok
22038,0,ok
22039,0,ok
22040,0,ok
22041,0,ok
22042,0,ok
22043,0,ok
22044,0,ok
22045,0,ok
22046,0,ok
22047,0,ok
22048,0,ok
22049,0,ok
22050,0,ok
22051,0,ok
22052,0,ok
22053,0,ok
22054,0,ok
22055,0,ok
22056,0,ok
22057,0,ok
22058,0,ok
22059,0,ok
22060,0,ok
22061,0,ok
22062,0,ok
22063,0,ok
22064,0,ok
22065,0,ok
22066,0,ok
22067,0,ok
22068,0,ok
22069,0,ok
22070,0,ok
22071,0,ok
22072,0,ok
22073,0,ok
22074,0,ok
22075,0,ok
22076,0,ok
22077,0,ok
22078,0,ok
22079,0,ok
22080,0,ok
22081,0,ok
22082,0,ok
22083,0,ok
22084,0,ok
22085,0,ok
22086,0,ok
22087,0,ok
22088,0,ok
22089,0,ok
22090,0,ok
22091,0,ok
22092,0,ok
22093,0,ok
22094,0,ok
22095,0,ok
22096,0,ok
22097,0,ok
22098,0,ok
22099,0,ok
22100,0,ok
22101,0,ok
22102,0,ok
22103,0,ok
22104,0,ok
22105,0,ok
22106,0,ok
22107,0,ok
22108,0,ok
22109,0,ok
22110,0,ok
22111,0,ok
22112,0,ok
22113,0,ok
22114,0,ok
22115,0,ok
22116,0,ok
22117,0,ok
22118,0,ok
22119,0,ok
22120,0,ok
22121,0,ok
22122,0,ok
22123,0,ok
22124,0,ok
22125,0,ok
22126,0,ok
22127,0,ok
22128,0,ok
22129,0,ok
22130,0,ok
22131,0,ok
22132,0,ok
22133,0,ok
22134,0,ok
22135,0,ok
22136,0,ok
22137,0,ok
22138,0,ok
22139,0,ok
22140,0,ok
22141,0,ok
22142,0,ok
22143,0,ok
22144,0,ok
22145,0,ok
22146,0,ok
22147,0,ok
22148,0,ok
22149,0,ok
22150,0,ok
22151,0,ok
22152,0,ok
22153,0,ok
22154,0,ok
22155,0,ok
22156,0,ok
22157,0,ok
22158,0,ok
22159,0,ok
22160,0,ok
22161,0,ok
22162,0,ok
22163,0,ok
22164,0,ok
22165,0,ok
22166,0,ok
22167,0,ok
22168,0,ok
22169,0,ok
22170,0,ok
22171,0,ok
22172,0,ok
22173,0,ok
22174,0,ok
22175,0,ok
22176,0,ok
22177,0,ok
22178,0,ok
22179,0,ok
22180,0,ok
22181,0,ok
22182,0,ok
22183,0,ok
22184,0,ok
22185,0,ok
22186,0,ok
22187,0,ok
22188,0,ok
22189,0,ok
22190,0,ok
22191,0,ok
22192,0,ok
22193,0,ok
22194,0,ok
22195,0,ok
22196,0,ok
22197,0,ok
22198,0,ok
22199,0,ok
22200,0,ok
22201,0,ok
22202,0,ok
22203,0,ok
22204,0,ok
22205,0,ok
22206,0,ok
22207,0,ok
22208,0,ok
22209,0,ok
22210,0,ok
22211,0,ok
22212,0,ok
22213,0,ok
22214,0,ok
22215,0,ok
22216,0,ok
22217,0,ok
22218,0,ok
22219,0,ok
22220,0,ok
22221,0,ok
22222,0,ok
22223,0,ok
22224,0,ok
22225,0,ok
22226,0,ok
22227,0,ok
22228,0,ok
22229,0,ok
22230,0,ok
22231,0,ok
22232,0,ok
22233,0,ok
22234,0,ok
22235,0,ok
22236,0,ok
22237,0,ok
22238,0,ok
22239,0,ok
22240,0,ok
22241,0,ok
22242,0,ok
22243,0,ok
22244,0,ok
22245,0,ok
22246,0,ok
22247,0,ok
22248,0,ok
22249,0,ok
22250,0,ok
22251,0,ok
22252,0,ok
22253,0,ok
22254,0,ok
22255,0,ok
22256,0,ok
22257,0,ok
22258,0,ok
22259,0,ok
22260,0,ok
22261,0,ok
22262,0,ok
22263,0,ok
22264,0,ok
22265,0,ok
22266,0,ok
22267,0,ok
22268,0,ok
22269,0,ok
22270,0,ok
22271,0,ok
22272,0,ok
22273,0,ok
22274,0,ok
22275,0,ok
22276,0,ok
22277,0,ok
22278,0,ok
22279,0,ok
22280,0,ok
22281,0,ok
22282,0,ok
22283,0,ok
22284,0,ok
22285,0,ok
22286,0,ok
22287,0,ok
22288,0,ok
22289,0,ok
22290,0,ok
22291,0,ok
22292,0,ok
22293,0,ok
22294,0,ok
22295,0,ok
22296,0,ok
22297,0,ok
22298,0,ok
22299,0,ok
22300,0,ok
22301,0,ok
22302,0,ok
22303,0,ok
22304,0,ok
22305,0,ok
22306,0,ok
22307,0,ok
22308,0,ok
22309,0,ok
22310,0,ok
22311,0,ok
22312,0,ok
22313,0,ok
22314,0,ok
22315,0,ok
22316,0,ok
22317,0,ok
22318,0,ok
22319,0,ok
22320,0,ok
22321,0,ok
22322,0,ok
22323,0,ok
22324,0,ok
22325,0,ok
22326,0,ok
22327,0,ok
22328,0,ok
22329,0,ok
22330,0,ok
22331,0,ok
22332,0,ok
22333,0,ok
22334,0,ok
22335,0,ok
22336,0,ok
22337,0,ok
22338,0,ok
22339,0,ok
22340,0,ok
22341,0,ok
22342,0,ok
22343,0,ok
22344,0,ok
22345,0,ok
22346,0,ok
22347,0,ok
22348,0,ok
22349,0,ok
22350,0,ok
22351,0,ok
22352,0,ok
22353,0,ok
22354,0,ok
22355,0,ok
22356,0,ok
22357,0,ok
22358,0,ok
22359,0,ok
22360,0,ok
22361,0,ok
22362,0,ok
22363,0,ok
22364,0,ok
22365,0,ok
22366,0,ok
22367,0,ok
22368,0,ok
22369,0,ok
22370,0,ok
22371,0,ok
22372,0,ok
22373,0,ok
22374,0,ok
22375,0,ok
22376,0,ok
22377,0,ok
22378,0,ok
22379,0,ok
22380,0,ok
22381,0,ok
22382,0,ok
22383,0,ok
22384,0,ok
22385,0,ok
22386,0,ok
22387,0,ok
22388,0,ok
22389,0,ok
22390,0,ok
22391,0,ok
22392,0,ok
22393,0,ok
22394,0,ok
22395,0,ok
22396,0,ok
22397,0,ok
22398,0,ok
22399,0,ok
22400,0,ok
22401,0,ok
22402,0,ok
22403,0,ok
22404,0,ok
22405,0,ok
22406,0,ok
22407,0,ok
22408,0,ok
22409,0,ok
22410,0,ok
22411,0,ok
22412,0,ok
22413,0,ok
22414,0,ok
22415,0,ok
22416,0,ok
22417,0,ok
22418,0,ok
22419,0,ok
22420,0,ok
22421,0,ok
22422,0,ok
22423,0,ok
22424,0,ok
22425,0,ok
22426,0,ok
22427,0,ok
22428,0,ok
22429,0,ok
22430,0,ok
22431,0,ok
22432,0,ok
22433,0,ok
22434,0,ok
22435,0,ok
22436,0,ok
22437,0,ok
22438,0,ok
22439,0,ok
22440,0,ok
22441,0,ok
22442,0,ok
22443,0,ok
22444,0,ok
22445,0,ok
22446,0,ok
22447,0,ok
22448,0,ok
22449,0,ok
22450,0,ok
22451,0,ok
22452,0,ok
22453,0,ok
22454,0,ok
22455,0,ok
22456,0,ok
22457,0,ok
22458,0,ok
22459,0,ok
22460,0,ok
22461,0,ok
22462,0,ok
22463,0,ok
22464,0,ok
22465,0,ok
22466,0,ok
22467,0,ok
22468,0,ok
22469,0,ok
22470,0,ok
22471,0,ok
22472,0,ok
22473,0,ok
22474,0,ok
22475,0,ok
22476,0,ok
22477,0,ok
22478,0,ok
22479,0,ok
22480,0,ok
22481,0,ok
22482,0,ok
22483,0,ok
22484,0,ok
22485,0,ok
22486,0,ok
22487,0,ok
22488,0,ok
22489,0,ok
22490,0,ok
22491,0,ok
22492,0,ok
22493,0,ok
22494,0,ok
22495,0,ok
22496,0,ok
22497,0,ok
22498,0,ok
22499,0,ok
22500,0,ok
22501,0,ok
22502,0,ok
22503,0,ok
22504,0,ok
22505,0,ok
22506,0,ok
22507,0,ok
22508,0,ok
22509,0,ok
22510,0,ok
22511,0,ok
22512,0,ok
22513,0,ok
22514,0,ok
22515,0,ok
22516,0,ok
22517,0,ok
22518,0,ok
22519,0,ok
22520,0,ok
22521,0,ok
22522,0,ok
22523,0,ok
22524,0,ok
22525,0,ok
22526,0,ok
22527,0,ok
22528,0,ok
22529,0,ok
22530,0,ok
22531,0,ok
22532,0,ok
22533,0,ok
22534,0,ok
22535,0,ok
22536,0,ok
22537,0,ok
22538,0,ok
22539,0,ok
22540,0,ok
22541,0,ok
22542,0,ok
22543,0,ok
22544,0,ok
22545,0,ok
22546,0,ok
22547,0,ok
22548,0,ok
22549,0,ok
22550,0,ok
22551,0,ok
22552,0,ok
22553,0,ok
22554,0,ok
22555,0,ok
22556,0,ok
22557,0,ok
22558,0,ok
22559,0,ok
22560,0,ok
22561,0,ok
22562,0,ok
22563,0,ok
22564,0,ok
22565,0,ok
22566,0,ok
22567,0,ok
22568,0,ok
22569,0,ok
22570,0,ok
22571,0,ok
22572,0,ok
22573,0,ok
22574,0,ok
22575,0,ok
22576,0,ok
22577,0,ok
22578,0,ok
22579,0,ok
22580,0,ok
22581,0,ok
22582,0,ok
22583,0,ok
22584,0,ok
22585,0,ok
22586,0,ok
22587,0,ok
22588,0,ok
22589,0,ok
22590,0,ok
22591,0,ok
22592,0,ok
22593,0,ok
22594,0,ok
22595,0,ok
22596,0,ok
22597,0,ok
22598,0,ok
22599,0,ok
22600,0,ok
22601,0,ok
22602,0,ok
22603,0,ok
22604,0,ok
22605,0,ok
22606,0,ok
22607,0,ok
22608,0,ok
22609,0,ok
22610,0,ok
22611,0,ok
22612,0,ok
22613,0,ok
22614,0,ok
22615,0,ok
22616,0,ok
22617,0,ok
22618,0,ok
22619,0,ok
22620,0,ok
22621,0,ok
22622,0,ok
22623,0,ok
22624,0,ok
22625,0,ok
22626,0,ok
22627,0,ok
22628,0,ok
22629,0,ok
22630,0,ok
22631,0,ok
22632,0,ok
22633,0,ok
22634,0,ok
22635,0,ok
22636,0,ok
22637,0,ok
22638,0,ok
22639,0,ok
22640,0,ok
22641,0,ok
22642,0,ok
22643,0,ok
22644,0,ok
22645,0,ok
22646,0,ok
22647,0,ok
22648,0,ok
22649,0,ok
22650,0,ok
22651,0,ok
22652,0,ok
22653,0,ok
22654,0,ok
22655,0,ok
22656,0,ok
22657,0,ok
22658,0,ok
22659,0,ok
22660,0,ok
22661,0,ok
22662,0,ok
22663,0,ok
22664,0,ok
22665,0,ok
22666,0,ok
22667,0,ok
22668,0,ok
22669,0,ok
22670,0,ok
22671,0,ok
22672,0,ok
22673,0,ok
22674,0,ok
22675,0,ok
22676,0,ok
22677,0,ok
22678,0,ok
22679,0,ok
22680,0,ok
22681,0,ok
22682,0,ok
22683,0,ok
22684,0,ok
22685,0,ok
22686,0,ok
22687,0,ok
22688,0,ok
22689,0,ok
22690,0,ok
22691,0,ok
22692,0,ok
22693,0,ok
22694,0,ok
22695,0,ok
22696,0,ok
22697,0,ok
22698,0,ok
22699,0,ok
22700,0,ok
22701,0,ok
22702,0,ok
22703,0,ok
22704,0,ok
22705,0,ok
22706,0,ok
22707,0,ok
22708,0,ok
22709,0,ok
22710,0,ok
22711,0,ok
22712,0,ok
22713,0,ok
22714,0,ok
22715,0,ok
22716,0,ok
22717,0,ok
22718,0,ok
22719,0,ok
22720,0,ok
22721,0,ok
22722,0,ok
22723,0,ok
22724,0,ok
22725,0,ok
22726,0,ok
22727,0,ok
22728,0,ok
22729,0,ok
22730,0,ok
22731,0,ok
22732,0,ok
22733,0,ok
22734,0,ok
22735,0,ok
22736,0,ok
22737,0,ok
22738,0,ok
22739,0,ok
22740,0,ok
22741,0,ok
22742,0,ok
22743,0,ok
22744,0,ok
22745,0,ok
22746,0,ok
22747,0,ok
22748,0,ok
22749,0,ok
22750,0,ok
22751,0,ok
22752,0,ok
22753,0,ok
22754,0,ok
22755,0,ok
22756,0,ok
22757,0,ok
22758,0,ok
22759,0,ok
22760,0,ok
22761,0,ok
22762,0,ok
22763,0,ok
22764,0,ok
22765,0,ok
22766,0,ok
22767,0,ok
22768,0,ok
22769,0,ok
22770,0,ok
22771,0,ok
22772,0,ok
22773,0,ok
22774,0,ok
22775,0,ok
22776,0,ok
22777,0,ok
22778,0,ok
22779,0,ok
22780,0,ok
22781,0,ok
22782,0,ok
22783,0,ok
22784,0,ok
22785,0,ok
22786,0,ok
22787,0,ok
22788,0,ok
22789,0,ok
22790,0,ok
22791,0,ok
22792,0,ok
22793,0,ok
22794,0,ok
22795,0,ok
22796,0,ok
22797,0,ok
22798,0,ok
22799,0,ok
22800,0,ok
22801,0,ok
22802,0,ok
22803,0,ok
22804,0,ok
22805,0,ok
22806,0,ok
22807,0,ok
22808,0,ok
22809,0,ok
22810,0,ok
22811,0,ok
22812,0,ok
22813,0,ok
22814,0,ok
22815,0,ok
22816,0,ok
22817,0,ok
22818,0,ok
22819,0,ok
22820,0,ok
22821,0,ok
22822,0,ok
22823,0,ok
22824,0,ok
22825,0,ok
22826,0,ok
22827,0,ok
22828,0,ok
22829,0,ok
22830,0,ok
22831,0,ok
22832,0,ok
22833,0,ok
22834,0,ok
22835,0,ok
22836,0,ok
22837,0,ok
22838,0,ok
22839,0,ok
22840,0,ok
22841,0,ok
22842,0,ok
22843,0,ok
22844,0,ok
22845,0,ok
22846,0,ok
22847,0,ok
22848,0,ok
22849,0,ok
22850,0,ok
22851,0,ok
22852,0,ok
22853,0,ok
22854,0,ok
22855,0,ok
22856,0,ok
22857,0,ok
22858,0,ok
22859,0,ok
22860,0,ok
22861,0,ok
22862,0,ok
22863,0,ok
22864,0,ok
22865,0,ok
22866,0,ok
22867,0,ok
22868,0,ok
22869,0,ok
22870,0,ok
22871,0,ok
22872,0,ok
22873,0,ok
22874,0,ok
22875,0,ok
22876,0,ok
22877,0,ok
22878,0,ok
22879,0,ok
22880,0,ok
22881,0,ok
22882,0,ok
22883,0,ok
22884,0,ok
22885,0,ok
22886,0,ok
22887,0,ok
22888,0,ok
22889,0,ok
22890,0,ok
22891,0,ok
22892,0,ok
22893,0,ok
22894,0,ok
22895,0,ok
22896,0,ok
22897,0,ok
22898,0,ok
22899,0,ok
22900,0,ok
22901,0,ok
22902,0,ok
22903,0,ok
22904,0,ok
22905,0,ok
22906,0,ok
22907,0,ok
22908,0,ok
22909,0,ok
22910,0,ok
22911,0,ok
22912,0,ok
22913,0,ok
22914,0,ok
22915,0,ok
22916,0,ok
22917,0,ok
22918,0,ok
22919,0,ok
22920,0,ok
22921,0,ok
22922,0,ok
22923,0,ok
22924,0,ok
22925,0,ok
22926,0,ok
22927,0,ok
22928,0,ok
22929,0,ok
22930,0,ok
22931,0,ok
22932,0,ok
22933,0,ok
22934,0,ok
22935,0,ok
22936,0,ok
22937,0,ok
22938,0,ok
22939,0,ok
22940,0,ok
22941,0,ok
22942,0,ok
22943,0,ok
22944,0,ok
22945,0,ok
22946,0,ok
22947,0,ok
22948,0,ok
22949,0,ok
22950,0,ok
22951,0,ok
22952,0,ok
22953,0,ok
22954,0,ok
22955,0,ok
22956,0,ok
22957,0,ok
22958,0,ok
22959,0,ok
22960,0,ok
22961,0,ok
22962,0,ok
22963,0,ok
22964,0,ok
22965,0,ok
22966,0,ok
22967,0,ok
22968,0,ok
22969,0,ok
22970,0,ok
22971,0,ok
22972,0,ok
22973,0,ok
22974,0,ok
22975,0,ok
22976,0,ok
22977,0,ok
22978,0,ok
22979,0,ok
22980,0,ok
22981,0,ok
22982,0,ok
22983,0,ok
22984,0,ok
22985,0,ok
22986,0,ok
22987,0,ok
22988,0,ok
22989,0,ok
22990,0,ok
22991,0,ok
22992,0,ok
22993,0,ok
22994,0,ok
22995,0,ok
22996,0,ok
22997,0,ok
22998,0,ok
22999,0,ok
23000,0,ok
23001,0,ok
23002,0,ok
23003,0,ok
23004,0,ok
23005,0,ok
23006,0,ok
23007,0,ok
23008,0,ok
23009,0,ok
23010,0,ok
23011,0,ok
23012,0,ok
23013,0,ok
23014,0,ok
23015,0,ok
23016,0,ok
23017,0,ok
23018,0,ok
23019,0,ok
23020,0,ok
23021,0,ok
23022,0,ok
23023,0,ok
23024,0,ok
23025,0,ok
23026,0,ok
23027,0,ok
23028,0,ok
23029,0,ok
23030,0,ok
23031,0,ok
23032,0,ok
23033,0,ok
23034,0,ok
23035,0,ok
23036,0,ok
23037,0,ok
23038,0,ok
23039,0,ok
23040,0,ok
23041,0,ok
23042,0,ok
23043,0,ok
23044,0,ok
23045,0,ok
23046,0,ok
23047,0,ok
23048,0,ok
23049,0,ok
23050,0,ok
23051,0,ok
23052,0,ok
23053,0,ok
23054,0,ok
23055,0,ok
23056,0,ok
23057,0,ok
23058,0,ok
23059,0,ok
23060,0,ok
23061,0,ok
23062,0,ok
23063,0,ok
23064,0,ok
23065,0,ok
23066,0,ok
23067,0,ok
23068,0,ok
23069,0,ok
23070,0,ok
23071,0,ok
23072,0,ok
23073,0,ok
23074,0,ok
23075,0,ok
23076,0,ok
23077,0,ok
23078,0,ok
23079,0,ok
23080,0,ok
23081,0,ok
23082,0,ok
23083,0,ok
23084,0,ok
23085,0,ok
23086,0,ok
23087,0,ok
23088,0,ok
23089,0,ok
23090,0,ok
23091,0,ok
23092,0,ok
23093,0,ok
23094,0,ok
23095,0,ok
23096,0,ok
23097,0,ok
23098,0,ok
23099,0,ok
23100,0,ok
23101,0,ok
23102,0,ok
23103,0,ok
23104,0,ok
23105,0,ok
23106,0,ok
23107,0,ok
23108,0,ok
23109,0,ok
23110,0,ok
23111,0,ok
23112,0,ok
23113,0,ok
23114,0,ok
23115,0,ok
23116,0,ok
23117,0,ok
23118,0,ok
23119,0,ok
23120,0,ok
23121,0,ok
23122,0,ok
23123,0,ok
23124,0,ok
23125,0,ok
23126,0,ok
23127,0,ok
23128,0,ok
23129,0,ok
23130,0,ok
23131,0,ok
23132,0,ok
23133,0,ok
23134,0,ok
23135,0,ok
23136,0,ok
23137,0,ok
23138,0,ok
23139,0,ok
23140,0,ok
23141,0,ok
23142,0,ok
23143,0,ok
23144,0,ok
23145,0,ok
23146,0,ok
23147,0,ok
23148,0,ok
23149,0,ok
23150,0,ok
23151,0,ok
23152,0,ok
23153,0,ok
23154,0,ok
23155,0,ok
23156,0,ok
23157,0,ok
23158,0,ok
23159,0,ok
23160,0,ok
23161,0,ok
23162,0,ok
23163,0,ok
23164,0,ok
23165,0,ok
23166,0,ok
23167,0,ok
23168,0,ok
23169,0,ok
23170,0,ok
23171,0,ok
23172,0,ok
23173,0,ok
23174,0,ok
23175,0,ok
23176,0,ok
23177,0,ok
23178,0,ok
23179,0,ok
23180,0,ok
23181,0,ok
23182,0,ok
23183,0,ok
23184,0,ok
23185,0,ok
23186,0,ok
23187,0,ok
23188,0,ok
23189,0,ok
23190,0,ok
23191,0,ok
23192,0,ok
23193,0,ok
23194,0,ok
23195,0,ok
23196,0,ok
23197,0,ok
23198,0,ok
23199,0,ok
23200,0,ok
23201,0,ok
23202,0,ok
23203,0,ok
23204,0,ok
23205,0,ok
23206,0,ok
23207,0,ok
23208,0,ok
23209,0,ok
23210,0,ok
23211,0,ok
23212,0,ok
23213,0,ok
23214,0,ok
23215,0,ok
23216,0,ok
23217,0,ok
23218,0,ok
23219,0,ok
23220,0,ok
23221,0,ok
23222,0,ok
23223,0,ok
23224,0,ok
23225,0,ok
23226,0,ok
23227,0,ok
23228,0,ok
23229,0,ok
23230,0,ok
23231,0,ok
23232,0,ok
23233,0,ok
23234,0,ok
23235,0,ok
23236,0,ok
23237,0,ok
23238,0,ok
23239,0,ok
23240,0,ok
23241,0,ok
23242,0,ok
23243,0,ok
23244,0,ok
23245,0,ok
23246,0,ok
23247,0,ok
23248,0,ok
23249,0,ok
23250,0,ok
23251,0,ok
23252,0,ok
23253,0,ok
23254,0,ok
23255,0,ok
23256,0,ok
23257,0,ok
23258,0,ok
23259,0,ok
23260,0,ok
23261,0,ok
23262,0,ok
23263,0,ok
23264,0,ok
23265,0,ok
23266,0,ok
23267,0,ok
23268,0,ok
23269,0,ok
23270,0,ok
23271,0,ok
23272,0,ok
23273,0,ok
23274,0,ok
23275,0,ok
23276,0,ok
23277,0,ok
23278,0,ok
23279,0,ok
23280,0,ok
23281,0,ok
23282,0,ok
23283,0,ok
23284,0,ok
23285,0,ok
23286,0,ok
23287,0,ok
23288,0,ok
23289,0,ok
23290,0,ok
23291,0,ok
23292,0,ok
23293,0,ok
23294,0,ok
23295,0,ok
23296,0,ok
23297,0,ok
23298,0,ok
23299,0,ok
23300,0,ok
23301,0,ok
23302,0,ok
23303,0,ok
23304,0,ok
23305,0,ok
23306,0,ok
23307,0,ok
23308,0,ok
23309,0,ok
23310,0,ok
23311,0,ok
23312,0,ok
23313,0,ok
23314,0,ok
23315,0,ok
23316,0,ok
23317,0,ok
23318,0,ok
23319,0,ok
23320,0,ok
23321,0,ok
23322,0,ok
23323,0,ok
23324,0,ok
23325,0,ok
23326,0,ok
23327,0,ok
23328,0,ok
23329,0,ok
23330,0,ok
23331,0,ok
23332,0,ok
23333,0,ok
23334,0,ok
23335,0,ok
23336,0,ok
23337,0,ok
23338,0,ok
23339,0,ok
23340,0,ok
23341,0,ok
23342,0,ok
23343,0,ok
23344,0,ok
23345,0,ok
23346,0,ok
23347,0,ok
23348,0,ok
23349,0,ok
23350,0,ok
23351,0,ok
23352,0,ok
23353,0,ok
23354,0,ok
23355,0,ok
23356,0,ok
23357,0,ok
23358,0,ok
23359,0,ok
23360,0,ok
23361,0,ok
23362,0,ok
23363,0,ok
23364,0,ok
23365,0,ok
23366,0,ok
23367,0,ok
23368,0,ok
23369,0,ok
23370,0,ok
23371,0,ok
23372,0,ok
23373,0,ok
23374,0,ok
23375,0,ok
23376,0,ok
23377,0,ok
23378,0,ok
23379,0,ok
23380,0,ok
23381,0,ok
23382,0,ok
23383,0,ok
23384,0,ok
23385,0,ok
23386,0,ok
23387,0,ok
23388,0,ok
23389,0,ok
23390,0,ok
23391,0,ok
23392,0,ok
23393,0,ok
23394,0,ok
23395,0,ok
23396,0,ok
23397,0,ok
23398,0,ok
23399,0,ok
23400,0,ok
23401,0,ok
23402,0,ok
23403,0,ok
23404,0,ok
23405,0,ok
23406,0,ok
23407,0,ok
23408,0,ok
23409,0,ok
23410,0,ok
23411,0,ok
23412,0,ok
23413,0,ok
23414,0,ok
23415,0,ok
23416,0,ok
23417,0,ok
23418,0,ok
23419,0,ok
23420,0,ok
23421,0,ok
23422,0,ok
23423,0,ok
23424,0,ok
23425,0,ok
23426,0,ok
23427,0,ok
23428,0,ok
23429,0,ok
23430,0,ok
23431,0,ok
23432,0,ok
23433,0,ok
23434,0,ok
23435,0,ok
23436,0,ok
23437,0,ok
23438,0,ok
23439,0,ok
23440,0,ok
23441,0,ok
23442,0,ok
23443,0,ok
23444,0,ok
23445,0,ok
23446,0,ok
23447,0,ok
23448,0,ok
23449,0,ok
23450,0,ok
23451,0,ok
23452,0,ok
23453,0,ok
23454,0,ok
23455,0,ok
23456,0,ok
23457,0,ok
23458,0,ok
23459,0,ok
23460,0,ok
23461,0,ok
23462,0,ok
23463,0,ok
23464,0,ok
23465,0,ok
23466,0,ok
23467,0,ok
23468,0,ok
23469,0,ok
23470,0,ok
23471,0,ok
23472,0,ok
23473,0,ok
23474,0,ok
23475,0,ok
23476,0,ok
23477,0,ok
23478,0,ok
23479,0,ok
23480,0,ok
23481,0,ok
23482,0,ok
23483,0,ok
23484,0,ok
23485,0,ok
23486,0,ok
23487,0,ok
23488,0,ok
23489,0,ok
23490,0,ok
23491,0,ok
23492,0,ok
23493,0,ok
23494,0,ok
23495,0,ok
23496,0,ok
23497,0,ok
23498,0,ok
23499,0,ok
23500,0,ok
23501,0,ok
23502,0,ok
23503,0,ok
23504,0,ok
23505,0,ok
23506,0,ok
23507,0,ok
23508,0,ok
23509,0,ok
23510,0,ok
23511,0,ok
23512,0,ok
23513,0,ok
23514,0,ok
23515,0,ok
23516,0,ok
23517,0,ok
23518,0,ok
23519,0,ok
23520,0,ok
23521,0,ok
23522,0,ok
23523,0,ok
23524,0,ok
23525,0,ok
23526,0,ok
23527,0,ok
23528,0,ok
23529,0,ok
23530,0,ok
23531,0,ok
23532,0,ok
23533,0,ok
23534,0,ok
23535,0,ok
23536,0,ok
23537,0,ok
23538,0,ok
23539,0,ok
23540,0,ok
23541,0,ok
23542,0,ok
23543,0,ok
23544,0,ok
23545,0,ok
23546,0,ok
23547,0,ok
23548,0,ok
23549,0,ok
23550,0,ok
23551,0,ok
23552,0,ok
23553,0,ok
23554,0,ok
23555,0,ok
23556,0,ok
23557,0,ok
23558,0,ok
23559,0,ok
23560,0,ok
23561,0,ok
23562,0,ok
23563,0,ok
23564,0,ok
23565,0,ok
23566,0,ok
23567,0,ok
23568,0,ok
23569,0,ok
23570,0,ok
23571,0,ok
23572,0,ok
23573,0,ok
23574,0,ok
23575,0,ok
23576,0,ok
23577,0,ok
23578,0,ok
23579,0,ok
23580,0,ok
23581,0,ok
23582,0,ok
23583,0,ok
23584,0,ok
23585,0,ok
23586,0,ok
23587,0,ok
23588,0,ok
23589,0,ok
23590,0,ok
23591,0,ok
23592,0,ok
23593,0,ok
23594,0,ok
23595,0,ok
23596,0,ok
23597,0,ok
23598,0,ok
23599,0,ok
23600,0,ok
23601,0,ok
23602,0,ok
23603,0,ok
23604,0,ok
23605,0,ok
23606,0,ok
23607,0,ok
23608,0,ok
23609,0,ok
23610,0,ok
23611,0,ok
23612,0,ok
23613,0,ok
23614,0,ok
23615,0,ok
23616,0,ok
23617,0,ok
23618,0,ok
23619,0,ok
23620,0,ok
23621,0,ok
23622,0,ok
23623,0,ok
23624,0,ok
23625,0,ok
23626,0,ok
23627,0,ok
23628,0,ok
23629,0,ok
23630,0,ok
23631,0,ok
23632,0,ok
23633,0,ok
23634,0,ok
23635,0,ok
23636,0,ok
23637,0,ok
23638,0,ok
23639,0,ok
23640,0,ok
23641,0,ok
23642,0,ok
23643,0,ok
23644,0,ok
23645,0,ok
23646,0,ok
23647,0,ok
23648,0,ok
23649,0,ok
23650,0,ok
23651,0,ok
23652,0,ok
23653,0,ok
23654,0,ok
23655,0,ok
23656,0,ok
23657,0,ok
23658,0,ok
23659,0,ok
23660,0,ok
23661,0,ok
23662,0,ok
23663,0,ok
23664,0,ok
23665,0,ok
23666,0,ok
23667,0,ok
23668,0,ok
23669,0,ok
23670,0,ok
23671,0,ok
23672,0,ok
23673,0,ok
23674,0,ok
23675,0,ok
23676,0,ok
23677,0,ok
23678,0,ok
23679,0,ok
23680,0,ok
23681,0,ok
23682,0,ok
23683,0,ok
23684,0,ok
23685,0,ok
23686,0,ok
23687,0,ok
23688,0,ok
23689,0,ok
23690,0,ok
23691,0,ok
23692,0,ok
23693,0,ok
23694,0,ok
23695,0,ok
23696,0,ok
23697,0,ok
23698,0,ok
23699,0,ok
23700,0,ok
23701,0,ok
23702,0,ok
23703,0,ok
23704,0,ok
23705,0,ok
23706,0,ok
23707,0,ok
23708,0,ok
23709,0,ok
23710,0,ok
23711,0,ok
23712,0,ok
23713,0,ok
23714,0,ok
23715,0,ok
23716,0,ok
23717,0,ok
23718,0,ok
23719,0,ok
23720,0,ok
23721,0,ok
23722,0,ok
23723,0,ok
23724,0,ok
23725,0,ok
23726,0,ok
23727,0,ok
23728,0,ok
23729,0,ok
23730,0,ok
23731,0,ok
23732,0,ok
23733,0,ok
23734,0,ok
23735,0,ok
23736,0,ok
23737,0,ok
23738,0,ok
23739,0,ok
23740,0,ok
23741,0,ok
23742,0,ok
23743,0,ok
23744,0,ok
23745,0,ok
23746,0,ok
23747,0,ok
23748,0,ok
23749,0,ok
23750,0,ok
23751,0,ok
23752,0,ok
23753,0,ok
23754,0,ok
23755,0,ok
23756,0,ok
23757,0,ok
23758,0,ok
23759,0,ok
23760,0,ok
23761,0,ok
23762,0,ok
23763,0,ok
23764,0,ok
23765,0,ok
23766,0,ok
23767,0,ok
23768,0,ok
23769,0,ok
23770,0,ok
23771,0,ok
23772,0,ok
23773,0,ok
23774,0,ok
23775,0,ok
23776,0,ok
23777,0,ok
23778,0,ok
23779,0,ok
23780,0,ok
23781,0,ok
23782,0,ok
23783,0,ok
23784,0,ok
23785,0,ok
23786,0,ok
23787,0,ok
23788,0,ok
23789,0,ok
23790,0,ok
23791,0,ok
23792,0,ok
23793,0,ok
23794,0,ok
23795,0,ok
23796,0,ok
23797,0,ok
23798,0,ok
23799,0,ok
23800,0,ok
23801,0,ok
23802,0,ok
23803,0,ok
23804,0,ok
23805,0,ok
23806,0,ok
23807,0,ok
23808,0,ok
23809,0,ok
23810,0,ok
23811,0,ok
23812,0,ok
23813,0,ok
23814,0,ok
23815,0,ok
23816,0,ok
23817,0,ok
23818,0,ok
23819,0,ok
23820,0,ok
23821,0,ok
23822,0,ok
23823,0,ok
23824,0,ok
23825,0,ok
23826,0,ok
23827,0,ok
23828,0,ok
23829,0,ok
23830,0,ok
23831,0,ok
23832,0,ok
23833,0,ok
23834,0,ok
23835,0,ok
23836,0,ok
23837,0,ok
23838,0,ok
23839,0,ok
23840,0,ok
23841,0,ok
23842,0,ok
23843,0,ok
23844,0,ok
23845,0,ok
23846,0,ok
23847,0,ok
23848,0,ok
23849,0,ok
23850,0,ok
23851,0,ok
23852,0,ok
23853,0,ok
23854,0,ok
23855,0,ok
23856,0,ok
23857,0,ok
23858,0,ok
23859,0,ok
23860,0,ok
23861,0,ok
23862,0,ok
23863,0,ok
23864,0,ok
23865,0,ok
23866,0,ok
23867,0,ok
23868,0,ok
23869,0,ok
23870,0,ok
23871,0,ok
23872,0,ok
23873,0,ok
23874,0,ok
23875,0,ok
23876,0,ok
23877,0,ok
23878,0,ok
23879,0,ok
23880,0,ok
23881,0,ok
23882,0,ok
23883,0,ok
23884,0,ok
23885,0,ok
23886,0,ok
23887,0,ok
23888,0,ok
23889,0,ok
23890,0,ok
23891,0,ok
23892,0,ok
23893,0,ok
23894,0,ok
23895,0,ok
23896,0,ok
23897,0,ok
23898,0,ok
23899,0,ok
23900,0,ok
23901,0,ok
23902,0,ok
23903,0,ok
23904,0,ok
23905,0,ok
23906,0,ok
23907,0,ok
23908,0,ok
23909,0,ok
23910,0,ok
23911,0,ok
23912,0,ok
23913,0,ok
23914,0,ok
23915,0,ok
23916,0,ok
23917,0,ok
23918,0,ok
23919,0,ok
23920,0,ok
23921,0,ok
23922,0,ok
23923,0,ok
23924,0,ok
23925,0,ok
23926,0,ok
23927,0,ok
23928,0,ok
23929,0,ok
23930,0,ok
23931,0,ok
23932,0,ok
23933,0,ok
23934,0,ok
23935,0,ok
23936,0,ok
23937,0,ok
23938,0,ok
23939,0,ok
23940,0,ok
23941,0,ok
23942,0,ok
23943,0,ok
23944,0,ok
23945,0,ok
23946,0,ok
23947,0,ok
23948,0,ok
23949,0,ok
23950,0,ok
23951,0,ok
23952,0,ok
23953,0,ok
23954,0,ok
23955,0,ok
23956,0,ok
23957,0,ok
23958,0,ok
23959,0,ok
23960,0,ok
23961,0,ok
23962,0,ok
23963,0,ok
23964,0,ok
23965,0,ok
23966,0,ok
23967,0,ok
23968,0,ok
23969,0,ok
23970,0,ok
23971,0,ok
23972,0,ok
23973,0,ok
23974,0,ok
23975,0,ok
23976,0,ok
23977,0,ok
23978,0,ok
23979,0,ok
23980,0,ok
23981,0,ok
23982,0,ok
23983,0,ok
23984,0,ok
23985,0,ok
23986,0,ok
23987,0,ok
23988,0,ok
23989,0,ok
23990,0,ok
23991,0,ok
23992,0,ok
23993,0,ok
23994,0,ok
23995,0,ok
23996,0,ok
23997,0,ok
23998,0,ok
23999,0,ok
24000,0,ok
24001,0,ok
24002,0,ok
24003,0,ok
24004,0,ok
24005,0,ok
24006,0,ok
24007,0,ok
24008,0,ok
24009,0,ok
24010,0,ok
24011,0,ok
24012,0,ok
24013,0,ok
24014,0,ok
24015,0,ok
24016,0,ok
24017,0,ok
24018,0,ok
24019,0,ok
24020,0,ok
24021,0,ok
24022,0,ok
24023,0,ok
24024,0,ok
24025,0,ok
24026,0,ok
24027,0,ok
24028,0,ok
24029,0,ok
24030,0,ok
24031,0,ok
24032,0,ok
24033,0,ok
24034,0,ok
24035,0,ok
24036,0,ok
24037,0,ok
24038,0,ok
24039,0,ok
24040,0,ok
24041,0,ok
24042,0,ok
24043,0,ok
24044,0,ok
24045,0,ok
24046,0,ok
24047,0,ok
24048,0,ok
24049,0,ok
24050,0,ok
24051,0,ok
24052,0,ok
24053,0,ok
24054,0,ok
24055,0,ok
24056,0,ok
24057,0,ok
24058,0,ok
24059,0,ok
24060,0,ok
24061,0,ok
24062,0,ok
24063,0,ok
24064,0,ok
24065,0,ok
24066,0,ok
24067,0,ok
24068,0,ok
24069,0,ok
24070,0,ok
24071,0,ok
24072,0,ok
24073,0,ok
24074,0,ok
24075,0,ok
24076,0,ok
24077,0,ok
24078,0,ok
24079,0,ok
24080,0,ok
24081,0,ok
24082,0,ok
24083,0,ok
24084,0,ok
24085,0,ok
24086,0,ok
24087,0,ok
24088,0,ok
24089,0,ok
24090,0,ok
24091,0,ok
24092,0,ok
24093,0,ok
24094,0,ok
24095,0,ok
24096,0,ok
24097,0,ok
24098,0,ok
24099,0,ok
24100,0,ok
24101,0,ok
24102,0,ok
24103,0,ok
24104,0,ok
24105,0,ok
24106,0,ok
24107,0,ok
24108,0,ok
24109,0,ok
24110,0,ok
24111,0,ok
24112,0,ok
24113,0,ok
24114,0,ok
24115,0,ok
24116,0,ok
24117,0,ok
24118,0,ok
24119,0,ok
24120,0,ok
24121,0,ok
24122,0,ok
24123,0,ok
24124,0,ok
24125,0,ok
24126,0,ok
24127,0,ok
24128,0,ok
24129,0,ok
24130,0,ok
24131,0,ok
24132,0,ok
24133,0,ok
24134,0,ok
24135,0,ok
24136,0,ok
24137,0,ok
24138,0,ok
24139,0,ok
24140,0,ok
24141,0,ok
24142,0,ok
24143,0,ok
24144,0,ok
24145,0,ok
24146,0,ok
24147,0,ok
24148,0,ok
24149,0,ok
24150,0,ok
24151,0,ok
24152,0,ok
24153,0,ok
24154,0,ok
24155,0,ok
24156,0,ok
24157,0,ok
24158,0,ok
24159,0,ok
24160,0,ok
24161,0,ok
24162,0,ok
24163,0,ok
24164,0,ok
24165,0,ok
24166,0,ok
24167,0,ok
24168,0,ok
24169,0,ok
24170,0,ok
24171,0,ok
24172,0,ok
24173,0,ok
24174,0,ok
24175,0,ok
24176,0,ok
24177,0,ok
24178,0,ok
24179,0,ok
24180,0,ok
24181,0,ok
24182,0,ok
24183,0,ok
24184,0,ok
24185,0,ok
24186,0,ok
24187,0,ok
24188,0,ok
24189,0,ok
24190,0,ok
24191,0,ok
24192,0,ok
24193,0,ok
24194,0,ok
24195,0,ok
24196,0,ok
24197,0,ok
24198,0,ok
24199,0,ok
24200,0,ok
24201,0,ok
24202,0,ok
24203,0,ok
24204,0,ok
24205,0,ok
24206,0,ok
24207,0,ok
24208,0,ok
24209,0,ok
24210,0,ok
24211,0,ok
24212,0,ok
24213,0,ok
24214,0,ok
24215,0,ok
24216,0,ok
24217,0,ok
24218,0,ok
24219,0,ok
24220,0,ok
24221,0,ok
24222,0,ok
24223,0,ok
24224,0,ok
24225,0,ok
24226,0,ok
24227,0,ok
24228,0,ok
24229,0,ok
24230,0,ok
24231,0,ok
24232,0,ok
24233,0,ok
24234,0,ok
24235,0,ok
24236,0,ok
24237,0,ok
24238,0,ok
24239,0,ok
24240,0,ok
24241,0,ok
24242,0,ok
24243,0,ok
24244,0,ok
24245,0,ok
24246,0,ok
24247,0,ok
24248,0,ok
24249,0,ok
24250,0,ok
24251,0,ok
24252,0,ok
24253,0,ok
24254,0,ok
24255,0,ok
24256,0,ok
24257,0,ok
24258,0,ok
24259,0,ok
24260,0,ok
24261,0,ok
24262,0,ok
24263,0,ok
24264,0,ok
24265,0,ok
24266,0,ok
24267,0,ok
24268,0,ok
24269,0,ok
24270,0,ok
24271,0,ok
24272,0,ok
24273,0,ok
24274,0,ok
24275,0,ok
24276,0,ok
24277,0,ok
24278,0,ok
24279,0,ok
24280,0,ok
24281,0,ok
24282,0,ok
24283,0,ok
24284,0,ok
24285,0,ok
24286,0,ok
24287,0,ok
24288,0,ok
24289,0,ok
24290,0,ok
24291,0,ok
24292,0,ok
24293,0,ok
24294,0,ok
24295,0,ok
24296,0,ok
24297,0,ok
24298,0,ok
24299,0,ok
24300,0,ok
24301,0,ok
24302,0,ok
24303,0,ok
24304,0,ok
24305,0,ok
24306,0,ok
24307,0,ok
24308,0,ok
24309,0,ok
24310,0,ok
24311,0,ok
24312,0,ok
24313,0,ok
24314,0,ok
24315,0,ok
24316,0,ok
24317,0,ok
24318,0,ok
24319,0,ok
24320,0,ok
24321,0,ok
24322,0,ok
24323,0,ok
24324,0,ok
24325,0,ok
24326,0,ok
24327,0,ok
24328,0,ok
24329,0,ok
24330,0,ok
24331,0,ok
24332,0,ok
24333,0,ok
24334,0,ok
24335,0,ok
24336,0,ok
24337,0,ok
24338,0,ok
24339,0,ok
24340,0,ok
24341,0,ok
24342,0,ok
24343,0,ok
24344,0,ok
24345,0,ok
24346,0,ok
24347,0,ok
24348,0,ok
24349,0,ok
24350,0,ok
24351,0,ok
24352,0,ok
24353,0,ok
24354,0,ok
24355,0,ok
24356,0,ok
24357,0,ok
24358,0,ok
24359,0,ok
24360,0,ok
24361,0,ok
24362,0,ok
24363,0,ok
24364,0,ok
24365,0,ok
24366,0,ok
24367,0,ok
24368,0,ok
24369,0,ok
24370,0,ok
24371,0,ok
24372,0,ok
24373,0,ok
24374,0,ok
24375,0,ok
24376,0,ok
24377,0,ok
24378,0,ok
24379,0,ok
24380,0,ok
24381,0,ok
24382,0,ok
24383,0,ok
24384,0,ok
24385,0,ok
24386,0,ok
24387,0,ok
24388,0,ok
24389,0,ok
24390,0,ok
24391,0,ok
24392,0,ok
24393,0,ok
24394,0,ok
24395,0,ok
24396,0,ok
24397,0,ok
24398,0,ok
24399,0,ok
24400,0,ok
24401,0,ok
24402,0,ok
24403,0,ok
24404,0,ok
24405,0,ok
24406,0,ok
24407,0,ok
24408,0,ok
24409,0,ok
24410,0,ok
24411,0,ok
24412,0,ok
24413,0,ok
24414,0,ok
24415,0,ok
24416,0,ok
24417,0,ok
24418,0,ok
24419,0,ok
24420,0,ok
24421,0,ok
24422,0,ok
24423,0,ok
24424,0,ok
24425,0,ok
24426,0,ok
24427,0,ok
24428,0,ok
24429,0,ok
24430,0,ok
24431,0,ok
24432,0,ok
24433,0,ok
24434,0,ok
24435,0,ok
24436,0,ok
24437,0,ok
24438,0,ok
24439,0,ok
24440,0,ok
24441,0,ok
24442,0,ok
24443,0,ok
24444,0,ok
24445,0,ok
24446,0,ok
24447,0,ok
24448,0,ok
24449,0,ok
24450,0,ok
24451,0,ok
24452,0,ok
24453,0,ok
24454,0,ok
24455,0,ok
24456,0,ok
24457,0,ok
24458,0,ok
24459,0,ok
24460,0,ok
24461,0,ok
24462,0,ok
24463,0,ok
24464,0,ok
24465,0,ok
24466,0,ok
24467,0,ok
24468,0,ok
24469,0,ok
24470,0,ok
24471,0,ok
24472,0,ok
24473,0,ok
24474,0,ok
24475,0,ok
24476,0,ok
24477,0,ok
24478,0,ok
24479,0,ok
24480,0,ok
24481,0,ok
24482,0,ok
24483,0,ok
24484,0,ok
24485,0,ok
24486,0,ok
24487,0,ok
24488,0,ok
24489,0,ok
24490,0,ok
24491,0,ok
24492,0,ok
24493,0,ok
24494,0,ok
24495,0,ok
24496,0,ok
24497,0,ok
24498,0,ok
24499,0,ok
24500,0,ok
24501,0,ok
24502,0,ok
24503,0,ok
24504,0,ok
24505,0,ok
24506,0,ok
24507,0,ok
24508,0,ok
24509,0,ok
24510,0,ok
24511,0,ok
24512,0,ok
24513,0,ok
24514,0,ok
24515,0,ok
24516,0,ok
24517,0,ok
24518,0,ok
24519,0,ok
24520,0,ok
24521,0,ok
24522,0,ok
24523,0,ok
24524,0,ok
24525,0,ok
24526,0,ok
24527,0,ok
24528,0,ok
24529,0,ok
24530,0,ok
24531,0,ok
24532,0,ok
24533,0,ok
24534,0,ok
24535,0,ok
24536,0,ok
24537,0,ok
24538,0,ok
24539,0,ok
24540,0,ok
24541,0,ok
24542,0,ok
24543,0,ok
24544,0,ok
24545,0,ok
24546,0,ok
24547,0,ok
24548,0,ok
24549,0,ok
24550,0,ok
24551,0,ok
24552,0,ok
24553,0,ok
24554,0,ok
24555,0,ok
24556,0,ok
24557,0,ok
24558,0,ok
24559,0,ok
24560,0,ok
24561,0,ok
24562,0,ok
24563,0,ok
24564,0,ok
24565,0,ok
24566,0,ok
24567,0,ok
24568,0,ok
24569,0,ok
24570,0,ok
24571,2000,ok
24572,1,ok
24573,1,ok
24574,1,ok
24575,1,ok
24576,1,ok
24577,45,ok
24578,0,ok
24579,0,ok
24580,0,ok
24581,0,ok
24582,54289,ok
24583,3,ok
24584,0,ok
24585,15,ok
24586,4,ok
24587,0,ok
24588,0,ok
24589,0,ok
24590,0,ok
24591,0,ok
24592,32566,ok
24593,21764,ok
24594,6,ok
24595,0,ok
24596,40,ok
24597,40,ok
24598,20746,ok
24599,12339,ok
24600,43690,ok
24601,0,ok
24602,0,ok
24603,0,ok
24604,0,ok
24605,0,ok
24606,0,ok
24607,0,ok
24608,0,ok
24609,0,ok
24610,0,ok
24611,0,ok
24612,0,ok
24613,0,ok
24614,0,ok
24615,0,ok
24616,0,ok
24617,0,ok
24618,0,ok
24619,0,ok
24620,0,ok
24621,0,ok
24622,0,ok
24623,0,ok
24624,0,ok
24625,0,ok
24626,0,ok
24627,0,ok
24628,0,ok
24629,0,ok
24630,0,ok
24631,0,ok
24632,0,ok
24633,2,ok
24634,90,ok
24635,222,ok
24636,19268,ok
24637,13389,ok
24638,12340,ok
24639,17440,ok
24640,21569,ok
24641,19265,ok
24642,19791,ok
24643,32,ok
24644,12593,ok
24645,12593,ok
24646,12593,ok
24647,12593,ok
24648,12593,ok
24649,12593,ok
24650,12593,ok
24651,12593,ok
24652,49,ok
24653,16256,ok
24654,0,ok
24655,16256,ok
24656,0,ok
24657,1,ok
24658,14445,ok
24659,20982,ok
24660,200,ok
24661,1000,ok
24662,1000,ok
24663,1000,ok
24664,1000,ok
24665,1000,ok
24666,1000,ok
24667,1000,ok
24668,1000,ok
24669,1000,ok
24670,1000,ok
24671,1000,ok
24672,1000,ok
24673,10,ok
24674,200,ok
24675,3,ok
24676,0,ok
24677,1,ok
24678,8,ok
24679,1,ok
24680,0,ok
24681,1,ok
24682,1,ok
24683,100,ok
24684,1,ok
24685,1,ok
24686,100,ok
24687,1,ok
24688,1,ok
24689,5,ok
24690,1,ok
24691,3,ok
24692,0,ok
24693,0,ok
24694,1,ok
24695,4,ok
24696,0,ok
24697,0,ok
24698,0,ok
24699,0,ok
24700,10,ok
24701,0,ok
24702,0,ok
24703,0,ok
24704,0,ok
24705,0,ok
24706,0,ok
24707,0,ok
24708,0,ok
24709,0,ok
24710,0,ok
24711,0,ok
24712,0,ok
24713,0,ok
24714,0,ok
24715,0,ok
24716,0,ok
24717,0,ok
24718,0,ok
24719,1,ok
24720,0,ok
24721,16960,ok
24722,15,ok
24723,40960,ok
24724,40965,ok
24725,65045,ok
24726,161,ok
24727,0,ok
24728,0,ok
24729,0,ok
24730,0,ok
24731,0,ok
24732,0,ok
24733,0,ok
24734,0,ok
24735,0,ok
24736,0,ok
24737,0,ok
24738,0,ok
24739,0,ok
24740,0,ok
24741,0,ok
24742,0,ok
24743,0,ok
24744,0,ok
24745,0,ok
24746,0,ok
24747,0,ok
24748,4950,ok
24749,0,ok
24750,0,ok
24751,0,ok
24752,0,ok
24753,0,ok
24754,0,ok
24755,0,ok
24756,0,ok
24757,42240,ok
24758,0,ok
24759,6388,ok
24760,8193,ok
24761,2,ok
24762,3,ok
24763,2,ok
24764,0,ok
24765,0,ok
24766,0,ok
24767,0,ok
24768,0,ok
24769,0,ok
24770,0,ok
24771,2306,ok
24772,0,ok
24773,512,ok
24774,896,ok
24775,1024,ok
24776,1536,ok
24777,2048,ok
24778,2560,ok
24779,3072,ok
24780,0,ok
24781,0,ok
24782,0,ok
24783,0,ok
24784,0,ok
24785,3072,ok
24786,0,ok
24787,57344,ok
24788,2063,ok
24789,0,ok
24790,0,ok
24791,11620,ok
24792,8192,ok
24793,127,ok
24794,0,ok
24795,127,ok
24796,0,ok
24797,0,ok
24798,0,ok
24799,0,ok
24800,0,ok
24801,0,ok
24802,0,ok
24803,0,ok
24804,0,ok
24805,65535,ok
24806,15,ok
24807,0,ok
24808,0,ok
24809,4868,ok
24810,2,ok
24811,0,ok
24812,0,ok
24813,65535,ok
24814,15,ok
24815,0,ok
24816,0,ok
24817,0,ok
24818,0,ok
24819,0,ok
24820,0,ok
24821,0,ok
24822,0,ok
24823,0,ok
24824,0,ok
24825,0,ok
24826,0,ok
24827,0,ok
24828,0,ok
24829,0,ok
24830,0,ok
24831,0,ok
24832,0,ok
24833,0,ok
24834,0,ok
24835,0,ok
24836,0,ok
24837,0,ok
24838,0,ok
24839,0,ok
24840,0,ok
24841,0,ok
24842,0,ok
24843,0,ok
24844,0,ok
24845,0,ok
24846,0,ok
24847,0,ok
24848,0,ok
24849,0,ok
24850,0,ok
24851,0,ok
24852,0,ok
24853,0,ok
24854,0,ok
24855,0,ok
24856,0,ok
24857,0,ok
24858,0,ok
24859,0,ok
24860,0,ok
24861,0,ok
24862,0,ok
24863,0,ok
24864,0,ok
24865,0,ok
24866,0,ok
24867,0,ok
24868,0,ok
24869,0,ok
24870,0,ok
24871,0,ok
24872,0,ok
24873,0,ok
24874,0,ok
24875,0,ok
24876,0,ok
24877,0,ok
24878,0,ok
24879,0,ok
24880,0,ok
24881,0,ok
24882,0,ok
24883,0,ok
24884,0,ok
24885,0,ok
24886,0,ok
24887,0,ok
24888,0,ok
24889,0,ok
24890,0,ok
24891,0,ok
24892,0,ok
24893,0,ok
24894,0,ok
24895,0,ok
24896,0,ok
24897,0,ok
24898,0,ok
24899,0,ok
24900,0,ok
24901,0,ok
24902,0,ok
24903,0,ok
24904,0,ok
24905,0,ok
24906,0,ok
24907,0,ok
24908,0,ok
24909,0,ok
24910,0,ok
24911,0,ok
24912,0,ok
24913,0,ok
24914,0,ok
24915,0,ok
24916,0,ok
24917,0,ok
24918,0,ok
24919,0,ok
24920,0,ok
24921,0,ok
24922,0,ok
24923,0,ok
24924,0,ok
24925,0,ok
24926,0,ok
24927,0,ok
24928,0,ok
24929,0,ok
24930,0,ok
24931,0,ok
24932,0,ok
24933,0,ok
24934,0,ok
24935,0,ok
24936,0,ok
24937,0,ok
24938,0,ok
24939,0,ok
24940,0,ok
24941,0,ok
24942,0,ok
24943,0,ok
24944,0,ok
24945,0,ok
24946,0,ok
24947,0,ok
24948,0,ok
24949,0,ok
24950,0,ok
24951,0,ok
24952,0,ok
24953,0,ok
24954,0,ok
24955,0,ok
24956,0,ok
24957,0,ok
24958,0,ok
24959,0,ok
24960,0,ok
24961,0,ok
24962,0,ok
24963,0,ok
24964,0,ok
24965,0,ok
24966,0,ok
24967,0,ok
24968,0,ok
24969,0,ok
24970,0,ok
24971,0,ok
24972,0,ok
24973,0,ok
24974,0,ok
24975,0,ok
24976,0,ok
24977,0,ok
24978,0,ok
24979,0,ok
24980,0,ok
24981,0,ok
24982,0,ok
24983,0,ok
24984,0,ok
24985,0,ok
24986,0,ok
24987,0,ok
24988,0,ok
24989,0,ok
24990,0,ok
24991,0,ok
24992,0,ok
24993,0,ok
24994,0,ok
24995,0,ok
24996,0,ok
24997,0,ok
24998,0,ok
24999,0,ok
25000,0,ok
25001,0,ok
25002,0,ok
25003,0,ok
25004,0,ok
25005,0,ok
25006,0,ok
25007,0,ok
25008,0,ok
25009,0,ok
25010,0,ok
25011,0,ok
25012,0,ok
25013,0,ok
25014,0,ok
25015,0,ok
25016,0,ok
25017,0,ok
25018,0,ok
25019,0,ok
25020,0,ok
25021,0,ok
25022,0,ok
25023,0,ok
25024,0,ok
25025,0,ok
25026,0,ok
25027,0,ok
25028,0,ok
25029,0,ok
25030,0,ok
25031,0,ok
25032,0,ok
25033,0,ok
25034,0,ok
25035,0,ok
25036,0,ok
25037,0,ok
25038,0,ok
25039,0,ok
25040,0,ok
25041,0,ok
25042,0,ok
25043,0,ok
25044,0,ok
25045,0,ok
25046,0,ok
25047,0,ok
25048,0,ok
25049,0,ok
25050,0,ok
25051,0,ok
25052,0,ok
25053,0,ok
25054,0,ok
25055,0,ok
25056,0,ok
25057,0,ok
25058,0,ok
25059,0,ok
25060,0,ok
25061,0,ok
25062,0,ok
25063,0,ok
25064,0,ok
25065,0,ok
25066,0,ok
25067,0,ok
25068,0,ok
25069,0,ok
25070,0,ok
25071,0,ok
25072,0,ok
25073,0,ok
25074,0,ok
25075,0,ok
25076,0,ok
25077,0,ok
25078,0,ok
25079,0,ok
25080,0,ok
25081,0,ok
25082,0,ok
25083,0,ok
25084,0,ok
25085,0,ok
25086,0,ok
25087,0,ok
25088,0,ok
25089,0,ok
25090,0,ok
25091,0,ok
25092,0,ok
25093,0,ok
25094,0,ok
25095,0,ok
25096,0,ok
25097,0,ok
25098,0,ok
25099,0,ok
25100,0,ok
25101,0,ok
25102,0,ok
25103,0,ok
25104,0,ok
25105,0,ok
25106,0,ok
25107,0,ok
25108,0,ok
25109,0,ok
25110,0,ok
25111,0,ok
25112,0,ok
25113,0,ok
25114,0,ok
25115,0,ok
25116,0,ok
25117,0,ok
25118,0,ok
25119,0,ok
25120,0,ok
25121,0,ok
25122,0,ok
25123,0,ok
25124,0,ok
25125,0,ok
25126,0,ok
25127,0,ok
25128,0,ok
25129,0,ok
25130,0,ok
25131,0,ok
25132,0,ok
25133,0,ok
25134,0,ok
25135,0,ok
25136,0,ok
25137,0,ok
25138,0,ok
25139,0,ok
25140,0,ok
25141,0,ok
25142,0,ok
25143,0,ok
25144,0,ok
25145,0,ok
25146,0,ok
25147,0,ok
25148,0,ok
25149,0,ok
25150,0,ok
25151,0,ok
25152,0,ok
25153,0,ok
25154,0,ok
25155,0,ok
25156,0,ok
25157,0,ok
25158,0,ok
25159,0,ok
25160,0,ok
25161,0,ok
25162,0,ok
25163,0,ok
25164,0,ok
25165,0,ok
25166,0,ok
25167,0,ok
25168,0,ok
25169,0,ok
25170,0,ok
25171,0,ok
25172,0,ok
25173,0,ok
25174,0,ok
25175,0,ok
25176,0,ok
25177,0,ok
25178,0,ok
25179,0,ok
25180,0,ok
25181,0,ok
25182,0,ok
25183,0,ok
25184,0,ok
25185,0,ok
25186,0,ok
25187,0,ok
25188,0,ok
25189,0,ok
25190,0,ok
25191,0,ok
25192,0,ok
25193,0,ok
25194,0,ok
25195,0,ok
25196,0,ok
25197,0,ok
25198,0,ok
25199,0,ok
25200,0,ok
25201,0,ok
25202,0,ok
25203,0,ok
25204,0,ok
25205,0,ok
25206,0,ok
25207,0,ok
25208,0,ok
25209,0,ok
25210,0,ok
25211,0,ok
25212,0,ok
25213,0,ok
25214,0,ok
25215,0,ok
25216,0,ok
25217,0,ok
25218,0,ok
25219,0,ok
25220,0,ok
25221,0,ok
25222,0,ok
25223,0,ok
25224,0,ok
25225,0,ok
25226,0,ok
25227,0,ok
25228,0,ok
25229,0,ok
25230,0,ok
25231,0,ok
25232,0,ok
25233,0,ok
25234,0,ok
25235,0,ok
25236,0,ok
25237,0,ok
25238,0,ok
25239,0,ok
25240,0,ok
25241,0,ok
25242,0,ok
25243,0,ok
25244,0,ok
25245,0,ok
25246,0,ok
25247,0,ok
25248,0,ok
25249,0,ok
25250,0,ok
25251,0,ok
25252,0,ok
25253,0,ok
25254,0,ok
25255,0,ok
25256,0,ok
25257,0,ok
25258,0,ok
25259,0,ok
25260,0,ok
25261,0,ok
25262,0,ok
25263,0,ok
25264,0,ok
25265,0,ok
25266,0,ok
25267,0,ok
25268,0,ok
25269,0,ok
25270,0,ok
25271,0,ok
25272,0,ok
25273,0,ok
25274,0,ok
25275,0,ok
25276,0,ok
25277,0,ok
25278,0,ok
25279,0,ok
25280,0,ok
25281,0,ok
25282,0,ok
25283,0,ok
25284,0,ok
25285,0,ok
25286,0,ok
25287,0,ok
25288,0,ok
25289,0,ok
25290,0,ok
25291,0,ok
25292,0,ok
25293,0,ok
25294,0,ok
25295,0,ok
25296,0,ok
25297,0,ok
25298,0,ok
25299,0,ok
25300,0,ok
25301,0,ok
25302,0,ok
25303,0,ok
25304,0,ok
25305,0,ok
25306,0,ok
25307,0,ok
25308,0,ok
25309,0,ok
25310,0,ok
25311,0,ok
25312,0,ok
25313,0,ok
25314,0,ok
25315,0,ok
25316,0,ok
25317,0,ok
25318,0,ok
25319,0,ok
25320,0,ok
25321,0,ok
25322,0,ok
25323,0,ok
25324,0,ok
25325,0,ok
25326,0,ok
25327,0,ok
25328,0,ok
25329,0,ok
25330,0,ok
25331,0,ok
25332,0,ok
25333,0,ok
25334,0,ok
25335,0,ok
25336,0,ok
25337,0,ok
25338,0,ok
25339,0,ok
25340,0,ok
25341,0,ok
25342,0,ok
25343,0,ok
25344,0,ok
25345,0,ok
25346,0,ok
25347,0,ok
25348,0,ok
25349,0,ok
25350,0,ok
25351,0,ok
25352,0,ok
25353,0,ok
25354,0,ok
25355,0,ok
25356,0,ok
25357,0,ok
25358,0,ok
25359,0,ok
25360,0,ok
25361,0,ok
25362,0,ok
25363,0,ok
25364,0,ok
25365,0,ok
25366,0,ok
25367,0,ok
25368,0,ok
25369,0,ok
25370,0,ok
25371,0,ok
25372,0,ok
25373,0,ok
25374,0,ok
25375,0,ok
25376,0,ok
25377,0,ok
25378,0,ok
25379,0,ok
25380,0,ok
25381,0,ok
25382,0,ok
25383,0,ok
25384,0,ok
25385,0,ok
25386,0,ok
25387,0,ok
25388,0,ok
25389,0,ok
25390,0,ok
25391,0,ok
25392,0,ok
25393,0,ok
25394,0,ok
25395,0,ok
25396,0,ok
25397,0,ok
25398,0,ok
25399,0,ok
25400,0,ok
25401,0,ok
25402,0,ok
25403,0,ok
25404,0,ok
25405,0,ok
25406,0,ok
25407,0,ok
25408,0,ok
25409,0,ok
25410,0,ok
25411,0,ok
25412,0,ok
25413,0,ok
25414,0,ok
25415,0,ok
25416,0,ok
25417,0,ok
25418,0,ok
25419,0,ok
25420,0,ok
25421,0,ok
25422,0,ok
25423,0,ok
25424,0,ok
25425,0,ok
25426,0,ok
25427,0,ok
25428,0,ok
25429,0,ok
25430,0,ok
25431,0,ok
25432,0,ok
25433,0,ok
25434,0,ok
25435,0,ok
25436,0,ok
25437,0,ok
25438,0,ok
25439,0,ok
25440,0,ok
25441,0,ok
25442,0,ok
25443,0,ok
25444,0,ok
25445,0,ok
25446,0,ok
25447,0,ok
25448,0,ok
25449,0,ok
25450,0,ok
25451,0,ok
25452,0,ok
25453,0,ok
25454,0,ok
25455,0,ok
25456,0,ok
25457,0,ok
25458,0,ok
25459,0,ok
25460,0,ok
25461,0,ok
25462,0,ok
25463,0,ok
25464,0,ok
25465,0,ok
25466,0,ok
25467,0,ok
25468,0,ok
25469,0,ok
25470,0,ok
25471,0,ok
25472,0,ok
25473,0,ok
25474,0,ok
25475,0,ok
25476,0,ok
25477,0,ok
25478,0,ok
25479,0,ok
25480,0,ok
25481,0,ok
25482,0,ok
25483,0,ok
25484,0,ok
25485,0,ok
25486,0,ok
25487,0,ok
25488,0,ok
25489,0,ok
25490,0,ok
25491,0,ok
25492,0,ok
25493,0,ok
25494,0,ok
25495,0,ok
25496,0,ok
25497,0,ok
25498,0,ok
25499,0,ok
25500,0,ok
25501,0,ok
25502,0,ok
25503,0,ok
25504,0,ok
25505,0,ok
25506,0,ok
25507,0,ok
25508,0,ok
25509,0,ok
25510,0,ok
25511,0,ok
25512,0,ok
25513,0,ok
25514,0,ok
25515,0,ok
25516,0,ok
25517,0,ok
25518,0,ok
25519,0,ok
25520,0,ok
25521,0,ok
25522,0,ok
25523,0,ok
25524,0,ok
25525,0,ok
25526,0,ok
25527,0,ok
25528,0,ok
25529,0,ok
25530,0,ok
25531,0,ok
25532,0,ok
25533,0,ok
25534,0,ok
25535,0,ok
25536,0,ok
25537,0,ok
25538,0,ok
25539,0,ok
25540,0,ok
25541,0,ok
25542,0,ok
25543,0,ok
25544,0,ok
25545,0,ok
25546,0,ok
25547,0,ok
25548,0,ok
25549,0,ok
25550,0,ok
25551,0,ok
25552,0,ok
25553,0,ok
25554,0,ok
25555,0,ok
25556,0,ok
25557,0,ok
25558,0,ok
25559,0,ok
25560,0,ok
25561,0,ok
25562,0,ok
25563,0,ok
25564,0,ok
25565,0,ok
25566,0,ok
25567,0,ok
25568,0,ok
25569,0,ok
25570,0,ok
25571,0,ok
25572,0,ok
25573,0,ok
25574,0,ok
25575,0,ok
25576,0,ok
25577,0,ok
25578,0,ok
25579,0,ok
25580,0,ok
25581,0,ok
25582,0,ok
25583,0,ok
25584,0,ok
25585,0,ok
25586,0,ok
25587,0,ok
25588,0,ok
25589,0,ok
25590,0,ok
25591,0,ok
25592,0,ok
25593,0,ok
25594,0,ok
25595,0,ok
25596,0,ok
25597,0,ok
25598,0,ok
25599,0,ok
25600,0,ok
25601,0,ok
25602,0,ok
25603,0,ok
25604,0,ok
25605,0,ok
25606,0,ok
25607,0,ok
25608,0,ok
25609,0,ok
25610,0,ok
25611,0,ok
25612,0,ok
25613,0,ok
25614,0,ok
25615,0,ok
25616,0,ok
25617,0,ok
25618,0,ok
25619,0,ok
25620,0,ok
25621,0,ok
25622,0,ok
25623,0,ok
25624,0,ok
25625,0,ok
25626,0,ok
25627,0,ok
25628,0,ok
25629,0,ok
25630,0,ok
25631,0,ok
25632,0,ok
25633,0,ok
25634,0,ok
25635,0,ok
25636,0,ok
25637,0,ok
25638,0,ok
25639,0,ok
25640,0,ok
25641,0,ok
25642,0,ok
25643,0,ok
25644,0,ok
25645,0,ok
25646,0,ok
25647,0,ok
25648,0,ok
25649,0,ok
25650,0,ok
25651,0,ok
25652,0,ok
25653,0,ok
25654,0,ok
25655,0,ok
25656,0,ok
25657,0,ok
25658,0,ok
25659,0,ok
25660,0,ok
25661,0,ok
25662,0,ok
25663,0,ok
25664,0,ok
25665,0,ok
25666,0,ok
25667,0,ok
25668,0,ok
25669,0,ok
25670,0,ok
25671,0,ok
25672,0,ok
25673,0,ok
25674,0,ok
25675,0,ok
25676,0,ok
25677,0,ok
25678,0,ok
25679,0,ok
25680,0,ok
25681,0,ok
25682,0,ok
25683,0,ok
25684,0,ok
25685,0,ok
25686,0,ok
25687,0,ok
25688,0,ok
25689,0,ok
25690,0,ok
25691,0,ok
25692,0,ok
25693,0,ok
25694,0,ok
25695,0,ok
25696,0,ok
25697,0,ok
25698,0,ok
25699,0,ok
25700,0,ok
25701,0,ok
25702,0,ok
25703,0,ok
25704,0,ok
25705,0,ok
25706,0,ok
25707,0,ok
25708,0,ok
25709,0,ok
25710,0,ok
25711,0,ok
25712,0,ok
25713,0,ok
25714,0,ok
25715,0,ok
25716,0,ok
25717,0,ok
25718,0,ok
25719,0,ok
25720,0,ok
25721,0,ok
25722,0,ok
25723,0,ok
25724,0,ok
25725,0,ok
25726,0,ok
25727,0,ok
25728,0,ok
25729,0,ok
25730,0,ok
25731,0,ok
25732,0,ok
25733,0,ok
25734,0,ok
25735,0,ok
25736,0,ok
25737,0,ok
25738,0,ok
25739,0,ok
25740,0,ok
25741,0,ok
25742,0,ok
25743,0,ok
25744,0,ok
25745,0,ok
25746,0,ok
25747,0,ok
25748,0,ok
25749,0,ok
25750,0,ok
25751,0,ok
25752,0,ok
25753,0,ok
25754,0,ok
25755,0,ok
25756,0,ok
25757,0,ok
25758,0,ok
25759,0,ok
25760,0,ok
25761,0,ok
25762,0,ok
25763,0,ok
25764,0,ok
25765,0,ok
25766,0,ok
25767,0,ok
25768,0,ok
25769,0,ok
25770,0,ok
25771,0,ok
25772,0,ok
25773,0,ok
25774,0,ok
25775,0,ok
25776,0,ok
25777,0,ok
25778,0,ok
25779,0,ok
25780,0,ok
25781,0,ok
25782,0,ok
25783,0,ok
25784,0,ok
25785,0,ok
25786,0,ok
25787,0,ok
25788,0,ok
25789,0,ok
25790,0,ok
25791,0,ok
25792,0,ok
25793,0,ok
25794,0,ok
25795,0,ok
25796,0,ok
25797,0,ok
25798,0,ok
25799,0,ok
25800,0,ok
25801,0,ok
25802,0,ok
25803,0,ok
25804,0,ok
25805,0,ok
25806,0,ok
25807,0,ok
25808,0,ok
25809,0,ok
25810,0,ok
25811,0,ok
25812,0,ok
25813,0,ok
25814,0,ok
25815,0,ok
25816,0,ok
25817,0,ok
25818,0,ok
25819,0,ok
25820,0,ok
25821,0,ok
25822,0,ok
25823,0,ok
25824,0,ok
25825,0,ok
25826,0,ok
25827,0,ok
25828,0,ok
25829,0,ok
25830,0,ok
25831,0,ok
25832,0,ok
25833,0,ok
25834,0,ok
25835,0,ok
25836,0,ok
25837,0,ok
25838,0,ok
25839,0,ok
25840,0,ok
25841,0,ok
25842,0,ok
25843,0,ok
25844,0,ok
25845,0,ok
25846,0,ok
25847,0,ok
25848,0,ok
25849,0,ok
25850,0,ok
25851,0,ok
25852,0,ok
25853,0,ok
25854,0,ok
25855,0,ok
25856,0,ok
25857,0,ok
25858,0,ok
25859,0,ok
25860,0,ok
25861,0,ok
25862,0,ok
25863,0,ok
25864,0,ok
25865,0,ok
25866,0,ok
25867,0,ok
25868,0,ok
25869,0,ok
25870,0,ok
25871,0,ok
25872,0,ok
25873,0,ok
25874,0,ok
25875,0,ok
25876,0,ok
25877,0,ok
25878,0,ok
25879,0,ok
25880,0,ok
25881,0,ok
25882,0,ok
25883,0,ok
25884,0,ok
25885,0,ok
25886,0,ok
25887,0,ok
25888,0,ok
25889,0,ok
25890,0,ok
25891,0,ok
25892,0,ok
25893,0,ok
25894,0,ok
25895,0,ok
25896,0,ok
25897,0,ok
25898,0,ok
25899,0,ok
25900,0,ok
25901,0,ok
25902,0,ok
25903,0,ok
25904,0,ok
25905,0,ok
25906,0,ok
25907,0,ok
25908,0,ok
25909,0,ok
25910,0,ok
25911,0,ok
25912,0,ok
25913,0,ok
25914,0,ok
25915,0,ok
25916,0,ok
25917,0,ok
25918,0,ok
25919,0,ok
25920,0,ok
25921,0,ok
25922,0,ok
25923,0,ok
25924,0,ok
25925,0,ok
25926,0,ok
25927,0,ok
25928,0,ok
25929,0,ok
25930,0,ok
25931,0,ok
25932,0,ok
25933,0,ok
25934,0,ok
25935,0,ok
25936,0,ok
25937,0,ok
25938,0,ok
25939,0,ok
25940,0,ok
25941,0,ok
25942,0,ok
25943,0,ok
25944,0,ok
25945,0,ok
25946,0,ok
25947,0,ok
25948,0,ok
25949,0,ok
25950,0,ok
25951,0,ok
25952,0,ok
25953,0,ok
25954,0,ok
25955,0,ok
25956,0,ok
25957,0,ok
25958,0,ok
25959,0,ok
25960,0,ok
25961,0,ok
25962,0,ok
25963,0,ok
25964,0,ok
25965,0,ok
25966,0,ok
25967,0,ok
25968,0,ok
25969,0,ok
25970,0,ok
25971,0,ok
25972,0,ok
25973,0,ok
25974,0,ok
25975,0,ok
25976,0,ok
25977,0,ok
25978,0,ok
25979,0,ok
25980,0,ok
25981,0,ok
25982,0,ok
25983,0,ok
25984,0,ok
25985,0,ok
25986,0,ok
25987,0,ok
25988,0,ok
25989,0,ok
25990,0,ok
25991,0,ok
25992,0,ok
25993,0,ok
25994,0,ok
25995,0,ok
25996,0,ok
25997,0,ok
25998,0,ok
25999,0,ok
26000,0,ok
26001,0,ok
26002,0,ok
26003,0,ok
26004,0,ok
26005,0,ok
26006,0,ok
26007,0,ok
26008,0,ok
26009,0,ok
26010,0,ok
26011,0,ok
26012,0,ok
26013,0,ok
26014,0,ok
26015,0,ok
26016,0,ok
26017,0,ok
26018,0,ok
26019,0,ok
26020,0,ok
26021,0,ok
26022,0,ok
26023,0,ok
26024,0,ok
26025,0,ok
26026,0,ok
26027,0,ok
26028,0,ok
26029,0,ok
26030,0,ok
26031,0,ok
26032,0,ok
26033,0,ok
26034,0,ok
26035,0,ok
26036,0,ok
26037,0,ok
26038,0,ok
26039,0,ok
26040,0,ok
26041,0,ok
26042,0,ok
26043,0,ok
26044,0,ok
26045,0,ok
26046,0,ok
26047,0,ok
26048,0,ok
26049,0,ok
26050,0,ok
26051,0,ok
26052,0,ok
26053,0,ok
26054,0,ok
26055,0,ok
26056,0,ok
26057,0,ok
26058,0,ok
26059,0,ok
26060,0,ok
26061,0,ok
26062,0,ok
26063,0,ok
26064,0,ok
26065,0,ok
26066,0,ok
26067,0,ok
26068,0,ok
26069,0,ok
26070,0,ok
26071,0,ok
26072,0,ok
26073,0,ok
26074,0,ok
26075,0,ok
26076,0,ok
26077,0,ok
26078,0,ok
26079,0,ok
26080,0,ok
26081,0,ok
26082,0,ok
26083,0,ok
26084,0,ok
26085,0,ok
26086,0,ok
26087,0,ok
26088,0,ok
26089,0,ok
26090,0,ok
26091,0,ok
26092,0,ok
26093,0,ok
26094,0,ok
26095,0,ok
26096,0,ok
26097,0,ok
26098,0,ok
26099,0,ok
26100,0,ok
26101,0,ok
26102,0,ok
26103,0,ok
26104,0,ok
26105,0,ok
26106,0,ok
26107,0,ok
26108,0,ok
26109,0,ok
26110,0,ok
26111,0,ok
26112,0,ok
26113,0,ok
26114,0,ok
26115,0,ok
26116,0,ok
26117,0,ok
26118,0,ok
26119,0,ok
26120,0,ok
26121,0,ok
26122,0,ok
26123,0,ok
26124,0,ok
26125,0,ok
26126,0,ok
26127,0,ok
26128,0,ok
26129,0,ok
26130,0,ok
26131,0,ok
26132,0,ok
26133,0,ok
26134,0,ok
26135,0,ok
26136,0,ok
26137,0,ok
26138,0,ok
26139,0,ok
26140,0,ok
26141,0,ok
26142,0,ok
26143,0,ok
26144,0,ok
26145,0,ok
26146,0,ok
26147,0,ok
26148,0,ok
26149,0,ok
26150,0,ok
26151,0,ok
26152,0,ok
26153,0,ok
26154,0,ok
26155,0,ok
26156,0,ok
26157,0,ok
26158,0,ok
26159,0,ok
26160,0,ok
26161,0,ok
26162,0,ok
26163,0,ok
26164,0,ok
26165,0,ok
26166,0,ok
26167,0,ok
26168,0,ok
26169,0,ok
26170,0,ok
26171,0,ok
26172,0,ok
26173,0,ok
26174,0,ok
26175,0,ok
26176,0,ok
26177,0,ok
26178,0,ok
26179,0,ok
26180,0,ok
26181,0,ok
26182,0,ok
26183,0,ok
26184,0,ok
26185,0,ok
26186,0,ok
26187,0,ok
26188,0,ok
26189,0,ok
26190,0,ok
26191,0,ok
26192,0,ok
26193,0,ok
26194,0,ok
26195,0,ok
26196,0,ok
26197,0,ok
26198,0,ok
26199,0,ok
26200,0,ok
26201,0,ok
26202,0,ok
26203,0,ok
26204,0,ok
26205,0,ok
26206,0,ok
26207,0,ok
26208,0,ok
26209,0,ok
26210,0,ok
26211,0,ok
26212,0,ok
26213,0,ok
26214,0,ok
26215,0,ok
26216,0,ok
26217,0,ok
26218,0,ok
26219,0,ok
26220,0,ok
26221,0,ok
26222,0,ok
26223,0,ok
26224,0,ok
26225,0,ok
26226,0,ok
26227,0,ok
26228,0,ok
26229,0,ok
26230,0,ok
26231,0,ok
26232,0,ok
26233,0,ok
26234,0,ok
26235,0,ok
26236,0,ok
26237,0,ok
26238,0,ok
26239,0,ok
26240,0,ok
26241,0,ok
26242,0,ok
26243,0,ok
26244,0,ok
26245,0,ok
26246,0,ok
26247,0,ok
26248,0,ok
26249,0,ok
26250,0,ok
26251,0,ok
26252,0,ok
26253,0,ok
26254,0,ok
26255,0,ok
26256,0,ok
26257,0,ok
26258,0,ok
26259,0,ok
26260,0,ok
26261,0,ok
26262,0,ok
26263,0,ok
26264,0,ok
26265,0,ok
26266,0,ok
26267,0,ok
26268,0,ok
26269,0,ok
26270,0,ok
26271,0,ok
26272,0,ok
26273,0,ok
26274,0,ok
26275,0,ok
26276,0,ok
26277,0,ok
26278,0,ok
26279,0,ok
26280,0,ok
26281,0,ok
26282,0,ok
26283,0,ok
26284,0,ok
26285,0,ok
26286,0,ok
26287,0,ok
26288,0,ok
26289,0,ok
26290,0,ok
26291,0,ok
26292,0,ok
26293,0,ok
26294,0,ok
26295,0,ok
26296,0,ok
26297,0,ok
26298,0,ok
26299,0,ok
26300,0,ok
26301,0,ok
26302,0,ok
26303,0,ok
26304,0,ok
26305,0,ok
26306,0,ok
26307,0,ok
26308,0,ok
26309,0,ok
26310,0,ok
26311,0,ok
26312,0,ok
26313,0,ok
26314,0,ok
26315,0,ok
26316,0,ok
26317,0,ok
26318,0,ok
26319,0,ok
26320,0,ok
26321,0,ok
26322,0,ok
26323,0,ok
26324,0,ok
26325,0,ok
26326,0,ok
26327,0,ok
26328,0,ok
26329,0,ok
26330,0,ok
26331,0,ok
26332,0,ok
26333,0,ok
26334,0,ok
26335,0,ok
26336,0,ok
26337,0,ok
26338,0,ok
26339,0,ok
26340,0,ok
26341,0,ok
26342,0,ok
26343,0,ok
26344,0,ok
26345,0,ok
26346,0,ok
26347,0,ok
26348,0,ok
26349,0,ok
26350,0,ok
26351,0,ok
26352,0,ok
26353,0,ok
26354,0,ok
26355,0,ok
26356,0,ok
26357,0,ok
26358,0,ok
26359,0,ok
26360,0,ok
26361,0,ok
26362,0,ok
26363,0,ok
26364,0,ok
26365,0,ok
26366,0,ok
26367,0,ok
26368,0,ok
26369,0,ok
26370,0,ok
26371,0,ok
26372,0,ok
26373,0,ok
26374,0,ok
26375,0,ok
26376,0,ok
26377,0,ok
26378,0,ok
26379,0,ok
26380,0,ok
26381,0,ok
26382,0,ok
26383,0,ok
26384,0,ok
26385,0,ok
26386,0,ok
26387,0,ok
26388,0,ok
26389,0,ok
26390,0,ok
26391,0,ok
26392,0,ok
26393,0,ok
26394,0,ok
26395,0,ok
26396,0,ok
26397,0,ok
26398,0,ok
26399,0,ok
26400,0,ok
26401,0,ok
26402,0,ok
26403,0,ok
26404,0,ok
26405,0,ok
26406,0,ok
26407,0,ok
26408,0,ok
26409,0,ok
26410,0,ok
26411,0,ok
26412,0,ok
26413,0,ok
26414,0,ok
26415,0,ok
26416,0,ok
26417,0,ok
26418,0,ok
26419,0,ok
26420,0,ok
26421,0,ok
26422,0,ok
26423,0,ok
26424,0,ok
26425,0,ok
26426,0,ok
26427,0,ok
26428,0,ok
26429,0,ok
26430,0,ok
26431,0,ok
26432,0,ok
26433,0,ok
26434,0,ok
26435,0,ok
26436,0,ok
26437,0,ok
26438,0,ok
26439,0,ok
26440,0,ok
26441,0,ok
26442,0,ok
26443,0,ok
26444,0,ok
26445,0,ok
26446,0,ok
26447,0,ok
26448,0,ok
26449,0,ok
26450,0,ok
26451,0,ok
26452,0,ok
26453,0,ok
26454,0,ok
26455,0,ok
26456,0,ok
26457,0,ok
26458,0,ok
26459,0,ok
26460,0,ok
26461,0,ok
26462,0,ok
26463,0,ok
26464,0,ok
26465,0,ok
26466,0,ok
26467,0,ok
26468,0,ok
26469,0,ok
26470,0,ok
26471,0,ok
26472,0,ok
26473,0,ok
26474,0,ok
26475,0,ok
26476,0,ok
26477,0,ok
26478,0,ok
26479,0,ok
26480,0,ok
26481,0,ok
26482,0,ok
26483,0,ok
26484,0,ok
26485,0,ok
26486,0,ok
26487,0,ok
26488,0,ok
26489,0,ok
26490,0,ok
26491,0,ok
26492,0,ok
26493,0,ok
26494,0,ok
26495,0,ok
26496,0,ok
26497,0,ok
26498,0,ok
26499,32768,ok
26500,65535,ok
26501,127,ok
26502,0,ok
26503,32768,ok
26504,65535,ok
26505,127,ok
26506,0,ok
26507,0,ok
26508,0,ok
26509,0,ok
26510,0,ok
26511,0,ok
26512,0,ok
26513,0,ok
26514,0,ok
26515,0,ok
26516,0,ok
26517,0,ok
26518,0,ok
26519,0,ok
26520,0,ok
26521,0,ok
26522,0,ok
26523,0,ok
26524,16,ok
26525,32770,ok
26526,0,ok
26527,0,ok
26528,560,ok
26529,0,ok
26530,0,ok
26531,0,ok
26532,0,ok
26533,0,ok
26534,0,ok
26535,0,ok
26536,0,ok
26537,0,ok
26538,0,ok
26539,0,ok
26540,0,ok
26541,0,ok
26542,0,ok
26543,0,ok
26544,0,ok
26545,0,ok
26546,0,ok
26547,0,ok
26548,0,ok
26549,0,ok
26550,0,ok
26551,0,ok
26552,0,ok
26553,0,ok
26554,0,ok
26555,0,ok
26556,0,ok
26557,0,ok
26558,0,ok
26559,0,ok
26560,0,ok
26561,0,ok
26562,0,ok
26563,0,ok
26564,0,ok
26565,0,ok
26566,0,ok
26567,0,ok
26568,0,ok
26569,0,ok
26570,0,ok
26571,0,ok
26572,0,ok
26573,0,ok
26574,0,ok
26575,0,ok
26576,0,ok
26577,0,ok
26578,0,ok
26579,0,ok
26580,0,ok
26581,0,ok
26582,0,ok
26583,0,ok
26584,0,ok
26585,0,ok
26586,0,ok
26587,0,ok
26588,0,ok
26589,0,ok
26590,0,ok
26591,0,ok
26592,0,ok
26593,0,ok
26594,0,ok
26595,0,ok
26596,0,ok
26597,0,ok
26598,0,ok
26599,0,ok
26600,0,ok
26601,0,ok
26602,0,ok
26603,0,ok
26604,0,ok
26605,0,ok
26606,0,ok
26607,0,ok
26608,0,ok
26609,0,ok
26610,0,ok
26611,0,ok
26612,0,ok
26613,0,ok
26614,0,ok
26615,0,ok
26616,0,ok
26617,0,ok
26618,0,ok
26619,0,ok
26620,0,ok
26621,0,ok
26622,0,ok
26623,0,ok
26624,0,ok
26625,0,ok
26626,0,ok
26627,0,ok
26628,0,ok
26629,0,ok
26630,0,ok
26631,0,ok
26632,0,ok
26633,0,ok
26634,0,ok
26635,0,ok
26636,0,ok
26637,0,ok
26638,0,ok
26639,0,ok
26640,0,ok
26641,0,ok
26642,0,ok
26643,0,ok
26644,0,ok
26645,0,ok
26646,0,ok
26647,0,ok
26648,0,ok
26649,0,ok
26650,0,ok
26651,0,ok
26652,0,ok
26653,0,ok
26654,0,ok
26655,0,ok
26656,0,ok
26657,0,ok
26658,0,ok
26659,0,ok
26660,0,ok
26661,0,ok
26662,0,ok
26663,0,ok
26664,0,ok
26665,0,ok
26666,0,ok
26667,0,ok
26668,0,ok
26669,0,ok
26670,0,ok
26671,0,ok
26672,0,ok
26673,0,ok
26674,0,ok
26675,0,ok
26676,0,ok
26677,0,ok
26678,0,ok
26679,0,ok
26680,0,ok
26681,0,ok
26682,0,ok
26683,0,ok
26684,0,ok
26685,0,ok
26686,0,ok
26687,0,ok
26688,0,ok
26689,0,ok
26690,0,ok
26691,0,ok
26692,0,ok
26693,0,ok
26694,0,ok
26695,0,ok
26696,0,ok
26697,0,ok
26698,0,ok
26699,0,ok
26700,0,ok
26701,0,ok
26702,0,ok
26703,0,ok
26704,0,ok
26705,0,ok
26706,0,ok
26707,0,ok
26708,0,ok
26709,0,ok
26710,0,ok
26711,0,ok
26712,0,ok
26713,0,ok
26714,0,ok
26715,0,ok
26716,0,ok
26717,0,ok
26718,0,ok
26719,0,ok
26720,0,ok
26721,0,ok
26722,0,ok
26723,0,ok
26724,0,ok
26725,0,ok
26726,0,ok
26727,0,ok
26728,0,ok
26729,0,ok
26730,0,ok
26731,0,ok
26732,0,ok
26733,0,ok
26734,0,ok
26735,0,ok
26736,0,ok
26737,0,ok
26738,0,ok
26739,0,ok
26740,0,ok
26741,0,ok
26742,0,ok
26743,0,ok
26744,0,ok
26745,0,ok
26746,0,ok
26747,0,ok
26748,0,ok
26749,0,ok
26750,0,ok
26751,0,ok
26752,0,ok
26753,0,ok
26754,0,ok
26755,0,ok
26756,0,ok
26757,256,ok
26758,0,ok
26759,0,ok
26760,0,ok
26761,0,ok
26762,0,ok
26763,0,ok
26764,0,ok
26765,0,ok
26766,0,ok
26767,0,ok
26768,0,ok
26769,0,ok
26770,8,ok
26771,0,ok
26772,0,ok
26773,0,ok
26774,0,ok
26775,0,ok
26776,0,ok
26777,0,ok
26778,0,ok
26779,0,ok
26780,0,ok
26781,0,ok
26782,0,ok
26783,0,ok
26784,0,ok
26785,0,ok
26786,0,ok
26787,256,ok
26788,0,ok
26789,0,ok
26790,0,ok
26791,0,ok
26792,0,ok
26793,0,ok
26794,0,ok
26795,0,ok
26796,0,ok
26797,0,ok
26798,0,ok
26799,0,ok
26800,0,ok
26801,1280,ok
26802,8160,ok
26803,0,ok
26804,1,ok
26805,18,ok
26806,0,ok
26807,0,ok
26808,0,ok
26809,0,ok
26810,0,ok
26811,0,ok
26812,0,ok
26813,0,ok
26814,0,ok
26815,0,ok
26816,0,ok
26817,0,ok
26818,0,ok
26819,0,ok
26820,0,ok
26821,0,ok
26822,0,ok
26823,0,ok
26824,0,ok
26825,0,ok
26826,0,ok
26827,0,ok
26828,0,ok
26829,0,ok
26830,0,ok
26831,0,ok
26832,0,ok
26833,0,ok
26834,1280,ok
26835,0,ok
26836,0,ok
26837,0,ok
26838,0,ok
26839,0,ok
26840,0,ok
26841,0,ok
26842,0,ok
26843,0,ok
26844,0,ok
26845,0,ok
26846,0,ok
26847,0,ok
26848,0,ok
26849,0,ok
26850,0,ok
26851,0,ok
26852,0,ok
26853,0,ok
26854,0,ok
26855,0,ok
26856,0,ok
26857,0,ok
26858,0,ok
26859,0,ok
26860,0,ok
26861,0,ok
26862,0,ok
26863,0,ok
26864,0,ok
26865,0,ok
26866,0,ok
26867,0,ok
26868,0,ok
26869,0,ok
26870,769,ok
26871,0,ok
26872,0,ok
26873,65535,ok
26874,7,ok
26875,12288,ok
26876,0,ok
26877,0,ok
26878,0,ok
26879,24808,ok
26880,8192,ok
26881,17,ok
26882,0,ok
26883,0,ok
26884,0,ok
26885,0,ok
26886,0,ok
26887,0,ok
26888,0,ok
26889,34,ok
26890,0,ok
26891,0,ok
26892,131,ok
26893,4,ok
26894,11305,ok
26895,0,ok
26896,0,ok
26897,0,ok
26898,0,ok
26899,0,ok
26900,0,ok
26901,0,ok
26902,0,ok
26903,0,ok
26904,0,ok
26905,0,ok
26906,0,ok
26907,0,ok
26908,0,ok
26909,0,ok
26910,0,ok
26911,0,ok
26912,0,ok
26913,0,ok
26914,0,ok
26915,0,ok
26916,0,ok
26917,0,ok
26918,0,ok
26919,0,ok
26920,0,ok
26921,0,ok
26922,0,ok
26923,0,ok
26924,0,ok
26925,0,ok
26926,0,ok
26927,0,ok
26928,0,ok
26929,0,ok
26930,0,ok
26931,0,ok
26932,0,ok
26933,0,ok
26934,0,ok
26935,0,ok
26936,0,ok
26937,0,ok
26938,0,ok
26939,0,ok
26940,0,ok
26941,0,ok
26942,0,ok
26943,0,ok
26944,0,ok
26945,0,ok
26946,0,ok
26947,0,ok
26948,0,ok
26949,0,ok
26950,0,ok
26951,0,ok
26952,0,ok
26953,0,ok
26954,0,ok
26955,0,ok
26956,0,ok
26957,0,ok
26958,0,ok
26959,0,ok
26960,0,ok
26961,0,ok
26962,0,ok
26963,0,ok
26964,0,ok
26965,0,ok
26966,0,ok
26967,0,ok
26968,0,ok
26969,0,ok
26970,0,ok
26971,0,ok
26972,0,ok
26973,0,ok
26974,0,ok
26975,0,ok
26976,0,ok
26977,0,ok
26978,0,ok
26979,0,ok
26980,0,ok
26981,0,ok
26982,0,ok
26983,0,ok
26984,0,ok
26985,0,ok
26986,0,ok
26987,0,ok
26988,0,ok
26989,0,ok
26990,0,ok
26991,0,ok
26992,0,ok
26993,0,ok
26994,0,ok
26995,0,ok
26996,0,ok
26997,0,ok
26998,0,ok
26999,0,ok
27000,0,ok
27001,0,ok
27002,0,ok
27003,0,ok
27004,0,ok
27005,0,ok
27006,0,ok
27007,0,ok
27008,0,ok
27009,0,ok
27010,0,ok
27011,0,ok
27012,0,ok
27013,0,ok
27014,0,ok
27015,0,ok
27016,0,ok
27017,0,ok
27018,0,ok
27019,0,ok
27020,0,ok
27021,0,ok
27022,0,ok
27023,0,ok
27024,0,ok
27025,0,ok
27026,0,ok
27027,0,ok
27028,0,ok
27029,0,ok
27030,0,ok
27031,0,ok
27032,0,ok
27033,0,ok
27034,0,ok
27035,0,ok
27036,0,ok
27037,0,ok
27038,0,ok
27039,0,ok
27040,0,ok
27041,0,ok
27042,0,ok
27043,0,ok
27044,0,ok
27045,0,ok
27046,0,ok
27047,0,ok
27048,0,ok
27049,0,ok
27050,0,ok
27051,0,ok
27052,0,ok
27053,0,ok
27054,0,ok
27055,0,ok
27056,0,ok
27057,0,ok
27058,0,ok
27059,0,ok
27060,0,ok
27061,0,ok
27062,0,ok
27063,0,ok
27064,0,ok
27065,0,ok
27066,0,ok
27067,0,ok
27068,0,ok
27069,0,ok
27070,0,ok
27071,0,ok
27072,0,ok
27073,0,ok
27074,0,ok
27075,0,ok
27076,0,ok
27077,0,ok
27078,0,ok
27079,0,ok
27080,0,ok
27081,0,ok
27082,0,ok
27083,0,ok
27084,0,ok
27085,0,ok
27086,0,ok
27087,0,ok
27088,0,ok
27089,0,ok
27090,0,ok
27091,0,ok
27092,0,ok
27093,0,ok
27094,0,ok
27095,0,ok
27096,0,ok
27097,0,ok
27098,0,ok
27099,0,ok
27100,0,ok
27101,0,ok
27102,0,ok
27103,0,ok
27104,0,ok
27105,0,ok
27106,0,ok
27107,0,ok
27108,0,ok
27109,0,ok
27110,0,ok
27111,0,ok
27112,0,ok
27113,0,ok
27114,0,ok
27115,0,ok
27116,0,ok
27117,0,ok
27118,0,ok
27119,0,ok
27120,0,ok
27121,0,ok
27122,0,ok
27123,0,ok
27124,0,ok
27125,0,ok
27126,0,ok
27127,0,ok
27128,0,ok
27129,0,ok
27130,0,ok
27131,0,ok
27132,0,ok
27133,0,ok
27134,0,ok
27135,0,ok
27136,0,ok
27137,0,ok
27138,0,ok
27139,0,ok
27140,0,ok
27141,0,ok
27142,0,ok
27143,0,ok
27144,0,ok
27145,0,ok
27146,0,ok
27147,0,ok
27148,0,ok
27149,0,ok
27150,0,ok
27151,0,ok
27152,0,ok
27153,0,ok
27154,0,ok
27155,0,ok
27156,0,ok
27157,0,ok
27158,0,ok
27159,0,ok
27160,0,ok
27161,0,ok
27162,0,ok
27163,0,ok
27164,0,ok
27165,0,ok
27166,0,ok
27167,0,ok
27168,0,ok
27169,0,ok
27170,0,ok
27171,0,ok
27172,0,ok
27173,0,ok
27174,0,ok
27175,0,ok
27176,0,ok
27177,0,ok
27178,0,ok
27179,0,ok
27180,0,ok
27181,0,ok
27182,0,ok
27183,0,ok
27184,0,ok
27185,0,ok
27186,0,ok
27187,0,ok
27188,0,ok
27189,0,ok
27190,0,ok
27191,0,ok
27192,0,ok
27193,0,ok
27194,0,ok
27195,0,ok
27196,0,ok
27197,0,ok
27198,0,ok
27199,0,ok
27200,0,ok
27201,0,ok
27202,0,ok
27203,0,ok
27204,0,ok
27205,0,ok
27206,0,ok
27207,0,ok
27208,0,ok
27209,0,ok
27210,0,ok
27211,0,ok
27212,0,ok
27213,0,ok
27214,0,ok
27215,0,ok
27216,0,ok
27217,0,ok
27218,0,ok
27219,0,ok
27220,0,ok
27221,0,ok
27222,0,ok
27223,0,ok
27224,0,ok
27225,0,ok
27226,0,ok
27227,0,ok
27228,0,ok
27229,0,ok
27230,0,ok
27231,0,ok
27232,0,ok
27233,0,ok
27234,0,ok
27235,0,ok
27236,0,ok
27237,0,ok
27238,0,ok
27239,0,ok
27240,0,ok
27241,0,ok
27242,0,ok
27243,0,ok
27244,0,ok
27245,0,ok
27246,0,ok
27247,0,ok
27248,0,ok
27249,0,ok
27250,0,ok
27251,0,ok
27252,0,ok
27253,0,ok
27254,0,ok
27255,0,ok
27256,0,ok
27257,0,ok
27258,0,ok
27259,0,ok
27260,0,ok
27261,0,ok
27262,0,ok
27263,0,ok
27264,0,ok
27265,0,ok
27266,0,ok
27267,0,ok
27268,0,ok
27269,0,ok
27270,0,ok
27271,0,ok
27272,0,ok
27273,0,ok
27274,0,ok
27275,0,ok
27276,0,ok
27277,0,ok
27278,0,ok
27279,0,ok
27280,0,ok
27281,0,ok
27282,0,ok
27283,0,ok
27284,0,ok
27285,0,ok
27286,0,ok
27287,0,ok
27288,0,ok
27289,0,ok
27290,0,ok
27291,0,ok
27292,0,ok
27293,0,ok
27294,0,ok
27295,0,ok
27296,0,ok
27297,0,ok
27298,0,ok
27299,0,ok
27300,0,ok
27301,0,ok
27302,0,ok
27303,0,ok
27304,0,ok
27305,0,ok
27306,0,ok
27307,0,ok
27308,0,ok
27309,0,ok
27310,0,ok
27311,0,ok
27312,0,ok
27313,0,ok
27314,0,ok
27315,0,ok
27316,0,ok
27317,0,ok
27318,0,ok
27319,0,ok
27320,0,ok
27321,0,ok
27322,0,ok
27323,0,ok
27324,0,ok
27325,0,ok
27326,0,ok
27327,0,ok
27328,0,ok
27329,0,ok
27330,0,ok
27331,0,ok
27332,0,ok
27333,0,ok
27334,0,ok
27335,0,ok
27336,0,ok
27337,0,ok
27338,0,ok
27339,0,ok
27340,0,ok
27341,0,ok
27342,0,ok
27343,0,ok
27344,0,ok
27345,0,ok
27346,0,ok
27347,0,ok
27348,0,ok
27349,0,ok
27350,0,ok
27351,0,ok
27352,0,ok
27353,0,ok
27354,0,ok
27355,0,ok
27356,0,ok
27357,0,ok
27358,0,ok
27359,0,ok
27360,0,ok
27361,0,ok
27362,0,ok
27363,0,ok
27364,0,ok
27365,0,ok
27366,0,ok
27367,0,ok
27368,0,ok
27369,0,ok
27370,0,ok
27371,0,ok
27372,0,ok
27373,0,ok
27374,0,ok
27375,0,ok
27376,0,ok
27377,0,ok
27378,0,ok
27379,0,ok
27380,0,ok
27381,0,ok
27382,0,ok
27383,0,ok
27384,0,ok
27385,0,ok
27386,0,ok
27387,0,ok
27388,0,ok
27389,0,ok
27390,0,ok
27391,0,ok
27392,0,ok
27393,0,ok
27394,0,ok
27395,0,ok
27396,0,ok
27397,0,ok
27398,0,ok
27399,0,ok
27400,0,ok
27401,0,ok
27402,0,ok
27403,0,ok
27404,0,ok
27405,0,ok
27406,0,ok
27407,0,ok
27408,0,ok
27409,0,ok
27410,0,ok
27411,0,ok
27412,0,ok
27413,0,ok
27414,0,ok
27415,0,ok
27416,0,ok
27417,0,ok
27418,0,ok
27419,0,ok
27420,0,ok
27421,0,ok
27422,0,ok
27423,0,ok
27424,0,ok
27425,0,ok
27426,0,ok
27427,0,ok
27428,0,ok
27429,0,ok
27430,0,ok
27431,0,ok
27432,0,ok
27433,0,ok
27434,0,ok
27435,0,ok
27436,0,ok
27437,0,ok
27438,0,ok
27439,0,ok
27440,0,ok
27441,0,ok
27442,0,ok
27443,0,ok
27444,0,ok
27445,0,ok
27446,0,ok
27447,0,ok
27448,0,ok
27449,0,ok
27450,0,ok
27451,0,ok
27452,0,ok
27453,0,ok
27454,0,ok
27455,0,ok
27456,0,ok
27457,0,ok
27458,0,ok
27459,0,ok
27460,0,ok
27461,0,ok
27462,0,ok
27463,0,ok
27464,0,ok
27465,0,ok
27466,0,ok
27467,0,ok
27468,0,ok
27469,0,ok
27470,0,ok
27471,0,ok
27472,0,ok
27473,0,ok
27474,0,ok
27475,0,ok
27476,0,ok
27477,0,ok
27478,0,ok
27479,0,ok
27480,0,ok
27481,0,ok
27482,0,ok
27483,0,ok
27484,0,ok
27485,0,ok
27486,0,ok
27487,0,ok
27488,0,ok
27489,0,ok
27490,0,ok
27491,0,ok
27492,0,ok
27493,0,ok
27494,0,ok
27495,0,ok
27496,0,ok
27497,0,ok
27498,0,ok
27499,0,ok
27500,0,ok
27501,0,ok
27502,0,ok
27503,0,ok
27504,0,ok
27505,0,ok
27506,0,ok
27507,0,ok
27508,0,ok
27509,0,ok
27510,0,ok
27511,0,ok
27512,0,ok
27513,0,ok
27514,0,ok
27515,0,ok
27516,0,ok
27517,0,ok
27518,0,ok
27519,0,ok
27520,0,ok
27521,0,ok
27522,0,ok
27523,0,ok
27524,0,ok
27525,0,ok
27526,0,ok
27527,0,ok
27528,0,ok
27529,0,ok
27530,0,ok
27531,0,ok
27532,0,ok
27533,0,ok
27534,0,ok
27535,0,ok
27536,0,ok
27537,0,ok
27538,0,ok
27539,0,ok
27540,0,ok
27541,0,ok
27542,0,ok
27543,0,ok
27544,0,ok
27545,0,ok
27546,0,ok
27547,0,ok
27548,0,ok
27549,0,ok
27550,0,ok
27551,0,ok
27552,0,ok
27553,0,ok
27554,0,ok
27555,0,ok
27556,0,ok
27557,0,ok
27558,0,ok
27559,0,ok
27560,0,ok
27561,0,ok
27562,0,ok
27563,0,ok
27564,0,ok
27565,0,ok
27566,0,ok
27567,0,ok
27568,0,ok
27569,0,ok
27570,0,ok
27571,0,ok
27572,0,ok
27573,0,ok
27574,0,ok
27575,0,ok
27576,0,ok
27577,0,ok
27578,0,ok
27579,0,ok
27580,0,ok
27581,0,ok
27582,0,ok
27583,0,ok
27584,0,ok
27585,0,ok
27586,0,ok
27587,0,ok
27588,0,ok
27589,0,ok
27590,0,ok
27591,0,ok
27592,0,ok
27593,0,ok
27594,0,ok
27595,0,ok
27596,0,ok
27597,0,ok
27598,0,ok
27599,0,ok
27600,0,ok
27601,0,ok
27602,0,ok
27603,0,ok
27604,0,ok
27605,0,ok
27606,0,ok
27607,0,ok
27608,0,ok
27609,0,ok
27610,0,ok
27611,0,ok
27612,0,ok
27613,0,ok
27614,0,ok
27615,0,ok
27616,0,ok
27617,0,ok
27618,0,ok
27619,0,ok
27620,0,ok
27621,0,ok
27622,0,ok
27623,0,ok
27624,0,ok
27625,0,ok
27626,0,ok
27627,0,ok
27628,0,ok
27629,0,ok
27630,0,ok
27631,0,ok
27632,0,ok
27633,0,ok
27634,0,ok
27635,0,ok
27636,0,ok
27637,0,ok
27638,0,ok
27639,0,ok
27640,0,ok
27641,0,ok
27642,0,ok
27643,0,ok
27644,0,ok
27645,0,ok
27646,0,ok
27647,0,ok
27648,0,ok
27649,0,ok
27650,0,ok
27651,0,ok
27652,0,ok
27653,0,ok
27654,0,ok
27655,0,ok
27656,0,ok
27657,0,ok
27658,0,ok
27659,0,ok
27660,0,ok
27661,0,ok
27662,0,ok
27663,0,ok
27664,0,ok
27665,0,ok
27666,0,ok
27667,0,ok
27668,0,ok
27669,0,ok
27670,0,ok
27671,0,ok
27672,0,ok
27673,0,ok
27674,0,ok
27675,0,ok
27676,0,ok
27677,0,ok
27678,0,ok
27679,0,ok
27680,0,ok
27681,0,ok
27682,0,ok
27683,0,ok
27684,0,ok
27685,0,ok
27686,0,ok
27687,0,ok
27688,0,ok
27689,0,ok
27690,0,ok
27691,0,ok
27692,0,ok
27693,0,ok
27694,0,ok
27695,0,ok
27696,0,ok
27697,0,ok
27698,0,ok
27699,0,ok
27700,0,ok
27701,0,ok
27702,0,ok
27703,0,ok
27704,0,ok
27705,0,ok
27706,0,ok
27707,0,ok
27708,0,ok
27709,0,ok
27710,0,ok
27711,0,ok
27712,0,ok
27713,0,ok
27714,0,ok
27715,0,ok
27716,0,ok
27717,0,ok
27718,0,ok
27719,0,ok
27720,0,ok
27721,0,ok
27722,0,ok
27723,0,ok
27724,0,ok
27725,0,ok
27726,0,ok
27727,0,ok
27728,0,ok
27729,0,ok
27730,0,ok
27731,0,ok
27732,0,ok
27733,0,ok
27734,0,ok
27735,0,ok
27736,0,ok
27737,0,ok
27738,0,ok
27739,0,ok
27740,0,ok
27741,0,ok
27742,0,ok
27743,0,ok
27744,0,ok
27745,0,ok
27746,0,ok
27747,0,ok
27748,0,ok
27749,0,ok
27750,0,ok
27751,0,ok
27752,0,ok
27753,0,ok
27754,0,ok
27755,0,ok
27756,0,ok
27757,0,ok
27758,0,ok
27759,0,ok
27760,0,ok
27761,0,ok
27762,0,ok
27763,0,ok
27764,0,ok
27765,0,ok
27766,0,ok
27767,0,ok
27768,0,ok
27769,0,ok
27770,0,ok
27771,0,ok
27772,0,ok
27773,0,ok
27774,0,ok
27775,0,ok
27776,0,ok
27777,0,ok
27778,0,ok
27779,0,ok
27780,0,ok
27781,0,ok
27782,0,ok
27783,0,ok
27784,0,ok
27785,0,ok
27786,0,ok
27787,0,ok
27788,0,ok
27789,0,ok
27790,0,ok
27791,0,ok
27792,0,ok
27793,0,ok
27794,0,ok
27795,0,ok
27796,0,ok
27797,0,ok
27798,0,ok
27799,0,ok
27800,0,ok
27801,0,ok
27802,0,ok
27803,0,ok
27804,0,ok
27805,0,ok
27806,0,ok
27807,0,ok
27808,0,ok
27809,0,ok
27810,0,ok
27811,0,ok
27812,0,ok
27813,0,ok
27814,0,ok
27815,0,ok
27816,0,ok
27817,0,ok
27818,0,ok
27819,0,ok
27820,0,ok
27821,0,ok
27822,0,ok
27823,0,ok
27824,0,ok
27825,0,ok
27826,0,ok
27827,0,ok
27828,0,ok
27829,0,ok
27830,0,ok
27831,0,ok
27832,0,ok
27833,0,ok
27834,0,ok
27835,0,ok
27836,0,ok
27837,0,ok
27838,0,ok
27839,0,ok
27840,0,ok
27841,0,ok
27842,0,ok
27843,0,ok
27844,0,ok
27845,0,ok
27846,0,ok
27847,0,ok
27848,0,ok
27849,0,ok
27850,0,ok
27851,0,ok
27852,0,ok
27853,0,ok
27854,0,ok
27855,0,ok
27856,0,ok
27857,0,ok
27858,0,ok
27859,0,ok
27860,0,ok
27861,0,ok
27862,0,ok
27863,0,ok
27864,0,ok
27865,0,ok
27866,0,ok
27867,0,ok
27868,0,ok
27869,0,ok
27870,0,ok
27871,0,ok
27872,0,ok
27873,0,ok
27874,0,ok
27875,0,ok
27876,0,ok
27877,0,ok
27878,0,ok
27879,0,ok
27880,0,ok
27881,0,ok
27882,0,ok
27883,0,ok
27884,0,ok
27885,0,ok
27886,0,ok
27887,0,ok
27888,0,ok
27889,0,ok
27890,0,ok
27891,0,ok
27892,0,ok
27893,0,ok
27894,0,ok
27895,0,ok
27896,0,ok
27897,0,ok
27898,0,ok
27899,0,ok
27900,0,ok
27901,0,ok
27902,0,ok
27903,0,ok
27904,0,ok
27905,0,ok
27906,0,ok
27907,0,ok
27908,0,ok
27909,0,ok
27910,0,ok
27911,0,ok
27912,0,ok
27913,0,ok
27914,0,ok
27915,0,ok
27916,0,ok
27917,0,ok
27918,0,ok
27919,0,ok
27920,0,ok
27921,0,ok
27922,0,ok
27923,0,ok
27924,0,ok
27925,0,ok
27926,0,ok
27927,0,ok
27928,0,ok
27929,0,ok
27930,0,ok
27931,0,ok
27932,0,ok
27933,0,ok
27934,0,ok
27935,0,ok
27936,0,ok
27937,0,ok
27938,0,ok
27939,0,ok
27940,0,ok
27941,0,ok
27942,0,ok
27943,0,ok
27944,0,ok
27945,0,ok
27946,0,ok
27947,0,ok
27948,0,ok
27949,0,ok
27950,0,ok
27951,0,ok
27952,0,ok
27953,0,ok
27954,0,ok
27955,0,ok
27956,0,ok
27957,0,ok
27958,0,ok
27959,0,ok
27960,0,ok
27961,0,ok
27962,0,ok
27963,0,ok
27964,0,ok
27965,0,ok
27966,0,ok
27967,0,ok
27968,0,ok
27969,0,ok
27970,0,ok
27971,0,ok
27972,0,ok
27973,0,ok
27974,0,ok
27975,0,ok
27976,0,ok
27977,0,ok
27978,0,ok
27979,0,ok
27980,0,ok
27981,0,ok
27982,0,ok
27983,0,ok
27984,0,ok
27985,0,ok
27986,0,ok
27987,0,ok
27988,0,ok
27989,0,ok
27990,0,ok
27991,0,ok
27992,0,ok
27993,0,ok
27994,0,ok
27995,0,ok
27996,0,ok
27997,0,ok
27998,0,ok
27999,0,ok
28000,0,ok
28001,0,ok
28002,0,ok
28003,0,ok
28004,0,ok
28005,0,ok
28006,0,ok
28007,0,ok
28008,0,ok
28009,0,ok
28010,0,ok
28011,0,ok
28012,0,ok
28013,0,ok
28014,0,ok
28015,0,ok
28016,0,ok
28017,0,ok
28018,0,ok
28019,0,ok
28020,0,ok
28021,0,ok
28022,0,ok
28023,0,ok
28024,0,ok
28025,0,ok
28026,0,ok
28027,0,ok
28028,0,ok
28029,0,ok
28030,0,ok
28031,0,ok
28032,0,ok
28033,0,ok
28034,0,ok
28035,0,ok
28036,0,ok
28037,0,ok
28038,0,ok
28039,0,ok
28040,0,ok
28041,0,ok
28042,0,ok
28043,0,ok
28044,0,ok
28045,0,ok
28046,0,ok
28047,0,ok
28048,0,ok
28049,0,ok
28050,0,ok
28051,0,ok
28052,0,ok
28053,0,ok
28054,0,ok
28055,0,ok
28056,0,ok
28057,0,ok
28058,0,ok
28059,0,ok
28060,0,ok
28061,0,ok
28062,0,ok
28063,0,ok
28064,0,ok
28065,0,ok
28066,0,ok
28067,0,ok
28068,0,ok
28069,0,ok
28070,0,ok
28071,0,ok
28072,0,ok
28073,0,ok
28074,0,ok
28075,0,ok
28076,0,ok
28077,0,ok
28078,0,ok
28079,0,ok
28080,0,ok
28081,0,ok
28082,0,ok
28083,0,ok
28084,0,ok
28085,0,ok
28086,0,ok
28087,0,ok
28088,0,ok
28089,0,ok
28090,0,ok
28091,0,ok
28092,0,ok
28093,0,ok
28094,0,ok
28095,0,ok
28096,0,ok
28097,0,ok
28098,0,ok
28099,0,ok
28100,0,ok
28101,0,ok
28102,0,ok
28103,0,ok
28104,0,ok
28105,0,ok
28106,0,ok
28107,0,ok
28108,0,ok
28109,0,ok
28110,0,ok
28111,0,ok
28112,0,ok
28113,0,ok
28114,0,ok
28115,0,ok
28116,0,ok
28117,0,ok
28118,0,ok
28119,0,ok
28120,0,ok
28121,0,ok
28122,0,ok
28123,0,ok
28124,0,ok
28125,0,ok
28126,0,ok
28127,0,ok
28128,0,ok
28129,0,ok
28130,0,ok
28131,0,ok
28132,0,ok
28133,0,ok
28134,0,ok
28135,0,ok
28136,0,ok
28137,0,ok
28138,0,ok
28139,0,ok
28140,0,ok
28141,0,ok
28142,0,ok
28143,0,ok
28144,0,ok
28145,0,ok
28146,0,ok
28147,0,ok
28148,0,ok
28149,0,ok
28150,0,ok
28151,0,ok
28152,0,ok
28153,0,ok
28154,0,ok
28155,0,ok
28156,0,ok
28157,0,ok
28158,0,ok
28159,0,ok
28160,0,ok
28161,0,ok
28162,0,ok
28163,0,ok
28164,0,ok
28165,0,ok
28166,0,ok
28167,0,ok
28168,0,ok
28169,0,ok
28170,0,ok
28171,0,ok
28172,0,ok
28173,0,ok
28174,0,ok
28175,0,ok
28176,0,ok
28177,0,ok
28178,0,ok
28179,0,ok
28180,0,ok
28181,0,ok
28182,0,ok
28183,0,ok
28184,0,ok
28185,0,ok
28186,0,ok
28187,0,ok
28188,0,ok
28189,0,ok
28190,0,ok
28191,0,ok
28192,0,ok
28193,0,ok
28194,0,ok
28195,0,ok
28196,0,ok
28197,0,ok
28198,0,ok
28199,0,ok
28200,0,ok
28201,0,ok
28202,0,ok
28203,0,ok
28204,0,ok
28205,0,ok
28206,0,ok
28207,0,ok
28208,0,ok
28209,0,ok
28210,0,ok
28211,0,ok
28212,0,ok
28213,0,ok
28214,0,ok
28215,0,ok
28216,0,ok
28217,0,ok
28218,0,ok
28219,0,ok
28220,0,ok
28221,0,ok
28222,0,ok
28223,0,ok
28224,0,ok
28225,0,ok
28226,0,ok
28227,0,ok
28228,0,ok
28229,0,ok
28230,0,ok
28231,0,ok
28232,0,ok
28233,0,ok
28234,0,ok
28235,0,ok
28236,0,ok
28237,0,ok
28238,0,ok
28239,0,ok
28240,0,ok
28241,0,ok
28242,0,ok
28243,0,ok
28244,0,ok
28245,0,ok
28246,0,ok
28247,0,ok
28248,0,ok
28249,0,ok
28250,0,ok
28251,0,ok
28252,0,ok
28253,0,ok
28254,0,ok
28255,0,ok
28256,0,ok
28257,0,ok
28258,0,ok
28259,0,ok
28260,0,ok
28261,0,ok
28262,0,ok
28263,0,ok
28264,0,ok
28265,0,ok
28266,0,ok
28267,0,ok
28268,0,ok
28269,0,ok
28270,0,ok
28271,0,ok
28272,0,ok
28273,0,ok
28274,0,ok
28275,0,ok
28276,0,ok
28277,0,ok
28278,0,ok
28279,0,ok
28280,0,ok
28281,0,ok
28282,0,ok
28283,0,ok
28284,0,ok
28285,0,ok
28286,0,ok
28287,0,ok
28288,0,ok
28289,0,ok
28290,0,ok
28291,0,ok
28292,0,ok
28293,0,ok
28294,0,ok
28295,0,ok
28296,0,ok
28297,0,ok
28298,0,ok
28299,0,ok
28300,0,ok
28301,0,ok
28302,0,ok
28303,0,ok
28304,0,ok
28305,0,ok
28306,0,ok
28307,0,ok
28308,0,ok
28309,0,ok
28310,0,ok
28311,0,ok
28312,0,ok
28313,0,ok
28314,0,ok
28315,0,ok
28316,0,ok
28317,0,ok
28318,0,ok
28319,0,ok
28320,0,ok
28321,0,ok
28322,0,ok
28323,0,ok
28324,0,ok
28325,0,ok
28326,0,ok
28327,0,ok
28328,0,ok
28329,0,ok
28330,0,ok
28331,0,ok
28332,0,ok
28333,0,ok
28334,0,ok
28335,0,ok
28336,0,ok
28337,0,ok
28338,0,ok
28339,0,ok
28340,0,ok
28341,0,ok
28342,0,ok
28343,0,ok
28344,0,ok
28345,0,ok
28346,0,ok
28347,0,ok
28348,0,ok
28349,0,ok
28350,0,ok
28351,0,ok
28352,0,ok
28353,0,ok
28354,0,ok
28355,0,ok
28356,0,ok
28357,0,ok
28358,0,ok
28359,0,ok
28360,0,ok
28361,0,ok
28362,0,ok
28363,0,ok
28364,0,ok
28365,0,ok
28366,0,ok
28367,0,ok
28368,0,ok
28369,0,ok
28370,0,ok
28371,0,ok
28372,0,ok
28373,0,ok
28374,0,ok
28375,0,ok
28376,0,ok
28377,0,ok
28378,0,ok
28379,0,ok
28380,0,ok
28381,0,ok
28382,0,ok
28383,0,ok
28384,0,ok
28385,0,ok
28386,0,ok
28387,0,ok
28388,0,ok
28389,0,ok
28390,0,ok
28391,0,ok
28392,0,ok
28393,0,ok
28394,0,ok
28395,0,ok
28396,0,ok
28397,0,ok
28398,0,ok
28399,0,ok
28400,0,ok
28401,0,ok
28402,0,ok
28403,0,ok
28404,0,ok
28405,0,ok
28406,0,ok
28407,0,ok
28408,0,ok
28409,0,ok
28410,0,ok
28411,0,ok
28412,0,ok
28413,0,ok
28414,0,ok
28415,0,ok
28416,0,ok
28417,0,ok
28418,0,ok
28419,0,ok
28420,0,ok
28421,0,ok
28422,0,ok
28423,0,ok
28424,0,ok
28425,0,ok
28426,0,ok
28427,0,ok
28428,0,ok
28429,0,ok
28430,0,ok
28431,0,ok
28432,0,ok
28433,0,ok
28434,0,ok
28435,0,ok
28436,0,ok
28437,0,ok
28438,0,ok
28439,0,ok
28440,0,ok
28441,0,ok
28442,0,ok
28443,0,ok
28444,0,ok
28445,0,ok
28446,0,ok
28447,0,ok
28448,0,ok
28449,0,ok
28450,0,ok
28451,0,ok
28452,0,ok
28453,0,ok
28454,0,ok
28455,0,ok
28456,0,ok
28457,0,ok
28458,0,ok
28459,0,ok
28460,0,ok
28461,0,ok
28462,0,ok
28463,0,ok
28464,0,ok
28465,0,ok
28466,0,ok
28467,0,ok
28468,0,ok
28469,0,ok
28470,0,ok
28471,0,ok
28472,0,ok
28473,0,ok
28474,0,ok
28475,0,ok
28476,0,ok
28477,0,ok
28478,0,ok
28479,0,ok
28480,0,ok
28481,0,ok
28482,0,ok
28483,0,ok
28484,0,ok
28485,0,ok
28486,0,ok
28487,0,ok
28488,0,ok
28489,0,ok
28490,0,ok
28491,0,ok
28492,0,ok
28493,0,ok
28494,0,ok
28495,0,ok
28496,0,ok
28497,0,ok
28498,0,ok
28499,0,ok
28500,0,ok
28501,0,ok
28502,0,ok
28503,0,ok
28504,0,ok
28505,0,ok
28506,0,ok
28507,0,ok
28508,0,ok
28509,0,ok
28510,0,ok
28511,0,ok
28512,0,ok
28513,0,ok
28514,0,ok
28515,0,ok
28516,0,ok
28517,0,ok
28518,0,ok
28519,0,ok
28520,0,ok
28521,0,ok
28522,0,ok
28523,0,ok
28524,0,ok
28525,0,ok
28526,0,ok
28527,0,ok
28528,0,ok
28529,0,ok
28530,0,ok
28531,0,ok
28532,0,ok
28533,0,ok
28534,0,ok
28535,0,ok
28536,0,ok
28537,0,ok
28538,0,ok
28539,0,ok
28540,0,ok
28541,0,ok
28542,0,ok
28543,0,ok
28544,0,ok
28545,0,ok
28546,0,ok
28547,0,ok
28548,0,ok
28549,0,ok
28550,0,ok
28551,0,ok
28552,0,ok
28553,0,ok
28554,0,ok
28555,0,ok
28556,0,ok
28557,0,ok
28558,0,ok
28559,0,ok
28560,0,ok
28561,0,ok
28562,0,ok
28563,0,ok
28564,0,ok
28565,0,ok
28566,0,ok
28567,0,ok
28568,0,ok
28569,0,ok
28570,0,ok
28571,0,ok
28572,0,ok
28573,0,ok
28574,0,ok
28575,0,ok
28576,0,ok
28577,0,ok
28578,0,ok
28579,0,ok
28580,0,ok
28581,0,ok
28582,0,ok
28583,0,ok
28584,0,ok
28585,0,ok
28586,0,ok
28587,0,ok
28588,0,ok
28589,0,ok
28590,0,ok
28591,0,ok
28592,0,ok
28593,0,ok
28594,0,ok
28595,0,ok
28596,0,ok
28597,0,ok
28598,0,ok
28599,0,ok
28600,0,ok
28601,0,ok
28602,0,ok
28603,0,ok
28604,0,ok
28605,0,ok
28606,0,ok
28607,0,ok
28608,0,ok
28609,0,ok
28610,0,ok
28611,0,ok
28612,0,ok
28613,0,ok
28614,0,ok
28615,0,ok
28616,0,ok
28617,0,ok
28618,0,ok
28619,0,ok
28620,0,ok
28621,0,ok
28622,0,ok
28623,0,ok
28624,0,ok
28625,0,ok
28626,0,ok
28627,0,ok
28628,0,ok
28629,0,ok
28630,0,ok
28631,0,ok
28632,0,ok
28633,0,ok
28634,0,ok
28635,0,ok
28636,0,ok
28637,0,ok
28638,0,ok
28639,0,ok
28640,0,ok
28641,0,ok
28642,0,ok
28643,0,ok
28644,0,ok
28645,0,ok
28646,0,ok
28647,0,ok
28648,0,ok
28649,0,ok
28650,0,ok
28651,0,ok
28652,0,ok
28653,0,ok
28654,0,ok
28655,0,ok
28656,0,ok
28657,0,ok
28658,0,ok
28659,0,ok
28660,0,ok
28661,0,ok
28662,0,ok
28663,0,ok
28664,0,ok
28665,0,ok
28666,0,ok
28667,0,ok
28668,0,ok
28669,0,ok
28670,0,ok
28671,0,ok
28672,0,ok
28673,0,ok
28674,0,ok
28675,0,ok
28676,0,ok
28677,0,ok
28678,0,ok
28679,0,ok
28680,0,ok
28681,0,ok
28682,0,ok
28683,0,ok
28684,0,ok
28685,0,ok
28686,0,ok
28687,0,ok
28688,0,ok
28689,0,ok
28690,0,ok
28691,0,ok
28692,0,ok
28693,0,ok
28694,0,ok
28695,0,ok
28696,0,ok
28697,0,ok
28698,0,ok
28699,0,ok
28700,0,ok
28701,0,ok
28702,0,ok
28703,0,ok
28704,0,ok
28705,0,ok
28706,0,ok
28707,0,ok
28708,0,ok
28709,0,ok
28710,0,ok
28711,0,ok
28712,0,ok
28713,0,ok
28714,0,ok
28715,0,ok
28716,0,ok
28717,0,ok
28718,0,ok
28719,0,ok
28720,0,ok
28721,0,ok
28722,0,ok
28723,0,ok
28724,0,ok
28725,0,ok
28726,0,ok
28727,0,ok
28728,0,ok
28729,0,ok
28730,0,ok
28731,0,ok
28732,0,ok
28733,0,ok
28734,0,ok
28735,0,ok
28736,0,ok
28737,0,ok
28738,0,ok
28739,0,ok
28740,0,ok
28741,0,ok
28742,0,ok
28743,0,ok
28744,0,ok
28745,0,ok
28746,0,ok
28747,0,ok
28748,0,ok
28749,5,ok
28750,0,ok
28751,0,ok
28752,0,ok
28753,0,ok
28754,20480,ok
28755,3670,ok
28756,0,ok
28757,10000,ok
28758,0,ok
28759,40000,ok
28760,0,ok
28761,2,ok
28762,0,ok
28763,4000,ok
28764,0,ok
28765,16383,ok
28766,16383,ok
28767,16383,ok
28768,0,ok
28769,3529,ok
28770,3391,ok
28771,3259,ok
28772,3100,ok
28773,2962,ok
28774,2841,ok
28775,2706,ok
28776,2597,ok
28777,2500,ok
28778,2395,ok
28779,9,ok
28780,15,ok
28781,0,ok
28782,0,ok
28783,0,ok
28784,0,ok
28785,10019,ok
28786,18322,ok
28787,0,ok
28788,0,ok
28789,0,ok
28790,0,ok
28791,0,ok
28792,0,ok
28793,10021,ok
28794,2,ok
28795,59173,ok
28796,0,ok
28797,0,ok
28798,0,ok
28799,0,ok
28800,0,ok
28801,0,ok
28802,0,ok
28803,0,ok
28804,0,ok
28805,0,ok
28806,0,ok
28807,0,ok
28808,0,ok
28809,0,ok
28810,0,ok
28811,0,ok
28812,0,ok
28813,0,ok
28814,0,ok
28815,0,ok
28816,0,ok
28817,0,ok
28818,0,ok
28819,0,ok
28820,0,ok
28821,0,ok
28822,0,ok
28823,0,ok
28824,0,ok
28825,0,ok
28826,0,ok
28827,0,ok
28828,0,ok
28829,0,ok
28830,0,ok
28831,0,ok
28832,0,ok
28833,0,ok
28834,0,ok
28835,0,ok
28836,0,ok
28837,0,ok
28838,0,ok
28839,0,ok
28840,0,ok
28841,0,ok
28842,0,ok
28843,0,ok
28844,0,ok
28845,0,ok
28846,0,ok
28847,0,ok
28848,0,ok
28849,59,ok
28850,45,ok
28851,55,ok
28852,0,ok
28853,0,ok
28854,0,ok
28855,0,ok
28856,0,ok
28857,0,ok
28858,0,ok
28859,0,ok
28860,0,ok
28861,0,ok
28862,0,ok
28863,0,ok
28864,0,ok
28865,0,ok
28866,0,ok
28867,0,ok
28868,0,ok
28869,0,ok
28870,0,ok
28871,0,ok
28872,0,ok
28873,0,ok
28874,0,ok
28875,0,ok
28876,0,ok
28877,0,ok
28878,0,ok
28879,0,ok
28880,0,ok
28881,0,ok
28882,0,ok
28883,0,ok
28884,0,ok
28885,0,ok
28886,0,ok
28887,0,ok
28888,0,ok
28889,0,ok
28890,0,ok
28891,0,ok
28892,0,ok
28893,0,ok
28894,0,ok
28895,0,ok
28896,0,ok
28897,0,ok
28898,0,ok
28899,0,ok
28900,0,ok
28901,0,ok
28902,0,ok
28903,0,ok
28904,0,ok
28905,56,ok
28906,52,ok
28907,73,ok
28908,0,ok
28909,0,ok
28910,0,ok
28911,0,ok
28912,0,ok
28913,0,ok
28914,0,ok
28915,0,ok
28916,0,ok
28917,0,ok
28918,0,ok
28919,0,ok
28920,0,ok
28921,0,ok
28922,0,ok
28923,0,ok
28924,0,ok
28925,0,ok
28926,0,ok
28927,0,ok
28928,0,ok
28929,0,ok
28930,0,ok
28931,0,ok
28932,0,ok
28933,0,ok
28934,0,ok
28935,0,ok
28936,0,ok
28937,0,ok
28938,0,ok
28939,0,ok
28940,0,ok
28941,0,ok
28942,0,ok
28943,0,ok
28944,0,ok
28945,0,ok
28946,0,ok
28947,0,ok
28948,0,ok
28949,0,ok
28950,0,ok
28951,0,ok
28952,0,ok
28953,0,ok
28954,0,ok
28955,0,ok
28956,0,ok
28957,0,ok
28958,0,ok
28959,0,ok
28960,0,ok
28961,54,ok
28962,51,ok
28963,62,ok
28964,0,ok
28965,0,ok
28966,0,ok
28967,0,ok
28968,0,ok
28969,0,ok
28970,0,ok
28971,0,ok
28972,0,ok
28973,0,ok
28974,0,ok
28975,0,ok
28976,0,ok
28977,0,ok
28978,0,ok
28979,0,ok
28980,0,ok
28981,0,ok
28982,0,ok
28983,0,ok
28984,0,ok
28985,0,ok
28986,0,ok
28987,0,ok
28988,0,ok
28989,0,ok
28990,0,ok
28991,0,ok
28992,0,ok
28993,0,ok
28994,0,ok
28995,0,ok
28996,0,ok
28997,0,ok
28998,0,ok
28999,0,ok
29000,0,ok
29001,0,ok
29002,0,ok
29003,0,ok
29004,0,ok
29005,0,ok
29006,0,ok
29007,0,ok
29008,0,ok
29009,0,ok
29010,0,ok
29011,0,ok
29012,0,ok
29013,0,ok
29014,0,ok
29015,0,ok
29016,0,ok
29017,0,ok
29018,0,ok
29019,0,ok
29020,0,ok
29021,0,ok
29022,0,ok
29023,0,ok
29024,0,ok
29025,0,ok
29026,0,ok
29027,0,ok
29028,0,ok
29029,0,ok
29030,0,ok
29031,0,ok
29032,0,ok
29033,0,ok
29034,0,ok
29035,0,ok
29036,0,ok
29037,0,ok
29038,0,ok
29039,0,ok
29040,0,ok
29041,0,ok
29042,0,ok
29043,0,ok
29044,0,ok
29045,0,ok
29046,0,ok
29047,0,ok
29048,0,ok
29049,0,ok
29050,0,ok
29051,0,ok
29052,0,ok
29053,0,ok
29054,0,ok
29055,0,ok
29056,0,ok
29057,0,ok
29058,0,ok
29059,0,ok
29060,0,ok
29061,0,ok
29062,0,ok
29063,0,ok
29064,0,ok
29065,0,ok
29066,0,ok
29067,0,ok
29068,0,ok
29069,0,ok
29070,0,ok
29071,0,ok
29072,0,ok
29073,0,ok
29074,0,ok
29075,0,ok
29076,0,ok
29077,0,ok
29078,0,ok
29079,0,ok
29080,0,ok
29081,0,ok
29082,0,ok
29083,0,ok
29084,0,ok
29085,0,ok
29086,0,ok
29087,0,ok
29088,0,ok
29089,0,ok
29090,0,ok
29091,0,ok
29092,0,ok
29093,0,ok
29094,0,ok
29095,0,ok
29096,0,ok
29097,0,ok
29098,0,ok
29099,0,ok
29100,0,ok
29101,0,ok
29102,0,ok
29103,0,ok
29104,0,ok
29105,0,ok
29106,0,ok
29107,0,ok
29108,0,ok
29109,0,ok
29110,4950,ok
29111,0,ok
29112,0,ok
29113,0,ok
29114,0,ok
29115,0,ok
29116,0,ok
29117,0,ok
29118,0,ok
29119,42240,ok
29120,43690,ok
29121,32,ok
29122,1,ok
29123,0,ok
29124,0,ok
29125,0,ok
29126,0,ok
29127,0,ok
29128,59,ok
29129,0,ok
29130,0,ok
29131,0,ok
29132,0,ok
29133,0,ok
29134,0,ok
29135,0,ok
29136,0,ok
29137,0,ok
29138,0,ok
29139,0,ok
29140,0,ok
29141,0,ok
29142,0,ok
29143,0,ok
29144,0,ok
29145,0,ok
29146,0,ok
29147,0,ok
29148,0,ok
29149,0,ok
29150,0,ok
29151,0,ok
29152,0,ok
29153,0,ok
29154,0,ok
29155,0,ok
29156,0,ok
29157,0,ok
29158,0,ok
29159,0,ok
29160,0,ok
29161,0,ok
29162,0,ok
29163,0,ok
29164,0,ok
29165,0,ok
29166,0,ok
29167,0,ok
29168,0,ok
29169,0,ok
29170,0,ok
29171,0,ok
29172,0,ok
29173,0,ok
29174,0,ok
29175,0,ok
29176,0,ok
29177,0,ok
29178,0,ok
29179,0,ok
29180,0,ok
29181,0,ok
29182,0,ok
29183,23040,ok
29184,43690,ok
29185,0,ok
29186,0,ok
29187,0,ok
29188,0,ok
29189,0,ok
29190,0,ok
29191,0,ok
29192,0,ok
29193,0,ok
29194,0,ok
29195,0,ok
29196,0,ok
29197,0,ok
29198,0,ok
29199,0,ok
29200,0,ok
29201,0,ok
29202,0,ok
29203,0,ok
29204,0,ok
29205,0,ok
29206,0,ok
29207,0,ok
29208,0,ok
29209,0,ok
29210,0,ok
29211,0,ok
29212,0,ok
29213,0,ok
29214,0,ok
29215,0,ok
29216,0,ok
29217,0,ok
29218,0,ok
29219,0,ok
29220,0,ok
29221,0,ok
29222,0,ok
29223,0,ok
29224,0,ok
29225,0,ok
29226,0,ok
29227,0,ok
29228,0,ok
29229,0,ok
29230,0,ok
29231,0,ok
29232,0,ok
29233,0,ok
29234,0,ok
29235,0,ok
29236,0,ok
29237,0,ok
29238,0,ok
29239,0,ok
29240,0,ok
29241,0,ok
29242,0,ok
29243,0,ok
29244,0,ok
29245,0,ok
29246,0,ok
29247,0,ok
29248,0,ok
29249,0,ok
29250,0,ok
29251,0,ok
29252,0,ok
29253,0,ok
29254,0,ok
29255,0,ok
29256,0,ok
29257,0,ok
29258,0,ok
29259,0,ok
29260,0,ok
29261,0,ok
29262,0,ok
29263,0,ok
29264,0,ok
29265,0,ok
29266,0,ok
29267,0,ok
29268,0,ok
29269,0,ok
29270,0,ok
29271,0,ok
29272,0,ok
29273,0,ok
29274,0,ok
29275,0,ok
29276,0,ok
29277,0,ok
29278,0,ok
29279,0,ok
29280,0,ok
29281,0,ok
29282,0,ok
29283,0,ok
29284,0,ok
29285,0,ok
29286,0,ok
29287,0,ok
29288,0,ok
29289,0,ok
29290,0,ok
29291,0,ok
29292,0,ok
29293,0,ok
29294,0,ok
29295,0,ok
29296,0,ok
29297,0,ok
29298,0,ok
29299,0,ok
29300,0,ok
29301,0,ok
29302,0,ok
29303,0,ok
29304,0,ok
29305,0,ok
29306,0,ok
29307,0,ok
29308,0,ok
29309,0,ok
29310,0,ok
29311,0,ok
29312,0,ok
29313,0,ok
29314,0,ok
29315,0,ok
29316,0,ok
29317,0,ok
29318,0,ok
29319,0,ok
29320,0,ok
29321,0,ok
29322,0,ok
29323,0,ok
29324,0,ok
29325,0,ok
29326,0,ok
29327,0,ok
29328,0,ok
29329,0,ok
29330,0,ok
29331,0,ok
29332,0,ok
29333,0,ok
29334,0,ok
29335,0,ok
29336,0,ok
29337,0,ok
29338,0,ok
29339,0,ok
29340,0,ok
29341,0,ok
29342,0,ok
29343,0,ok
29344,0,ok
29345,0,ok
29346,0,ok
29347,0,ok
29348,0,ok
29349,0,ok
29350,0,ok
29351,0,ok
29352,0,ok
29353,0,ok
29354,0,ok
29355,0,ok
29356,0,ok
29357,0,ok
29358,0,ok
29359,0,ok
29360,0,ok
29361,0,ok
29362,0,ok
29363,0,ok
29364,0,ok
29365,0,ok
29366,0,ok
29367,0,ok
29368,0,ok
29369,0,ok
29370,0,ok
29371,0,ok
29372,0,ok
29373,0,ok
29374,0,ok
29375,0,ok
29376,0,ok
29377,0,ok
29378,0,ok
29379,0,ok
29380,0,ok
29381,0,ok
29382,0,ok
29383,0,ok
29384,0,ok
29385,0,ok
29386,0,ok
29387,0,ok
29388,0,ok
29389,0,ok
29390,0,ok
29391,0,ok
29392,0,ok
29393,0,ok
29394,0,ok
29395,0,ok
29396,0,ok
29397,0,ok
29398,0,ok
29399,0,ok
29400,0,ok
29401,0,ok
29402,0,ok
29403,0,ok
29404,0,ok
29405,0,ok
29406,0,ok
29407,0,ok
29408,0,ok
29409,0,ok
29410,0,ok
29411,0,ok
29412,0,ok
29413,0,ok
29414,0,ok
29415,0,ok
29416,0,ok
29417,0,ok
29418,0,ok
29419,0,ok
29420,0,ok
29421,0,ok
29422,0,ok
29423,0,ok
29424,0,ok
29425,0,ok
29426,0,ok
29427,0,ok
29428,0,ok
29429,0,ok
29430,0,ok
29431,0,ok
29432,0,ok
29433,0,ok
29434,0,ok
29435,0,ok
29436,0,ok
29437,0,ok
29438,0,ok
29439,65024,ok
29440,43690,ok
29441,0,ok
29442,0,ok
29443,0,ok
29444,0,ok
29445,0,ok
29446,0,ok
29447,0,ok
29448,0,ok
29449,0,ok
29450,0,ok
29451,0,ok
29452,0,ok
29453,0,ok
29454,0,ok
29455,0,ok
29456,0,ok
29457,0,ok
29458,0,ok
29459,0,ok
29460,0,ok
29461,0,ok
29462,0,ok
29463,0,ok
29464,0,ok
29465,0,ok
29466,0,ok
29467,0,ok
29468,0,ok
29469,0,ok
29470,0,ok
29471,0,ok
29472,0,ok
29473,0,ok
29474,0,ok
29475,0,ok
29476,0,ok
29477,0,ok
29478,0,ok
29479,0,ok
29480,0,ok
29481,0,ok
29482,0,ok
29483,0,ok
29484,0,ok
29485,0,ok
29486,0,ok
29487,0,ok
29488,0,ok
29489,0,ok
29490,0,ok
29491,0,ok
29492,0,ok
29493,0,ok
29494,0,ok
29495,0,ok
29496,0,ok
29497,0,ok
29498,0,ok
29499,0,ok
29500,0,ok
29501,0,ok
29502,0,ok
29503,0,ok
29504,0,ok
29505,0,ok
29506,0,ok
29507,0,ok
29508,0,ok
29509,0,ok
29510,0,ok
29511,0,ok
29512,0,ok
29513,0,ok
29514,0,ok
29515,0,ok
29516,0,ok
29517,0,ok
29518,0,ok
29519,0,ok
29520,0,ok
29521,0,ok
29522,0,ok
29523,0,ok
29524,0,ok
29525,0,ok
29526,0,ok
29527,0,ok
29528,0,ok
29529,0,ok
29530,0,ok
29531,0,ok
29532,0,ok
29533,0,ok
29534,0,ok
29535,0,ok
29536,0,ok
29537,0,ok
29538,0,ok
29539,0,ok
29540,0,ok
29541,0,ok
29542,0,ok
29543,0,ok
29544,0,ok
29545,0,ok
29546,0,ok
29547,0,ok
29548,0,ok
29549,0,ok
29550,0,ok
29551,0,ok
29552,0,ok
29553,0,ok
29554,0,ok
29555,0,ok
29556,0,ok
29557,0,ok
29558,0,ok
29559,0,ok
29560,0,ok
29561,0,ok
29562,0,ok
29563,0,ok
29564,0,ok
29565,0,ok
29566,0,ok
29567,0,ok
29568,0,ok
29569,0,ok
29570,0,ok
29571,0,ok
29572,0,ok
29573,0,ok
29574,0,ok
29575,0,ok
29576,0,ok
29577,0,ok
29578,0,ok
29579,0,ok
29580,0,ok
29581,0,ok
29582,0,ok
29583,0,ok
29584,0,ok
29585,0,ok
29586,0,ok
29587,0,ok
29588,0,ok
29589,0,ok
29590,0,ok
29591,0,ok
29592,0,ok
29593,0,ok
29594,0,ok
29595,0,ok
29596,0,ok
29597,0,ok
29598,0,ok
29599,0,ok
29600,0,ok
29601,0,ok
29602,0,ok
29603,0,ok
29604,0,ok
29605,0,ok
29606,0,ok
29607,0,ok
29608,0,ok
29609,0,ok
29610,0,ok
29611,0,ok
29612,0,ok
29613,0,ok
29614,0,ok
29615,0,ok
29616,0,ok
29617,0,ok
29618,0,ok
29619,0,ok
29620,0,ok
29621,0,ok
29622,0,ok
29623,0,ok
29624,0,ok
29625,0,ok
29626,0,ok
29627,0,ok
29628,0,ok
29629,0,ok
29630,0,ok
29631,0,ok
29632,0,ok
29633,0,ok
29634,0,ok
29635,0,ok
29636,0,ok
29637,0,ok
29638,0,ok
29639,0,ok
29640,0,ok
29641,0,ok
29642,0,ok
29643,0,ok
29644,0,ok
29645,0,ok
29646,0,ok
29647,0,ok
29648,0,ok
29649,0,ok
29650,0,ok
29651,0,ok
29652,0,ok
29653,0,ok
29654,0,ok
29655,0,ok
29656,0,ok
29657,0,ok
29658,0,ok
29659,0,ok
29660,0,ok
29661,0,ok
29662,0,ok
29663,0,ok
29664,0,ok
29665,0,ok
29666,0,ok
29667,0,ok
29668,0,ok
29669,0,ok
29670,0,ok
29671,0,ok
29672,0,ok
29673,0,ok
29674,0,ok
29675,0,ok
29676,0,ok
29677,0,ok
29678,0,ok
29679,0,ok
29680,0,ok
29681,0,ok
29682,0,ok
29683,0,ok
29684,0,ok
29685,0,ok
29686,0,ok
29687,0,ok
29688,0,ok
29689,0,ok
29690,0,ok
29691,0,ok
29692,0,ok
29693,0,ok
29694,0,ok
29695,65024,ok
29696,43690,ok
29697,11565,ok
29698,11565,ok
29699,11565,ok
29700,11565,ok
29701,11565,ok
29702,11565,ok
29703,11565,ok
29704,11565,ok
29705,11565,ok
29706,11565,ok
29707,11565,ok
29708,11565,ok
29709,11565,ok
29710,11565,ok
29711,11565,ok
29712,11565,ok
29713,11565,ok
29714,11565,ok
29715,11565,ok
29716,11565,ok
29717,11565,ok
29718,11565,ok
29719,11565,ok
29720,11565,ok
29721,11565,ok
29722,11565,ok
29723,11565,ok
29724,11565,ok
29725,11565,ok
29726,11565,ok
29727,11565,ok
29728,11565,ok
29729,11565,ok
29730,11565,ok
29731,11565,ok
29732,11565,ok
29733,11565,ok
29734,11565,ok
29735,11565,ok
29736,11565,ok
29737,11565,ok
29738,11565,ok
29739,11565,ok
29740,11565,ok
29741,11565,ok
29742,11565,ok
29743,11565,ok
29744,11565,ok
29745,11565,ok
29746,11565,ok
29747,11565,ok
29748,11565,ok
29749,11565,ok
29750,11565,ok
29751,11565,ok
29752,11565,ok
29753,11565,ok
29754,11565,ok
29755,11565,ok
29756,11565,ok
29757,11565,ok
29758,11565,ok
29759,11565,ok
29760,28019,ok
29761,28788,ok
29762,27950,ok
29763,26977,ok
29764,11884,ok
29765,11565,ok
29766,11565,ok
29767,11565,ok
29768,11565,ok
29769,11565,ok
29770,31021,ok
29771,26721,ok
29772,28527,ok
29773,25390,ok
29774,28015,ok
29775,11565,ok
29776,11565,ok
29777,11565,ok
29778,11565,ok
29779,11565,ok
29780,11565,ok
29781,11565,ok
29782,11565,ok
29783,11565,ok
29784,11565,ok
29785,11565,ok
29786,11565,ok
29787,11565,ok
29788,11565,ok
29789,11565,ok
29790,11565,ok
29791,11565,ok
29792,11565,ok
29793,11565,ok
29794,11565,ok
29795,11565,ok
29796,11565,ok
29797,11565,ok
29798,11565,ok
29799,11565,ok
29800,11565,ok
29801,11565,ok
29802,30583,ok
29803,11895,ok
29804,28519,ok
29805,26479,ok
29806,25964,ok
29807,25390,ok
29808,28015,ok
29809,8224,ok
29810,8224,ok
29811,8224,ok
29812,25376,ok
29813,25960,ok
29814,27491,ok
29815,28777,ok
29816,25646,ok
29817,28281,ok
29818,28260,ok
29819,11891,ok
29820,29295,ok
29821,8295,ok
29822,8224,ok
29823,25965,ok
29824,25197,ok
29825,29285,ok
29826,11891,ok
29827,31076,ok
29828,25710,ok
29829,29550,ok
29830,28462,ok
29831,26482,ok
29832,8224,ok
29833,11552,ok
29834,11565,ok
29835,11565,ok
29836,11565,ok
29837,11565,ok
29838,11565,ok
29839,11565,ok
29840,11565,ok
29841,11565,ok
29842,11565,ok
29843,11565,ok
29844,11565,ok
29845,11565,ok
29846,11565,ok
29847,11565,ok
29848,11565,ok
29849,11565,ok
29850,11565,ok
29851,11565,ok
29852,11565,ok
29853,11565,ok
29854,30509,ok
29855,29555,ok
29856,11825,ok
29857,24932,ok
29858,24948,ok
29859,28523,ok
29860,11885,ok
29861,28515,ok
29862,11885,ok
29863,29300,ok
29864,11565,ok
29865,11565,ok
29866,11565,ok
29867,11565,ok
29868,11565,ok
29869,11565,ok
29870,11565,ok
29871,11565,ok
29872,11565,ok
29873,11565,ok
29874,11565,ok
29875,12333,ok
29876,29742,ok
29877,11890,ok
29878,28528,ok
29879,27759,ok
29880,28206,ok
29881,28788,ok
29882,28462,ok
29883,26482,ok
29884,11565,ok
29885,11565,ok
29886,11825,ok
29887,29300,ok
29888,28718,ok
29889,28527,ok
29890,11884,ok
29891,29806,ok
29892,11888,ok
29893,29295,ok
29894,11623,ok
29895,11565,ok
29896,11565,ok
29897,11565,ok
29898,11565,ok
29899,11565,ok
29900,11565,ok
29901,11565,ok
29902,11565,ok
29903,11565,ok
29904,11565,ok
29905,11565,ok
29906,11565,ok
29907,0,ok
29908,0,ok
29909,0,ok
29910,0,ok
29911,65535,ok
29912,255,ok
29913,65535,ok
29914,65535,ok
29915,0,ok
29916,0,ok
29917,0,ok
29918,0,ok
29919,0,ok
29920,0,ok
29921,0,ok
29922,0,ok
29923,0,ok
29924,0,ok
29925,0,ok
29926,0,ok
29927,0,ok
29928,0,ok
29929,0,ok
29930,0,ok
29931,0,ok
29932,0,ok
29933,0,ok
29934,0,ok
29935,0,ok
29936,0,ok
29937,0,ok
29938,0,ok
29939,0,ok
29940,0,ok
29941,90,ok
29942,90,ok
29943,60,ok
29944,80,ok
29945,502,ok
29946,587,ok
29947,120,ok
29948,123,ok
29949,123,ok
29950,0,ok
29951,64512,ok
29952,43690,ok
29953,0,ok
29954,0,ok
29955,0,ok
29956,0,ok
29957,0,ok
29958,0,ok
29959,0,ok
29960,0,ok
29961,0,ok
29962,0,ok
29963,0,ok
29964,0,ok
29965,0,ok
29966,0,ok
29967,0,ok
29968,0,ok
29969,0,ok
29970,0,ok
29971,0,ok
29972,0,ok
29973,0,ok
29974,0,ok
29975,0,ok
29976,0,ok
29977,0,ok
29978,0,ok
29979,0,ok
29980,0,ok
29981,0,ok
29982,0,ok
29983,0,ok
29984,0,ok
29985,0,ok
29986,0,ok
29987,0,ok
29988,0,ok
29989,0,ok
29990,0,ok
29991,0,ok
29992,0,ok
29993,0,ok
29994,0,ok
29995,0,ok
29996,0,ok
29997,0,ok
29998,0,ok
29999,0,ok
30000,0,ok
30001,0,ok
30002,0,ok
30003,0,ok
30004,0,ok
30005,0,ok
30006,0,ok
30007,0,ok
30008,0,ok
30009,0,ok
30010,0,ok
30011,0,ok
30012,0,ok
30013,0,ok
30014,0,ok
30015,0,ok
30016,0,ok
30017,0,ok
30018,0,ok
30019,0,ok
30020,0,ok
30021,0,ok
30022,0,ok
30023,0,ok
30024,0,ok
30025,0,ok
30026,0,ok
30027,0,ok
30028,0,ok
30029,0,ok
30030,0,ok
30031,0,ok
30032,0,ok
30033,0,ok
30034,0,ok
30035,0,ok
30036,0,ok
30037,0,ok
30038,0,ok
30039,0,ok
30040,0,ok
30041,0,ok
30042,0,ok
30043,0,ok
30044,0,ok
30045,0,ok
30046,0,ok
30047,0,ok
30048,0,ok
30049,0,ok
30050,0,ok
30051,0,ok
30052,0,ok
30053,0,ok
30054,0,ok
30055,0,ok
30056,0,ok
30057,0,ok
30058,0,ok
30059,0,ok
30060,0,ok
30061,0,ok
30062,0,ok
30063,0,ok
30064,0,ok
30065,0,ok
30066,0,ok
30067,0,ok
30068,0,ok
30069,0,ok
30070,0,ok
30071,0,ok
30072,0,ok
30073,0,ok
30074,0,ok
30075,0,ok
30076,0,ok
30077,0,ok
30078,0,ok
30079,0,ok
30080,0,ok
30081,0,ok
30082,0,ok
30083,0,ok
30084,0,ok
30085,0,ok
30086,0,ok
30087,0,ok
30088,0,ok
30089,0,ok
30090,0,ok
30091,0,ok
30092,0,ok
30093,0,ok
30094,0,ok
30095,0,ok
30096,0,ok
30097,0,ok
30098,0,ok
30099,0,ok
30100,0,ok
30101,0,ok
30102,0,ok
30103,0,ok
30104,0,ok
30105,0,ok
30106,0,ok
30107,0,ok
30108,0,ok
30109,0,ok
30110,0,ok
30111,0,ok
30112,0,ok
30113,0,ok
30114,0,ok
30115,0,ok
30116,0,ok
30117,0,ok
30118,0,ok
30119,0,ok
30120,0,ok
30121,0,ok
30122,0,ok
30123,0,ok
30124,0,ok
30125,0,ok
30126,0,ok
30127,0,ok
30128,0,ok
30129,0,ok
30130,0,ok
30131,0,ok
30132,0,ok
30133,0,ok
30134,0,ok
30135,0,ok
30136,0,ok
30137,0,ok
30138,0,ok
30139,0,ok
30140,0,ok
30141,0,ok
30142,0,ok
30143,0,ok
30144,0,ok
30145,0,ok
30146,0,ok
30147,0,ok
30148,0,ok
30149,0,ok
30150,0,ok
30151,0,ok
30152,0,ok
30153,0,ok
30154,0,ok
30155,0,ok
30156,0,ok
30157,0,ok
30158,0,ok
30159,0,ok
30160,0,ok
30161,0,ok
30162,0,ok
30163,0,ok
30164,0,ok
30165,0,ok
30166,0,ok
30167,0,ok
30168,0,ok
30169,0,ok
30170,0,ok
30171,0,ok
30172,0,ok
30173,0,ok
30174,0,ok
30175,0,ok
30176,0,ok
30177,0,ok
30178,0,ok
30179,0,ok
30180,0,ok
30181,0,ok
30182,0,ok
30183,0,ok
30184,0,ok
30185,0,ok
30186,0,ok
30187,0,ok
30188,0,ok
30189,0,ok
30190,0,ok
30191,0,ok
30192,0,ok
30193,0,ok
30194,0,ok
30195,0,ok
30196,0,ok
30197,0,ok
30198,0,ok
30199,0,ok
30200,0,ok
30201,0,ok
30202,0,ok
30203,0,ok
30204,0,ok
30205,0,ok
30206,,exception
30207,,exception
30208,,exception
30209,,exception
30210,,exception
30211,,exception
30212,,exception
30213,,exception
30214,,exception
30215,,exception
30216,,exception
30217,,exception
30218,,exception
30219,,exception
30220,,exception
30221,,exception
30222,,exception
30223,,exception
30224,,exception
30225,,exception
30226,,exception
30227,,exception
30228,,exception
30229,,exception
30230,,exception
30231,,exception
30232,,exception
30233,,exception
30234,,exception
30235,,exception
30236,,exception
30237,,exception
30238,,exception
30239,,exception
30240,,exception
30241,,exception
30242,,exception
30243,,exception
30244,,exception
30245,,exception
30246,,exception
30247,,exception
30248,,exception
30249,,exception
30250,,exception
30251,,exception
30252,,exception
30253,,exception
30254,,exception
30255,,exception
30256,,exception
30257,,exception
30258,,exception
30259,,exception
30260,,exception
30261,,exception
30262,,exception
30263,,exception
30264,,exception
30265,,exception
30266,,exception
30267,,exception
30268,,exception
30269,,exception
30270,,exception
30271,,exception
30272,,exception
30273,,exception
30274,,exception
30275,,exception
30276,,exception
30277,,exception
30278,,exception
30279,,exception
30280,,exception
30281,,exception
30282,,exception
30283,,exception
30284,,exception
30285,,exception
30286,,exception
30287,,exception
30288,,exception
30289,,exception
30290,,exception
30291,,exception
30292,,exception
30293,,exception
30294,,exception
30295,,exception
30296,,exception
30297,,exception
30298,,exception
30299,,exception
30300,,exception
30301,,exception
30302,,exception
30303,,exception
30304,,exception
30305,,exception
30306,,exception
30307,,exception
30308,,exception
30309,,exception
30310,,exception
30311,,exception
30312,,exception
30313,,exception
30314,,exception
30315,,exception
30316,,exception
30317,,exception
30318,,exception
30319,,exception
30320,,exception
30321,,exception
30322,,exception
30323,,exception
30324,,exception
30325,,exception
30326,,exception
30327,,exception
30328,,exception
30329,,exception
30330,,exception
30331,,exception
30332,,exception
30333,,exception
30334,,exception
30335,,exception
30336,,exception
30337,,exception
30338,,exception
30339,,exception
30340,,exception
30341,,exception
30342,,exception
30343,,exception
30344,,exception
30345,,exception
30346,,exception
30347,,exception
30348,,exception
30349,,exception
30350,,exception
30351,,exception
30352,,exception
30353,,exception
30354,,exception
30355,,exception
30356,,exception
30357,,exception
30358,,exception
30359,,exception
30360,,exception
30361,,exception
30362,,exception
30363,,exception
30364,,exception
30365,,exception
30366,,exception
30367,,exception
30368,,exception
30369,,exception
30370,,exception
30371,,exception
30372,,exception
30373,,exception
30374,,exception
30375,,exception
30376,,exception
30377,,exception
30378,,exception
30379,,exception
30380,,exception
30381,,exception
30382,,exception
30383,,exception
30384,,exception
30385,,exception
30386,,exception
30387,,exception
30388,,exception
30389,,exception
30390,,exception
30391,,exception
30392,,exception
30393,,exception
30394,,exception
30395,,exception
30396,,exception
30397,,exception
30398,,exception
30399,,exception
30400,,exception
30401,,exception
30402,,exception
30403,,exception
30404,,exception
30405,,exception
30406,,exception
30407,,exception
30408,,exception
30409,,exception
30410,,exception
30411,,exception
30412,,exception
30413,,exception
30414,,exception
30415,,exception
30416,,exception
30417,,exception
30418,,exception
30419,,exception
30420,,exception
30421,,exception
30422,,exception
30423,,exception
30424,,exception
30425,,exception
30426,,exception
30427,,exception
30428,,exception
30429,,exception
30430,,exception
30431,,exception
30432,,exception
30433,,exception
30434,,exception
30435,,exception
30436,,exception
30437,,exception
30438,,exception
30439,,exception
30440,,exception
30441,,exception
30442,,exception
30443,,exception
30444,,exception
30445,,exception
30446,,exception
30447,,exception
30448,,exception
30449,,exception
30450,,exception
30451,,exception
30452,,exception
30453,,exception
30454,,exception
30455,,exception
30456,,exception
30457,,exception
30458,,exception
30459,,exception
30460,,exception
30461,,exception
30462,,exception
30463,,exception
30464,,exception
30465,,exception
30466,,exception
30467,,exception
30468,,exception
30469,,exception
30470,,exception
30471,,exception
30472,,exception
30473,,exception
30474,,exception
30475,,exception
30476,,exception
30477,,exception
30478,,exception
30479,,exception
30480,,exception
30481,,exception
30482,,exception
30483,,exception
30484,,exception
30485,,exception
30486,,exception
30487,,exception
30488,,exception
30489,,exception
30490,,exception
30491,,exception
30492,,exception
30493,,exception
30494,,exception
30495,,exception
30496,,exception
30497,,exception
30498,,exception
30499,,exception
30500,,exception
30501,,exception
30502,,exception
30503,,exception
30504,,exception
30505,,exception
30506,,exception
30507,,exception
30508,,exception
30509,,exception
30510,,exception
30511,,exception
30512,,exception
30513,,exception
30514,,exception
30515,,exception
30516,,exception
30517,,exception
30518,,exception
30519,,exception
30520,,exception
30521,,exception
30522,,exception
30523,,exception
30524,,exception
30525,,exception
30526,,exception
30527,,exception
30528,,exception
30529,,exception
30530,,exception
30531,,exception
30532,,exception
30533,,exception
30534,,exception
30535,,exception
30536,,exception
30537,,exception
30538,,exception
30539,,exception
30540,,exception
30541,,exception
30542,,exception
30543,,exception
30544,,exception
30545,,exception
30546,,exception
30547,,exception
30548,,exception
30549,,exception
30550,,exception
30551,,exception
30552,,exception
30553,,exception
30554,,exception
30555,,exception
30556,,exception
30557,,exception
30558,,exception
30559,,exception
30560,,exception
30561,,exception
30562,,exception
30563,,exception
30564,,exception
30565,,exception
30566,,exception
30567,,exception
30568,,exception
30569,,exception
30570,,exception
30571,,exception
30572,,exception
30573,,exception
30574,,exception
30575,,exception
30576,,exception
30577,,exception
30578,,exception
30579,,exception
30580,,exception
30581,,exception
30582,,exception
30583,,exception
30584,,exception
30585,,exception
30586,,exception
30587,,exception
30588,,exception
30589,,exception
30590,,exception
30591,,exception
30592,,exception
30593,,exception
30594,,exception
30595,,exception
30596,,exception
30597,,exception
30598,,exception
30599,,exception
30600,,exception
30601,,exception
30602,,exception
30603,,exception
30604,,exception
30605,,exception
30606,,exception
30607,,exception
30608,,exception
30609,,exception
30610,,exception
30611,,exception
30612,,exception
30613,,exception
30614,,exception
30615,,exception
30616,,exception
30617,,exception
30618,,exception
30619,,exception
30620,,exception
30621,,exception
30622,,exception
30623,,exception
30624,,exception
30625,,exception
30626,,exception
30627,,exception
30628,,exception
30629,,exception
30630,,exception
30631,,exception
30632,,exception
30633,,exception
30634,,exception
30635,,exception
30636,,exception
30637,,exception
30638,,exception
30639,,exception
30640,,exception
30641,,exception
30642,,exception
30643,,exception
30644,,exception
30645,,exception
30646,,exception
30647,,exception
30648,,exception
30649,,exception
30650,,exception
30651,,exception
30652,,exception
30653,,exception
30654,,exception
30655,,exception
30656,,exception
30657,,exception
30658,,exception
30659,,exception
30660,,exception
30661,,exception
30662,,exception
30663,,exception
30664,,exception
30665,,exception
30666,,exception
30667,,exception
30668,,exception
30669,,exception
30670,,exception
30671,,exception
30672,,exception
30673,,exception
30674,,exception
30675,,exception
30676,,exception
30677,,exception
30678,,exception
30679,,exception
30680,,exception
30681,,exception
30682,,exception
30683,,exception
30684,,exception
30685,,exception
30686,,exception
30687,,exception
30688,,exception
30689,,exception
30690,,exception
30691,,exception
30692,,exception
30693,,exception
30694,,exception
30695,,exception
30696,,exception
30697,,exception
30698,,exception
30699,,exception
30700,,exception
30701,,exception
30702,,exception
30703,,exception
30704,,exception
30705,,exception
30706,,exception
30707,,exception
30708,,exception
30709,,exception
30710,,exception
30711,,exception
30712,,exception
30713,,exception
30714,,exception
30715,,exception
30716,,exception
30717,,exception
30718,,exception
30719,,exception
30720,,exception
30721,,exception
30722,,exception
30723,,exception
30724,,exception
30725,,exception
30726,,exception
30727,,exception
30728,,exception
30729,,exception
30730,,exception
30731,,exception
30732,,exception
30733,,exception
30734,,exception
30735,,exception
30736,,exception
30737,,exception
30738,,exception
30739,,exception
30740,,exception
30741,,exception
30742,,exception
30743,,exception
30744,,exception
30745,,exception
30746,,exception
30747,,exception
30748,,exception
30749,,exception
30750,,exception
30751,,exception
30752,,exception
30753,,exception
30754,,exception
30755,,exception
30756,,exception
30757,,exception
30758,,exception
30759,,exception
30760,,exception
30761,,exception
30762,,exception
30763,,exception
30764,,exception
30765,,exception
30766,,exception
30767,,exception
30768,,exception
30769,,exception
30770,,exception
30771,,exception
30772,,exception
30773,,exception
30774,,exception
30775,,exception
30776,,exception
30777,,exception
30778,,exception
30779,,exception
30780,,exception
30781,,exception
30782,,exception
30783,,exception
30784,,exception
30785,,exception
30786,,exception
30787,,exception
30788,,exception
30789,,exception
30790,,exception
30791,,exception
30792,,exception
30793,,exception
30794,,exception
30795,,exception
30796,,exception
30797,,exception
30798,,exception
30799,,exception
30800,,exception
30801,,exception
30802,,exception
30803,,exception
30804,,exception
30805,,exception
30806,,exception
30807,,exception
30808,,exception
30809,,exception
30810,,exception
30811,,exception
30812,,exception
30813,,exception
30814,,exception
30815,,exception
30816,,exception
30817,,exception
30818,,exception
30819,,exception
30820,,exception
30821,,exception
30822,,exception
30823,,exception
30824,,exception
30825,,exception
30826,,exception
30827,,exception
30828,,exception
30829,,exception
30830,,exception
30831,,exception
30832,,exception
30833,,exception
30834,,exception
30835,,exception
30836,,exception
30837,,exception
30838,,exception
30839,,exception
30840,,exception
30841,,exception
30842,,exception
30843,,exception
30844,,exception
30845,,exception
30846,,exception
30847,,exception
30848,,exception
30849,,exception
30850,,exception
30851,,exception
30852,,exception
30853,,exception
30854,,exception
30855,,exception
30856,,exception
30857,,exception
30858,,exception
30859,,exception
30860,,exception
30861,,exception
30862,,exception
30863,,exception
30864,,exception
30865,,exception
30866,,exception
30867,,exception
30868,,exception
30869,,exception
30870,,exception
30871,,exception
30872,,exception
30873,,exception
30874,,exception
30875,,exception
30876,,exception
30877,,exception
30878,,exception
30879,,exception
30880,,exception
30881,,exception
30882,,exception
30883,,exception
30884,,exception
30885,,exception
30886,,exception
30887,,exception
30888,,exception
30889,,exception
30890,,exception
30891,,exception
30892,,exception
30893,,exception
30894,,exception
30895,,exception
30896,,exception
30897,,exception
30898,,exception
30899,,exception
30900,,exception
30901,,exception
30902,,exception
30903,,exception
30904,,exception
30905,,exception
30906,,exception
30907,,exception
30908,,exception
30909,,exception
30910,,exception
30911,,exception
30912,,exception
30913,,exception
30914,,exception
30915,,exception
30916,,exception
30917,,exception
30918,,exception
30919,,exception
30920,,exception
30921,,exception
30922,,exception
30923,,exception
30924,,exception
30925,,exception
30926,,exception
30927,,exception
30928,,exception
30929,,exception
30930,,exception
30931,,exception
30932,,exception
30933,,exception
30934,,exception
30935,,exception
30936,,exception
30937,,exception
30938,,exception
30939,,exception
30940,,exception
30941,,exception
30942,,exception
30943,,exception
30944,,exception
30945,,exception
30946,,exception
30947,,exception
30948,,exception
30949,,exception
30950,,exception
30951,,exception
30952,,exception
30953,,exception
30954,,exception
30955,,exception
30956,,exception
30957,,exception
30958,,exception
30959,,exception
30960,,exception
30961,,exception
30962,,exception
30963,,exception
30964,,exception
30965,,exception
30966,,exception
30967,,exception
30968,,exception
30969,,exception
30970,,exception
30971,,exception
30972,,exception
30973,,exception
30974,,exception
30975,,exception
30976,,exception
30977,,exception
30978,,exception
30979,,exception
30980,,exception
30981,,exception
30982,,exception
30983,,exception
30984,,exception
30985,,exception
30986,,exception
30987,,exception
30988,,exception
30989,,exception
30990,,exception
30991,,exception
30992,,exception
30993,,exception
30994,,exception
30995,,exception
30996,,exception
30997,,exception
30998,,exception
30999,,exception
31000,,exception
31001,,exception
31002,,exception
31003,,exception
31004,,exception
31005,,exception
31006,,exception
31007,,exception
31008,,exception
31009,,exception
31010,,exception
31011,,exception
31012,,exception
31013,,exception
31014,,exception
31015,,exception
31016,,exception
31017,,exception
31018,,exception
31019,,exception
31020,,exception
31021,,exception
31022,,exception
31023,,exception
31024,,exception
31025,,exception
31026,,exception
31027,,exception
31028,,exception
31029,,exception
31030,,exception
31031,,exception
31032,,exception
31033,,exception
31034,,exception
31035,,exception
31036,,exception
31037,,exception
31038,,exception
31039,,exception
31040,,exception
31041,,exception
31042,,exception
31043,,exception
31044,,exception
31045,,exception
31046,,exception
31047,,exception
31048,,exception
31049,,exception
31050,,exception
31051,,exception
31052,,exception
31053,,exception
31054,,exception
31055,,exception
31056,,exception
31057,,exception
31058,,exception
31059,,exception
31060,,exception
31061,,exception
31062,,exception
31063,,exception
31064,,exception
31065,,exception
31066,,exception
31067,,exception
31068,,exception
31069,,exception
31070,,exception
31071,,exception
31072,,exception
31073,,exception
31074,,exception
31075,,exception
31076,,exception
31077,,exception
31078,,exception
31079,,exception
31080,,exception
31081,,exception
31082,,exception
31083,,exception
31084,,exception
31085,,exception
31086,,exception
31087,,exception
31088,,exception
31089,,exception
31090,,exception
31091,,exception
31092,,exception
31093,,exception
31094,,exception
31095,,exception
31096,,exception
31097,,exception
31098,,exception
31099,,exception
31100,,exception
31101,,exception
31102,,exception
31103,,exception
31104,,exception
31105,,exception
31106,,exception
31107,,exception
31108,,exception
31109,,exception
31110,,exception
31111,,exception
31112,,exception
31113,,exception
31114,,exception
31115,,exception
31116,,exception
31117,,exception
31118,,exception
31119,,exception
31120,,exception
31121,,exception
31122,,exception
31123,,exception
31124,,exception
31125,,exception
31126,,exception
31127,,exception
31128,,exception
31129,,exception
31130,,exception
31131,,exception
31132,,exception
31133,,exception
31134,,exception
31135,,exception
31136,,exception
31137,,exception
31138,,exception
31139,,exception
31140,,exception
31141,,exception
31142,,exception
31143,,exception
31144,,exception
31145,,exception
31146,,exception
31147,,exception
31148,,exception
31149,,exception
31150,,exception
31151,,exception
31152,,exception
31153,,exception
31154,,exception
31155,,exception
31156,,exception
31157,,exception
31158,,exception
31159,,exception
31160,,exception
31161,,exception
31162,,exception
31163,,exception
31164,,exception
31165,,exception
31166,,exception
31167,,exception
31168,,exception
31169,,exception
31170,,exception
31171,,exception
31172,,exception
31173,,exception
31174,,exception
31175,,exception
31176,,exception
31177,,exception
31178,,exception
31179,,exception
31180,,exception
31181,,exception
31182,,exception
31183,,exception
31184,,exception
31185,,exception
31186,,exception
31187,,exception
31188,,exception
31189,,exception
31190,,exception
31191,,exception
31192,,exception
31193,,exception
31194,,exception
31195,,exception
31196,,exception
31197,,exception
31198,,exception
31199,,exception
31200,,exception
31201,,exception
31202,,exception
31203,,exception
31204,,exception
31205,,exception
31206,,exception
31207,,exception
31208,,exception
31209,,exception
31210,,exception
31211,,exception
31212,,exception
31213,,exception
31214,,exception
31215,,exception
31216,,exception
31217,,exception
31218,,exception
31219,,exception
31220,,exception
31221,,exception
31222,,exception
31223,,exception
31224,,exception
31225,,exception
31226,,exception
31227,,exception
31228,,exception
31229,,exception
31230,,exception
31231,,exception
31232,,exception
31233,,exception
31234,,exception
31235,,exception
31236,,exception
31237,,exception
31238,,exception
31239,,exception
31240,,exception
31241,,exception
31242,,exception
31243,,exception
31244,,exception
31245,,exception
31246,,exception
31247,,exception
31248,,exception
31249,,exception
31250,,exception
31251,,exception
31252,,exception
31253,,exception
31254,,exception
31255,,exception
31256,,exception
31257,,exception
31258,,exception
31259,,exception
31260,,exception
31261,,exception
31262,,exception
31263,,exception
31264,,exception
31265,,exception
31266,,exception
31267,,exception
31268,,exception
31269,,exception
31270,,exception
31271,,exception
31272,,exception
31273,,exception
31274,,exception
31275,,exception
31276,,exception
31277,,exception
31278,,exception
31279,,exception
31280,,exception
31281,,exception
31282,,exception
31283,,exception
31284,,exception
31285,,exception
31286,,exception
31287,,exception
31288,,exception
31289,,exception
31290,,exception
31291,,exception
31292,,exception
31293,,exception
31294,,exception
31295,,exception
31296,,exception
31297,,exception
31298,,exception
31299,,exception
31300,,exception
31301,,exception
31302,,exception
31303,,exception
31304,,exception
31305,,exception
31306,,exception
31307,,exception
31308,,exception
31309,,exception
31310,,exception
31311,,exception
31312,,exception
31313,,exception
31314,,exception
31315,,exception
31316,,exception
31317,,exception
31318,,exception
31319,,exception
31320,,exception
31321,,exception
31322,,exception
31323,,exception
31324,,exception
31325,,exception
31326,,exception
31327,,exception
31328,,exception
31329,,exception
31330,,exception
31331,,exception
31332,,exception
31333,,exception
31334,,exception
31335,,exception
31336,,exception
31337,,exception
31338,,exception
31339,,exception
31340,,exception
31341,,exception
31342,,exception
31343,,exception
31344,,exception
31345,,exception
31346,,exception
31347,,exception
31348,,exception
31349,,exception
31350,,exception
31351,,exception
31352,,exception
31353,,exception
31354,,exception
31355,,exception
31356,,exception
31357,,exception
31358,,exception
31359,,exception
31360,,exception
31361,,exception
31362,,exception
31363,,exception
31364,,exception
31365,,exception
31366,,exception
31367,,exception
31368,,exception
31369,,exception
31370,,exception
31371,,exception
31372,,exception
31373,,exception
31374,,exception
31375,,exception
31376,,exception
31377,,exception
31378,,exception
31379,,exception
31380,,exception
31381,,exception
31382,,exception
31383,,exception
31384,,exception
31385,,exception
31386,,exception
31387,,exception
31388,,exception
31389,,exception
31390,,exception
31391,,exception
31392,,exception
31393,,exception
31394,,exception
31395,,exception
31396,,exception
31397,,exception
31398,,exception
31399,,exception
31400,,exception
31401,,exception
31402,,exception
31403,,exception
31404,,exception
31405,,exception
31406,,exception
31407,,exception
31408,,exception
31409,,exception
31410,,exception
31411,,exception
31412,,exception
31413,,exception
31414,,exception
31415,,exception
31416,,exception
31417,,exception
31418,,exception
31419,,exception
31420,,exception
31421,,exception
31422,,exception
31423,,exception
31424,,exception
31425,,exception
31426,,exception
31427,,exception
31428,,exception
31429,,exception
31430,,exception
31431,,exception
31432,,exception
31433,,exception
31434,,exception
31435,,exception
31436,,exception
31437,,exception
31438,,exception
31439,,exception
31440,,exception
31441,,exception
31442,,exception
31443,,exception
31444,,exception
31445,,exception
31446,,exception
31447,,exception
31448,,exception
31449,,exception
31450,,exception
31451,,exception
31452,,exception
31453,,exception
31454,,exception
31455,,exception
31456,,exception
31457,,exception
31458,,exception
31459,,exception
31460,,exception
31461,,exception
31462,,exception
31463,,exception
31464,,exception
31465,,exception
31466,,exception
31467,,exception
31468,,exception
31469,,exception
31470,,exception
31471,,exception
31472,,exception
31473,,exception
31474,,exception
31475,,exception
31476,,exception
31477,,exception
31478,,exception
31479,,exception
31480,,exception
31481,,exception
31482,,exception
31483,,exception
31484,,exception
31485,,exception
31486,,exception
31487,,exception
31488,,exception
31489,,exception
31490,,exception
31491,,exception
31492,,exception
31493,,exception
31494,,exception
31495,,exception
31496,,exception
31497,,exception
31498,,exception
31499,,exception
31500,,exception
31501,,exception
31502,,exception
31503,,exception
31504,,exception
31505,,exception
31506,,exception
31507,,exception
31508,,exception
31509,,exception
31510,,exception
31511,,exception
31512,,exception
31513,,exception
31514,,exception
31515,,exception
31516,,exception
31517,,exception
31518,,exception
31519,,exception
31520,,exception
31521,,exception
31522,,exception
31523,,exception
31524,,exception
31525,,exception
31526,,exception
31527,,exception
31528,,exception
31529,,exception
31530,,exception
31531,,exception
31532,,exception
31533,,exception
31534,,exception
31535,,exception
31536,,exception
31537,,exception
31538,,exception
31539,,exception
31540,,exception
31541,,exception
31542,,exception
31543,,exception
31544,,exception
31545,,exception
31546,,exception
31547,,exception
31548,,exception
31549,,exception
31550,,exception
31551,,exception
31552,,exception
31553,,exception
31554,,exception
31555,,exception
31556,,exception
31557,,exception
31558,,exception
31559,,exception
31560,,exception
31561,,exception
31562,,exception
31563,,exception
31564,,exception
31565,,exception
31566,,exception
31567,,exception
31568,,exception
31569,,exception
31570,,exception
31571,,exception
31572,,exception
31573,,exception
31574,,exception
31575,,exception
31576,,exception
31577,,exception
31578,,exception
31579,,exception
31580,,exception
31581,,exception
31582,,exception
31583,,exception
31584,,exception
31585,,exception
31586,,exception
31587,,exception
31588,,exception
31589,,exception
31590,,exception
31591,,exception
31592,,exception
31593,,exception
31594,,exception
31595,,exception
31596,,exception
31597,,exception
31598,,exception
31599,,exception
31600,,exception
31601,,exception
31602,,exception
31603,,exception
31604,,exception
31605,,exception
31606,,exception
31607,,exception
31608,,exception
31609,,exception
31610,,exception
31611,,exception
31612,,exception
31613,,exception
31614,,exception
31615,,exception
31616,,exception
31617,,exception
31618,,exception
31619,,exception
31620,,exception
31621,,exception
31622,,exception
31623,,exception
31624,,exception
31625,,exception
31626,,exception
31627,,exception
31628,,exception
31629,,exception
31630,,exception
31631,,exception
31632,,exception
31633,,exception
31634,,exception
31635,,exception
31636,,exception
31637,,exception
31638,,exception
31639,,exception
31640,,exception
31641,,exception
31642,,exception
31643,,exception
31644,,exception
31645,,exception
31646,,exception
31647,,exception
31648,,exception
31649,,exception
31650,,exception
31651,,exception
31652,,exception
31653,,exception
31654,,exception
31655,,exception
31656,,exception
31657,,exception
31658,,exception
31659,,exception
31660,,exception
31661,,exception
31662,,exception
31663,,exception
31664,,exception
31665,,exception
31666,,exception
31667,,exception
31668,,exception
31669,,exception
31670,,exception
31671,,exception
31672,,exception
31673,,exception
31674,,exception
31675,,exception
31676,,exception
31677,,exception
31678,,exception
31679,,exception
31680,,exception
31681,,exception
31682,,exception
31683,,exception
31684,,exception
31685,,exception
31686,,exception
31687,,exception
31688,,exception
31689,,exception
31690,,exception
31691,,exception
31692,,exception
31693,,exception
31694,,exception
31695,,exception
31696,,exception
31697,,exception
31698,,exception
31699,,exception
31700,,exception
31701,,exception
31702,,exception
31703,,exception
31704,,exception
31705,,exception
31706,,exception
31707,,exception
31708,,exception
31709,,exception
31710,,exception
31711,,exception
31712,,exception
31713,,exception
31714,,exception
31715,,exception
31716,,exception
31717,,exception
31718,,exception
31719,,exception
31720,,exception
31721,,exception
31722,,exception
31723,,exception
31724,,exception
31725,,exception
31726,,exception
31727,,exception
31728,,exception
31729,,exception
31730,,exception
31731,,exception
31732,,exception
31733,,exception
31734,,exception
31735,,exception
31736,,exception
31737,,exception
31738,,exception
31739,,exception
31740,,exception
31741,,exception
31742,,exception
31743,,exception
31744,,exception
31745,,exception
31746,,exception
31747,,exception
31748,,exception
31749,,exception
31750,,exception
31751,,exception
31752,,exception
31753,,exception
31754,,exception
31755,,exception
31756,,exception
31757,,exception
31758,,exception
31759,,exception
31760,,exception
31761,,exception
31762,,exception
31763,,exception
31764,,exception
31765,,exception
31766,,exception
31767,,exception
31768,,exception
31769,,exception
31770,,exception
31771,,exception
31772,,exception
31773,,exception
31774,,exception
31775,,exception
31776,,exception
31777,,exception
31778,,exception
31779,,exception
31780,,exception
31781,,exception
31782,,exception
31783,,exception
31784,,exception
31785,,exception
31786,,exception
31787,,exception
31788,,exception
31789,,exception
31790,,exception
31791,,exception
31792,,exception
31793,,exception
31794,,exception
31795,,exception
31796,,exception
31797,,exception
31798,,exception
31799,,exception
31800,,exception
31801,,exception
31802,,exception
31803,,exception
31804,,exception
31805,,exception
31806,,exception
31807,,exception
31808,,exception
31809,,exception
31810,,exception
31811,,exception
31812,,exception
31813,,exception
31814,,exception
31815,,exception
31816,,exception
31817,,exception
31818,,exception
31819,,exception
31820,,exception
31821,,exception
31822,,exception
31823,,exception
31824,,exception
31825,,exception
31826,,exception
31827,,exception
31828,,exception
31829,,exception
31830,,exception
31831,,exception
31832,,exception
31833,,exception
31834,,exception
31835,,exception
31836,,exception
31837,,exception
31838,,exception
31839,,exception
31840,,exception
31841,,exception
31842,,exception
31843,,exception
31844,,exception
31845,,exception
31846,,exception
31847,,exception
31848,,exception
31849,,exception
31850,,exception
31851,,exception
31852,,exception
31853,,exception
31854,,exception
31855,,exception
31856,,exception
31857,,exception
31858,,exception
31859,,exception
31860,,exception
31861,,exception
31862,,exception
31863,,exception
31864,,exception
31865,,exception
31866,,exception
31867,,exception
31868,,exception
31869,,exception
31870,,exception
31871,,exception
31872,,exception
31873,,exception
31874,,exception
31875,,exception
31876,,exception
31877,,exception
31878,,exception
31879,,exception
31880,,exception
31881,,exception
31882,,exception
31883,,exception
31884,,exception
31885,,exception
31886,,exception
31887,,exception
31888,,exception
31889,,exception
31890,,exception
31891,,exception
31892,,exception
31893,,exception
31894,,exception
31895,,exception
31896,,exception
31897,,exception
31898,,exception
31899,,exception
31900,,exception
31901,,exception
31902,,exception
31903,,exception
31904,,exception
31905,,exception
31906,,exception
31907,,exception
31908,,exception
31909,,exception
31910,,exception
31911,,exception
31912,,exception
31913,,exception
31914,,exception
31915,,exception
31916,,exception
31917,,exception
31918,,exception
31919,,exception
31920,,exception
31921,,exception
31922,,exception
31923,,exception
31924,,exception
31925,,exception
31926,,exception
31927,,exception
31928,,exception
31929,,exception
31930,,exception
31931,,exception
31932,,exception
31933,,exception
31934,,exception
31935,,exception
31936,,exception
31937,,exception
31938,,exception
31939,,exception
31940,,exception
31941,,exception
31942,,exception
31943,,exception
31944,,exception
31945,,exception
31946,,exception
31947,,exception
31948,,exception
31949,,exception
31950,,exception
31951,,exception
31952,,exception
31953,,exception
31954,,exception
31955,,exception
31956,,exception
31957,,exception
31958,,exception
31959,,exception
31960,,exception
31961,,exception
31962,,exception
31963,,exception
31964,,exception
31965,,exception
31966,,exception
31967,,exception
31968,,exception
31969,,exception
31970,,exception
31971,,exception
31972,,exception
31973,,exception
31974,,exception
31975,,exception
31976,,exception
31977,,exception
31978,,exception
31979,,exception
31980,,exception
31981,,exception
31982,,exception
31983,,exception
31984,,exception
31985,,exception
31986,,exception
31987,,exception
31988,,exception
31989,,exception
31990,,exception
31991,,exception
31992,,exception
31993,,exception
31994,,exception
31995,,exception
31996,,exception
31997,,exception
31998,,exception
31999,,exception
32000,,exception
32001,,exception
32002,,exception
32003,,exception
32004,,exception
32005,,exception
32006,,exception
32007,,exception
32008,,exception
32009,,exception
32010,,exception
32011,,exception
32012,,exception
32013,,exception
32014,,exception
32015,,exception
32016,,exception
32017,,exception
32018,,exception
32019,,exception
32020,,exception
32021,,exception
32022,,exception
32023,,exception
32024,,exception
32025,,exception
32026,,exception
32027,,exception
32028,,exception
32029,,exception
32030,,exception
32031,,exception
32032,,exception
32033,,exception
32034,,exception
32035,,exception
32036,,exception
32037,,exception
32038,,exception
32039,,exception
32040,,exception
32041,,exception
32042,,exception
32043,,exception
32044,,exception
32045,,exception
32046,,exception
32047,,exception
32048,,exception
32049,,exception
32050,,exception
32051,,exception
32052,,exception
32053,,exception
32054,,exception
32055,,exception
32056,,exception
32057,,exception
32058,,exception
32059,,exception
32060,,exception
32061,,exception
32062,,exception
32063,,exception
32064,,exception
32065,,exception
32066,,exception
32067,,exception
32068,,exception
32069,,exception
32070,,exception
32071,,exception
32072,,exception
32073,,exception
32074,,exception
32075,,exception
32076,,exception
32077,,exception
32078,,exception
32079,,exception
32080,,exception
32081,,exception
32082,,exception
32083,,exception
32084,,exception
32085,,exception
32086,,exception
32087,,exception
32088,,exception
32089,,exception
32090,,exception
32091,,exception
32092,,exception
32093,,exception
32094,,exception
32095,,exception
32096,,exception
32097,,exception
32098,,exception
32099,,exception
32100,,exception
32101,,exception
32102,,exception
32103,,exception
32104,,exception
32105,,exception
32106,,exception
32107,,exception
32108,,exception
32109,,exception
32110,,exception
32111,,exception
32112,,exception
32113,,exception
32114,,exception
32115,,exception
32116,,exception
32117,,exception
32118,,exception
32119,,exception
32120,,exception
32121,,exception
32122,,exception
32123,,exception
32124,,exception
32125,,exception
32126,,exception
32127,,exception
32128,,exception
32129,,exception
32130,,exception
32131,,exception
32132,,exception
32133,,exception
32134,,exception
32135,,exception
32136,,exception
32137,,exception
32138,,exception
32139,,exception
32140,,exception
32141,,exception
32142,,exception
32143,,exception
32144,,exception
32145,,exception
32146,,exception
32147,,exception
32148,,exception
32149,,exception
32150,,exception
32151,,exception
32152,,exception
32153,,exception
32154,,exception
32155,,exception
32156,,exception
32157,,exception
32158,,exception
32159,,exception
32160,,exception
32161,,exception
32162,,exception
32163,,exception
32164,,exception
32165,,exception
32166,,exception
32167,,exception
32168,,exception
32169,,exception
32170,,exception
32171,,exception
32172,,exception
32173,,exception
32174,,exception
32175,,exception
32176,,exception
32177,,exception
32178,,exception
32179,,exception
32180,,exception
32181,,exception
32182,,exception
32183,,exception
32184,,exception
32185,,exception
32186,,exception
32187,,exception
32188,,exception
32189,,exception
32190,,exception
32191,,exception
32192,,exception
32193,,exception
32194,,exception
32195,,exception
32196,,exception
32197,,exception
32198,,exception
32199,,exception
32200,,exception
32201,,exception
32202,,exception
32203,,exception
32204,,exception
32205,,exception
32206,,exception
32207,,exception
32208,,exception
32209,,exception
32210,,exception
32211,,exception
32212,,exception
32213,,exception
32214,,exception
32215,,exception
32216,,exception
32217,,exception
32218,,exception
32219,,exception
32220,,exception
32221,,exception
32222,,exception
32223,,exception
32224,,exception
32225,,exception
32226,,exception
32227,,exception
32228,,exception
32229,,exception
32230,,exception
32231,,exception
32232,,exception
32233,,exception
32234,,exception
32235,,exception
32236,,exception
32237,,exception
32238,,exception
32239,,exception
32240,,exception
32241,,exception
32242,,exception
32243,,exception
32244,,exception
32245,,exception
32246,,exception
32247,,exception
32248,,exception
32249,,exception
32250,,exception
32251,,exception
32252,,exception
32253,,exception
32254,,exception
32255,,exception
32256,,exception
32257,,exception
32258,,exception
32259,,exception
32260,,exception
32261,,exception
32262,,exception
32263,,exception
32264,,exception
32265,,exception
32266,,exception
32267,,exception
32268,,exception
32269,,exception
32270,,exception
32271,,exception
32272,,exception
32273,,exception
32274,,exception
32275,,exception
32276,,exception
32277,,exception
32278,,exception
32279,,exception
32280,,exception
32281,,exception
32282,,exception
32283,,exception
32284,,exception
32285,,exception
32286,,exception
32287,,exception
32288,,exception
32289,,exception
32290,,exception
32291,,exception
32292,,exception
32293,,exception
32294,,exception
32295,,exception
32296,,exception
32297,,exception
32298,,exception
32299,,exception
32300,,exception
32301,,exception
32302,,exception
32303,,exception
32304,,exception
32305,,exception
32306,,exception
32307,,exception
32308,,exception
32309,,exception
32310,,exception
32311,,exception
32312,,exception
32313,,exception
32314,,exception
32315,,exception
32316,,exception
32317,,exception
32318,,exception
32319,,exception
32320,,exception
32321,,exception
32322,,exception
32323,,exception
32324,,exception
32325,,exception
32326,,exception
32327,,exception
32328,,exception
32329,,exception
32330,,exception
32331,,exception
32332,,exception
32333,,exception
32334,,exception
32335,,exception
32336,,exception
32337,,exception
32338,,exception
32339,,exception
32340,,exception
32341,,exception
32342,,exception
32343,,exception
32344,,exception
32345,,exception
32346,,exception
32347,,exception
32348,,exception
32349,,exception
32350,,exception
32351,,exception
32352,,exception
32353,,exception
32354,,exception
32355,,exception
32356,,exception
32357,,exception
32358,,exception
32359,,exception
32360,,exception
32361,,exception
32362,,exception
32363,,exception
32364,,exception
32365,,exception
32366,,exception
32367,,exception
32368,,exception
32369,,exception
32370,,exception
32371,,exception
32372,,exception
32373,,exception
32374,,exception
32375,,exception
32376,,exception
32377,,exception
32378,,exception
32379,,exception
32380,,exception
32381,,exception
32382,,exception
32383,,exception
32384,,exception
32385,,exception
32386,,exception
32387,,exception
32388,,exception
32389,,exception
32390,,exception
32391,,exception
32392,,exception
32393,,exception
32394,,exception
32395,,exception
32396,,exception
32397,,exception
32398,,exception
32399,,exception
32400,,exception
32401,,exception
32402,,exception
32403,,exception
32404,,exception
32405,,exception
32406,,exception
32407,,exception
32408,,exception
32409,,exception
32410,,exception
32411,,exception
32412,,exception
32413,,exception
32414,,exception
32415,,exception
32416,,exception
32417,,exception
32418,,exception
32419,,exception
32420,,exception
32421,,exception
32422,,exception
32423,,exception
32424,,exception
32425,,exception
32426,,exception
32427,,exception
32428,,exception
32429,,exception
32430,,exception
32431,,exception
32432,,exception
32433,,exception
32434,,exception
32435,,exception
32436,,exception
32437,,exception
32438,,exception
32439,,exception
32440,,exception
32441,,exception
32442,,exception
32443,,exception
32444,,exception
32445,,exception
32446,,exception
32447,,exception
32448,,exception
32449,,exception
32450,,exception
32451,,exception
32452,,exception
32453,,exception
32454,,exception
32455,,exception
32456,,exception
32457,,exception
32458,,exception
32459,,exception
32460,,exception
32461,,exception
32462,,exception
32463,,exception
32464,,exception
32465,,exception
32466,,exception
32467,,exception
32468,,exception
32469,,exception
32470,,exception
32471,,exception
32472,,exception
32473,,exception
32474,,exception
32475,,exception
32476,,exception
32477,,exception
32478,,exception
32479,,exception
32480,,exception
32481,,exception
32482,,exception
32483,,exception
32484,,exception
32485,,exception
32486,,exception
32487,,exception
32488,,exception
32489,,exception
32490,,exception
32491,,exception
32492,,exception
32493,,exception
32494,,exception
32495,,exception
32496,,exception
32497,,exception
32498,,exception
32499,,exception
32500,,exception
32501,,exception
32502,,exception
32503,,exception
32504,,exception
32505,,exception
32506,,exception
32507,,exception
32508,,exception
32509,,exception
32510,,exception
32511,,exception
32512,,exception
32513,,exception
32514,,exception
32515,,exception
32516,,exception
32517,,exception
32518,,exception
32519,,exception
32520,,exception
32521,,exception
32522,,exception
32523,,exception
32524,,exception
32525,,exception
32526,,exception
32527,,exception
32528,,exception
32529,,exception
32530,,exception
32531,,exception
32532,,exception
32533,,exception
32534,,exception
32535,,exception
32536,,exception
32537,,exception
32538,,exception
32539,,exception
32540,,exception
32541,,exception
32542,,exception
32543,,exception
32544,,exception
32545,,exception
32546,,exception
32547,,exception
32548,,exception
32549,,exception
32550,,exception
32551,,exception
32552,,exception
32553,,exception
32554,,exception
32555,,exception
32556,,exception
32557,,exception
32558,,exception
32559,,exception
32560,,exception
32561,,exception
32562,,exception
32563,,exception
32564,,exception
32565,,exception
32566,,exception
32567,,exception
32568,,exception
32569,,exception
32570,,exception
32571,,exception
32572,,exception
32573,,exception
32574,,exception
32575,,exception
32576,,exception
32577,,exception
32578,,exception
32579,,exception
32580,,exception
32581,,exception
32582,,exception
32583,,exception
32584,,exception
32585,,exception
32586,,exception
32587,,exception
32588,,exception
32589,,exception
32590,,exception
32591,,exception
32592,,exception
32593,,exception
32594,,exception
32595,,exception
32596,,exception
32597,,exception
32598,,exception
32599,,exception
32600,,exception
32601,,exception
32602,,exception
32603,,exception
32604,,exception
32605,,exception
32606,,exception
32607,,exception
32608,,exception
32609,,exception
32610,,exception
32611,,exception
32612,,exception
32613,,exception
32614,,exception
32615,,exception
32616,,exception
32617,,exception
32618,,exception
32619,,exception
32620,,exception
32621,,exception
32622,,exception
32623,,exception
32624,,exception
32625,,exception
32626,,exception
32627,,exception
32628,,exception
32629,,exception
32630,,exception
32631,,exception
32632,,exception
32633,,exception
32634,,exception
32635,,exception
32636,,exception
32637,,exception
32638,,exception
32639,,exception
32640,,exception
32641,,exception
32642,,exception
32643,,exception
32644,,exception
32645,,exception
32646,,exception
32647,,exception
32648,,exception
32649,,exception
32650,,exception
32651,,exception
32652,,exception
32653,,exception
32654,,exception
32655,,exception
32656,,exception
32657,,exception
32658,,exception
32659,,exception
32660,,exception
32661,,exception
32662,,exception
32663,,exception
32664,,exception
32665,,exception
32666,,exception
32667,,exception
32668,,exception
32669,,exception
32670,,exception
32671,,exception
32672,,exception
32673,,exception
32674,,exception
32675,,exception
32676,,exception
32677,,exception
32678,,exception
32679,,exception
32680,,exception
32681,,exception
32682,,exception
32683,,exception
32684,,exception
32685,,exception
32686,,exception
32687,,exception
32688,,exception
32689,,exception
32690,,exception
32691,,exception
32692,,exception
32693,,exception
32694,,exception
32695,,exception
32696,,exception
32697,,exception
32698,,exception
32699,,exception
32700,,exception
32701,,exception
32702,,exception
32703,,exception
32704,,exception
32705,,exception
32706,,exception
32707,,exception
32708,,exception
32709,,exception
32710,,exception
32711,,exception
32712,,exception
32713,,exception
32714,,exception
32715,,exception
32716,,exception
32717,,exception
32718,,exception
32719,,exception
32720,,exception
32721,,exception
32722,,exception
32723,,exception
32724,,exception
32725,,exception
32726,,exception
32727,,exception
32728,,exception
32729,,exception
32730,,exception
32731,,exception
32732,,exception
32733,,exception
32734,,exception
32735,,exception
32736,,exception
32737,,exception
32738,,exception
32739,,exception
32740,,exception
32741,,exception
32742,,exception
32743,,exception
32744,,exception
32745,,exception
32746,,exception
32747,,exception
32748,,exception
32749,,exception
32750,,exception
32751,,exception
32752,,exception
32753,,exception
32754,,exception
32755,,exception
32756,,exception
32757,,exception
32758,,exception
32759,,exception
32760,,exception
32761,,exception
32762,,exception
32763,,exception
32764,,exception
32765,,exception
32766,,exception
32767,,exception
32768,,exception
32769,,exception
32770,,exception
32771,,exception
32772,,exception
32773,,exception
32774,,exception
32775,,exception
32776,,exception
32777,,exception
32778,,exception
32779,,exception
32780,,exception
32781,,exception
32782,,exception
32783,,exception
32784,,exception
32785,,exception
32786,,exception
32787,,exception
32788,,exception
32789,,exception
32790,,exception
32791,,exception
32792,,exception
32793,,exception
32794,,exception
32795,,exception
32796,,exception
32797,,exception
32798,,exception
32799,,exception
32800,,exception
32801,,exception
32802,,exception
32803,,exception
32804,,exception
32805,,exception
32806,,exception
32807,,exception
32808,,exception
32809,,exception
32810,,exception
32811,,exception
32812,,exception
32813,,exception
32814,,exception
32815,,exception
32816,,exception
32817,,exception
32818,,exception
32819,,exception
32820,,exception
32821,,exception
32822,,exception
32823,,exception
32824,,exception
32825,,exception
32826,,exception
32827,,exception
32828,,exception
32829,,exception
32830,,exception
32831,,exception
32832,,exception
32833,,exception
32834,,exception
32835,,exception
32836,,exception
32837,,exception
32838,,exception
32839,,exception
32840,,exception
32841,,exception
32842,,exception
32843,,exception
32844,,exception
32845,,exception
32846,,exception
32847,,exception
32848,,exception
32849,,exception
32850,,exception
32851,,exception
32852,,exception
32853,,exception
32854,,exception
32855,,exception
32856,,exception
32857,,exception
32858,,exception
32859,,exception
32860,,exception
32861,,exception
32862,,exception
32863,,exception
32864,,exception
32865,,exception
32866,,exception
32867,,exception
32868,,exception
32869,,exception
32870,,exception
32871,,exception
32872,,exception
32873,,exception
32874,,exception
32875,,exception
32876,,exception
32877,,exception
32878,,exception
32879,,exception
32880,,exception
32881,,exception
32882,,exception
32883,,exception
32884,,exception
32885,,exception
32886,,exception
32887,,exception
32888,,exception
32889,,exception
32890,,exception
32891,,exception
32892,,exception
32893,,exception
32894,,exception
32895,,exception
32896,,exception
32897,,exception
32898,,exception
32899,,exception
32900,,exception
32901,,exception
32902,,exception
32903,,exception
32904,,exception
32905,,exception
32906,,exception
32907,,exception
32908,,exception
32909,,exception
32910,,exception
32911,,exception
32912,,exception
32913,,exception
32914,,exception
32915,,exception
32916,,exception
32917,,exception
32918,,exception
32919,,exception
32920,,exception
32921,,exception
32922,,exception
32923,,exception
32924,,exception
32925,,exception
32926,,exception
32927,,exception
32928,,exception
32929,,exception
32930,,exception
32931,,exception
32932,,exception
32933,,exception
32934,,exception
32935,,exception
32936,,exception
32937,,exception
32938,,exception
32939,,exception
32940,,exception
32941,,exception
32942,,exception
32943,,exception
32944,,exception
32945,,exception
32946,,exception
32947,,exception
32948,,exception
32949,,exception
32950,,exception
32951,,exception
32952,,exception
32953,,exception
32954,,exception
32955,,exception
32956,,exception
32957,,exception
32958,,exception
32959,,exception
32960,,exception
32961,,exception
32962,,exception
32963,,exception
32964,,exception
32965,,exception
32966,,exception
32967,,exception
32968,,exception
32969,,exception
32970,,exception
32971,,exception
32972,,exception
32973,,exception
32974,,exception
32975,,exception
32976,,exception
32977,,exception
32978,,exception
32979,,exception
32980,,exception
32981,,exception
32982,,exception
32983,,exception
32984,,exception
32985,,exception
32986,,exception
32987,,exception
32988,,exception
32989,,exception
32990,,exception
32991,,exception
32992,,exception
32993,,exception
32994,,exception
32995,,exception
32996,,exception
32997,,exception
32998,,exception
32999,,exception
33000,,exception
33001,,exception
33002,,exception
33003,,exception
33004,,exception
33005,,exception
33006,,exception
33007,,exception
33008,,exception
33009,,exception
33010,,exception
33011,,exception
33012,,exception
33013,,exception
33014,,exception
33015,,exception
33016,,exception
33017,,exception
33018,,exception
33019,,exception
33020,,exception
33021,,exception
33022,,exception
33023,,exception
33024,,exception
33025,,exception
33026,,exception
33027,,exception
33028,,exception
33029,,exception
33030,,exception
33031,,exception
33032,,exception
33033,,exception
33034,,exception
33035,,exception
33036,,exception
33037,,exception
33038,,exception
33039,,exception
33040,,exception
33041,,exception
33042,,exception
33043,,exception
33044,,exception
33045,,exception
33046,,exception
33047,,exception
33048,,exception
33049,,exception
33050,,exception
33051,,exception
33052,,exception
33053,,exception
33054,,exception
33055,,exception
33056,,exception
33057,,exception
33058,,exception
33059,,exception
33060,,exception
33061,,exception
33062,,exception
33063,,exception
33064,,exception
33065,,exception
33066,,exception
33067,,exception
33068,,exception
33069,,exception
33070,,exception
33071,,exception
33072,,exception
33073,,exception
33074,,exception
33075,,exception
33076,,exception
33077,,exception
33078,,exception
33079,,exception
33080,,exception
33081,,exception
33082,,exception
33083,,exception
33084,,exception
33085,,exception
33086,,exception
33087,,exception
33088,,exception
33089,,exception
33090,,exception
33091,,exception
33092,,exception
33093,,exception
33094,,exception
33095,,exception
33096,,exception
33097,,exception
33098,,exception
33099,,exception
33100,,exception
33101,,exception
33102,,exception
33103,,exception
33104,,exception
33105,,exception
33106,,exception
33107,,exception
33108,,exception
33109,,exception
33110,,exception
33111,,exception
33112,,exception
33113,,exception
33114,,exception
33115,,exception
33116,,exception
33117,,exception
33118,,exception
33119,,exception
33120,,exception
33121,,exception
33122,,exception
33123,,exception
33124,,exception
33125,,exception
33126,,exception
33127,,exception
33128,,exception
33129,,exception
33130,,exception
33131,,exception
33132,,exception
33133,,exception
33134,,exception
33135,,exception
33136,,exception
33137,,exception
33138,,exception
33139,,exception
33140,,exception
33141,,exception
33142,,exception
33143,,exception
33144,,exception
33145,,exception
33146,,exception
33147,,exception
33148,,exception
33149,,exception
33150,,exception
33151,,exception
33152,,exception
33153,,exception
33154,,exception
33155,,exception
33156,,exception
33157,,exception
33158,,exception
33159,,exception
33160,,exception
33161,,exception
33162,,exception
33163,,exception
33164,,exception
33165,,exception
33166,,exception
33167,,exception
33168,,exception
33169,,exception
33170,,exception
33171,,exception
33172,,exception
33173,,exception
33174,,exception
33175,,exception
33176,,exception
33177,,exception
33178,,exception
33179,,exception
33180,,exception
33181,,exception
33182,,exception
33183,,exception
33184,,exception
33185,,exception
33186,,exception
33187,,exception
33188,,exception
33189,,exception
33190,,exception
33191,,exception
33192,,exception
33193,,exception
33194,,exception
33195,,exception
33196,,exception
33197,,exception
33198,,exception
33199,,exception
33200,,exception
33201,,exception
33202,,exception
33203,,exception
33204,,exception
33205,,exception
33206,,exception
33207,,exception
33208,,exception
33209,,exception
33210,,exception
33211,,exception
33212,,exception
33213,,exception
33214,,exception
33215,,exception
33216,,exception
33217,,exception
33218,,exception
33219,,exception
33220,,exception
33221,,exception
33222,,exception
33223,,exception
33224,,exception
33225,,exception
33226,,exception
33227,,exception
33228,,exception
33229,,exception
33230,,exception
33231,,exception
33232,,exception
33233,,exception
33234,,exception
33235,,exception
33236,,exception
33237,,exception
33238,,exception
33239,,exception
33240,,exception
33241,,exception
33242,,exception
33243,,exception
33244,,exception
33245,,exception
33246,,exception
33247,,exception
33248,,exception
33249,,exception
33250,,exception
33251,,exception
33252,,exception
33253,,exception
33254,,exception
33255,,exception
33256,,exception
33257,,exception
33258,,exception
33259,,exception
33260,,exception
33261,,exception
33262,,exception
33263,,exception
33264,,exception
33265,,exception
33266,,exception
33267,,exception
33268,,exception
33269,,exception
33270,,exception
33271,,exception
33272,,exception
33273,,exception
33274,,exception
33275,,exception
33276,,exception
33277,,exception
33278,,exception
33279,,exception
33280,,exception
33281,,exception
33282,,exception
33283,,exception
33284,,exception
33285,,exception
33286,,exception
33287,,exception
33288,,exception
33289,,exception
33290,,exception
33291,,exception
33292,,exception
33293,,exception
33294,,exception
33295,,exception
33296,,exception
33297,,exception
33298,,exception
33299,,exception
33300,,exception
33301,,exception
33302,,exception
33303,,exception
33304,,exception
33305,,exception
33306,,exception
33307,,exception
33308,,exception
33309,,exception
33310,,exception
33311,,exception
33312,,exception
33313,,exception
33314,,exception
33315,,exception
33316,,exception
33317,,exception
33318,,exception
33319,,exception
33320,,exception
33321,,exception
33322,,exception
33323,,exception
33324,,exception
33325,,exception
33326,,exception
33327,,exception
33328,,exception
33329,,exception
33330,,exception
33331,,exception
33332,,exception
33333,,exception
33334,,exception
33335,,exception
33336,,exception
33337,,exception
33338,,exception
33339,,exception
33340,,exception
33341,,exception
33342,,exception
33343,,exception
33344,,exception
33345,,exception
33346,,exception
33347,,exception
33348,,exception
33349,,exception
33350,,exception
33351,,exception
33352,,exception
33353,,exception
33354,,exception
33355,,exception
33356,,exception
33357,,exception
33358,,exception
33359,,exception
33360,,exception
33361,,exception
33362,,exception
33363,,exception
33364,,exception
33365,,exception
33366,,exception
33367,,exception
33368,,exception
33369,,exception
33370,,exception
33371,,exception
33372,,exception
33373,,exception
33374,,exception
33375,,exception
33376,,exception
33377,,exception
33378,,exception
33379,,exception
33380,,exception
33381,,exception
33382,,exception
33383,,exception
33384,,exception
33385,,exception
33386,,exception
33387,,exception
33388,,exception
33389,,exception
33390,,exception
33391,,exception
33392,,exception
33393,,exception
33394,,exception
33395,,exception
33396,,exception
33397,,exception
33398,,exception
33399,,exception
33400,,exception
33401,,exception
33402,,exception
33403,,exception
33404,,exception
33405,,exception
33406,,exception
33407,,exception
33408,,exception
33409,,exception
33410,,exception
33411,,exception
33412,,exception
33413,,exception
33414,,exception
33415,,exception
33416,,exception
33417,,exception
33418,,exception
33419,,exception
33420,,exception
33421,,exception
33422,,exception
33423,,exception
33424,,exception
33425,,exception
33426,,exception
33427,,exception
33428,,exception
33429,,exception
33430,,exception
33431,,exception
33432,,exception
33433,,exception
33434,,exception
33435,,exception
33436,,exception
33437,,exception
33438,,exception
33439,,exception
33440,,exception
33441,,exception
33442,,exception
33443,,exception
33444,,exception
33445,,exception
33446,,exception
33447,,exception
33448,,exception
33449,,exception
33450,,exception
33451,,exception
33452,,exception
33453,,exception
33454,,exception
33455,,exception
33456,,exception
33457,,exception
33458,,exception
33459,,exception
33460,,exception
33461,,exception
33462,,exception
33463,,exception
33464,,exception
33465,,exception
33466,,exception
33467,,exception
33468,,exception
33469,,exception
33470,,exception
33471,,exception
33472,,exception
33473,,exception
33474,,exception
33475,,exception
33476,,exception
33477,,exception
33478,,exception
33479,,exception
33480,,exception
33481,,exception
33482,,exception
33483,,exception
33484,,exception
33485,,exception
33486,,exception
33487,,exception
33488,,exception
33489,,exception
33490,,exception
33491,,exception
33492,,exception
33493,,exception
33494,,exception
33495,,exception
33496,,exception
33497,,exception
33498,,exception
33499,,exception
33500,,exception
33501,,exception
33502,,exception
33503,,exception
33504,,exception
33505,,exception
33506,,exception
33507,,exception
33508,,exception
33509,,exception
33510,,exception
33511,,exception
33512,,exception
33513,,exception
33514,,exception
33515,,exception
33516,,exception
33517,,exception
33518,,exception
33519,,exception
33520,,exception
33521,,exception
33522,,exception
33523,,exception
33524,,exception
33525,,exception
33526,,exception
33527,,exception
33528,,exception
33529,,exception
33530,,exception
33531,,exception
33532,,exception
33533,,exception
33534,,exception
33535,,exception
33536,,exception
33537,,exception
33538,,exception
33539,,exception
33540,,exception
33541,,exception
33542,,exception
33543,,exception
33544,,exception
33545,,exception
33546,,exception
33547,,exception
33548,,exception
33549,,exception
33550,,exception
33551,,exception
33552,,exception
33553,,exception
33554,,exception
33555,,exception
33556,,exception
33557,,exception
33558,,exception
33559,,exception
33560,,exception
33561,,exception
33562,,exception
33563,,exception
33564,,exception
33565,,exception
33566,,exception
33567,,exception
33568,,exception
33569,,exception
33570,,exception
33571,,exception
33572,,exception
33573,,exception
33574,,exception
33575,,exception
33576,,exception
33577,,exception
33578,,exception
33579,,exception
33580,,exception
33581,,exception
33582,,exception
33583,,exception
33584,,exception
33585,,exception
33586,,exception
33587,,exception
33588,,exception
33589,,exception
33590,,exception
33591,,exception
33592,,exception
33593,,exception
33594,,exception
33595,,exception
33596,,exception
33597,,exception
33598,,exception
33599,,exception
33600,,exception
33601,,exception
33602,,exception
33603,,exception
33604,,exception
33605,,exception
33606,,exception
33607,,exception
33608,,exception
33609,,exception
33610,,exception
33611,,exception
33612,,exception
33613,,exception
33614,,exception
33615,,exception
33616,,exception
33617,,exception
33618,,exception
33619,,exception
33620,,exception
33621,,exception
33622,,exception
33623,,exception
33624,,exception
33625,,exception
33626,,exception
33627,,exception
33628,,exception
33629,,exception
33630,,exception
33631,,exception
33632,,exception
33633,,exception
33634,,exception
33635,,exception
33636,,exception
33637,,exception
33638,,exception
33639,,exception
33640,,exception
33641,,exception
33642,,exception
33643,,exception
33644,,exception
33645,,exception
33646,,exception
33647,,exception
33648,,exception
33649,,exception
33650,,exception
33651,,exception
33652,,exception
33653,,exception
33654,,exception
33655,,exception
33656,,exception
33657,,exception
33658,,exception
33659,,exception
33660,,exception
33661,,exception
33662,,exception
33663,,exception
33664,,exception
33665,,exception
33666,,exception
33667,,exception
33668,,exception
33669,,exception
33670,,exception
33671,,exception
33672,,exception
33673,,exception
33674,,exception
33675,,exception
33676,,exception
33677,,exception
33678,,exception
33679,,exception
33680,,exception
33681,,exception
33682,,exception
33683,,exception
33684,,exception
33685,,exception
33686,,exception
33687,,exception
33688,,exception
33689,,exception
33690,,exception
33691,,exception
33692,,exception
33693,,exception
33694,,exception
33695,,exception
33696,,exception
33697,,exception
33698,,exception
33699,,exception
33700,,exception
33701,,exception
33702,,exception
33703,,exception
33704,,exception
33705,,exception
33706,,exception
33707,,exception
33708,,exception
33709,,exception
33710,,exception
33711,,exception
33712,,exception
33713,,exception
33714,,exception
33715,,exception
33716,,exception
33717,,exception
33718,,exception
33719,,exception
33720,,exception
33721,,exception
33722,,exception
33723,,exception
33724,,exception
33725,,exception
33726,,exception
33727,,exception
33728,,exception
33729,,exception
33730,,exception
33731,,exception
33732,,exception
33733,,exception
33734,,exception
33735,,exception
33736,,exception
33737,,exception
33738,,exception
33739,,exception
33740,,exception
33741,,exception
33742,,exception
33743,,exception
33744,,exception
33745,,exception
33746,,exception
33747,,exception
33748,,exception
33749,,exception
33750,,exception
33751,,exception
33752,,exception
33753,,exception
33754,,exception
33755,,exception
33756,,exception
33757,,exception
33758,,exception
33759,,exception
33760,,exception
33761,,exception
33762,,exception
33763,,exception
33764,,exception
33765,,exception
33766,,exception
33767,,exception
33768,,exception
33769,,exception
33770,,exception
33771,,exception
33772,,exception
33773,,exception
33774,,exception
33775,,exception
33776,,exception
33777,,exception
33778,,exception
33779,,exception
33780,,exception
33781,,exception
33782,,exception
33783,,exception
33784,,exception
33785,,exception
33786,,exception
33787,,exception
33788,,exception
33789,,exception
33790,,exception
33791,,exception
33792,,exception
33793,,exception
33794,,exception
33795,,exception
33796,,exception
33797,,exception
33798,,exception
33799,,exception
33800,,exception
33801,,exception
33802,,exception
33803,,exception
33804,,exception
33805,,exception
33806,,exception
33807,,exception
33808,,exception
33809,,exception
33810,,exception
33811,,exception
33812,,exception
33813,,exception
33814,,exception
33815,,exception
33816,,exception
33817,,exception
33818,,exception
33819,,exception
33820,,exception
33821,,exception
33822,,exception
33823,,exception
33824,,exception
33825,,exception
33826,,exception
33827,,exception
33828,,exception
33829,,exception
33830,,exception
33831,,exception
33832,,exception
33833,,exception
33834,,exception
33835,,exception
33836,,exception
33837,,exception
33838,,exception
33839,,exception
33840,,exception
33841,,exception
33842,,exception
33843,,exception
33844,,exception
33845,,exception
33846,,exception
33847,,exception
33848,,exception
33849,,exception
33850,,exception
33851,,exception
33852,,exception
33853,,exception
33854,,exception
33855,,exception
33856,,exception
33857,,exception
33858,,exception
33859,,exception
33860,,exception
33861,,exception
33862,,exception
33863,,exception
33864,,exception
33865,,exception
33866,,exception
33867,,exception
33868,,exception
33869,,exception
33870,,exception
33871,,exception
33872,,exception
33873,,exception
33874,,exception
33875,,exception
33876,,exception
33877,,exception
33878,,exception
33879,,exception
33880,,exception
33881,,exception
33882,,exception
33883,,exception
33884,,exception
33885,,exception
33886,,exception
33887,,exception
33888,,exception
33889,,exception
33890,,exception
33891,,exception
33892,,exception
33893,,exception
33894,,exception
33895,,exception
33896,,exception
33897,,exception
33898,,exception
33899,,exception
33900,,exception
33901,,exception
33902,,exception
33903,,exception
33904,,exception
33905,,exception
33906,,exception
33907,,exception
33908,,exception
33909,,exception
33910,,exception
33911,,exception
33912,,exception
33913,,exception
33914,,exception
33915,,exception
33916,,exception
33917,,exception
33918,,exception
33919,,exception
33920,,exception
33921,,exception
33922,,exception
33923,,exception
33924,,exception
33925,,exception
33926,,exception
33927,,exception
33928,,exception
33929,,exception
33930,,exception
33931,,exception
33932,,exception
33933,,exception
33934,,exception
33935,,exception
33936,,exception
33937,,exception
33938,,exception
33939,,exception
33940,,exception
33941,,exception
33942,,exception
33943,,exception
33944,,exception
33945,,exception
33946,,exception
33947,,exception
33948,,exception
33949,,exception
33950,,exception
33951,,exception
33952,,exception
33953,,exception
33954,,exception
33955,,exception
33956,,exception
33957,,exception
33958,,exception
33959,,exception
33960,,exception
33961,,exception
33962,,exception
33963,,exception
33964,,exception
33965,,exception
33966,,exception
33967,,exception
33968,,exception
33969,,exception
33970,,exception
33971,,exception
33972,,exception
33973,,exception
33974,,exception
33975,,exception
33976,,exception
33977,,exception
33978,,exception
33979,,exception
33980,,exception
33981,,exception
33982,,exception
33983,,exception
33984,,exception
33985,,exception
33986,,exception
33987,,exception
33988,,exception
33989,,exception
33990,,exception
33991,,exception
33992,,exception
33993,,exception
33994,,exception
33995,,exception
33996,,exception
33997,,exception
33998,,exception
33999,,exception
34000,,exception
34001,,exception
34002,,exception
34003,,exception
34004,,exception
34005,,exception
34006,,exception
34007,,exception
34008,,exception
34009,,exception
34010,,exception
34011,,exception
34012,,exception
34013,,exception
34014,,exception
34015,,exception
34016,,exception
34017,,exception
34018,,exception
34019,,exception
34020,,exception
34021,,exception
34022,,exception
34023,,exception
34024,,exception
34025,,exception
34026,,exception
34027,,exception
34028,,exception
34029,,exception
34030,,exception
34031,,exception
34032,,exception
34033,,exception
34034,,exception
34035,,exception
34036,,exception
34037,,exception
34038,,exception
34039,,exception
34040,,exception
34041,,exception
34042,,exception
34043,,exception
34044,,exception
34045,,exception
34046,,exception
34047,,exception
34048,,exception
34049,,exception
34050,,exception
34051,,exception
34052,,exception
34053,,exception
34054,,exception
34055,,exception
34056,,exception
34057,,exception
34058,,exception
34059,,exception
34060,,exception
34061,,exception
34062,,exception
34063,,exception
34064,,exception
34065,,exception
34066,,exception
34067,,exception
34068,,exception
34069,,exception
34070,,exception
34071,,exception
34072,,exception
34073,,exception
34074,,exception
34075,,exception
34076,,exception
34077,,exception
34078,,exception
34079,,exception
34080,,exception
34081,,exception
34082,,exception
34083,,exception
34084,,exception
34085,,exception
34086,,exception
34087,,exception
34088,,exception
34089,,exception
34090,,exception
34091,,exception
34092,,exception
34093,,exception
34094,,exception
34095,,exception
34096,,exception
34097,,exception
34098,,exception
34099,,exception
34100,,exception
34101,,exception
34102,,exception
34103,,exception
34104,,exception
34105,,exception
34106,,exception
34107,,exception
34108,,exception
34109,,exception
34110,,exception
34111,,exception
34112,,exception
34113,,exception
34114,,exception
34115,,exception
34116,,exception
34117,,exception
34118,,exception
34119,,exception
34120,,exception
34121,,exception
34122,,exception
34123,,exception
34124,,exception
34125,,exception
34126,,exception
34127,,exception
34128,,exception
34129,,exception
34130,,exception
34131,,exception
34132,,exception
34133,,exception
34134,,exception
34135,,exception
34136,,exception
34137,,exception
34138,,exception
34139,,exception
34140,,exception
34141,,exception
34142,,exception
34143,,exception
34144,,exception
34145,,exception
34146,,exception
34147,,exception
34148,,exception
34149,,exception
34150,,exception
34151,,exception
34152,,exception
34153,,exception
34154,,exception
34155,,exception
34156,,exception
34157,,exception
34158,,exception
34159,,exception
34160,,exception
34161,,exception
34162,,exception
34163,,exception
34164,,exception
34165,,exception
34166,,exception
34167,,exception
34168,,exception
34169,,exception
34170,,exception
34171,,exception
34172,,exception
34173,,exception
34174,,exception
34175,,exception
34176,,exception
34177,,exception
34178,,exception
34179,,exception
34180,,exception
34181,,exception
34182,,exception
34183,,exception
34184,,exception
34185,,exception
34186,,exception
34187,,exception
34188,,exception
34189,,exception
34190,,exception
34191,,exception
34192,,exception
34193,,exception
34194,,exception
34195,,exception
34196,,exception
34197,,exception
34198,,exception
34199,,exception
34200,,exception
34201,,exception
34202,,exception
34203,,exception
34204,,exception
34205,,exception
34206,,exception
34207,,exception
34208,,exception
34209,,exception
34210,,exception
34211,,exception
34212,,exception
34213,,exception
34214,,exception
34215,,exception
34216,,exception
34217,,exception
34218,,exception
34219,,exception
34220,,exception
34221,,exception
34222,,exception
34223,,exception
34224,,exception
34225,,exception
34226,,exception
34227,,exception
34228,,exception
34229,,exception
34230,,exception
34231,,exception
34232,,exception
34233,,exception
34234,,exception
34235,,exception
34236,,exception
34237,,exception
34238,,exception
34239,,exception
34240,,exception
34241,,exception
34242,,exception
34243,,exception
34244,,exception
34245,,exception
34246,,exception
34247,,exception
34248,,exception
34249,,exception
34250,,exception
34251,,exception
34252,,exception
34253,,exception
34254,,exception
34255,,exception
34256,,exception
34257,,exception
34258,,exception
34259,,exception
34260,,exception
34261,,exception
34262,,exception
34263,,exception
34264,,exception
34265,,exception
34266,,exception
34267,,exception
34268,,exception
34269,,exception
34270,,exception
34271,,exception
34272,,exception
34273,,exception
34274,,exception
34275,,exception
34276,,exception
34277,,exception
34278,,exception
34279,,exception
34280,,exception
34281,,exception
34282,,exception
34283,,exception
34284,,exception
34285,,exception
34286,,exception
34287,,exception
34288,,exception
34289,,exception
34290,,exception
34291,,exception
34292,,exception
34293,,exception
34294,,exception
34295,,exception
34296,,exception
34297,,exception
34298,,exception
34299,,exception
34300,,exception
34301,,exception
34302,,exception
34303,,exception
34304,,exception
34305,,exception
34306,,exception
34307,,exception
34308,,exception
34309,,exception
34310,,exception
34311,,exception
34312,,exception
34313,,exception
34314,,exception
34315,,exception
34316,,exception
34317,,exception
34318,,exception
34319,,exception
34320,,exception
34321,,exception
34322,,exception
34323,,exception
34324,,exception
34325,,exception
34326,,exception
34327,,exception
34328,,exception
34329,,exception
34330,,exception
34331,,exception
34332,,exception
34333,,exception
34334,,exception
34335,,exception
34336,,exception
34337,,exception
34338,,exception
34339,,exception
34340,,exception
34341,,exception
34342,,exception
34343,,exception
34344,,exception
34345,,exception
34346,,exception
34347,,exception
34348,,exception
34349,,exception
34350,,exception
34351,,exception
34352,,exception
34353,,exception
34354,,exception
34355,,exception
34356,,exception
34357,,exception
34358,,exception
34359,,exception
34360,,exception
34361,,exception
34362,,exception
34363,,exception
34364,,exception
34365,,exception
34366,,exception
34367,,exception
34368,,exception
34369,,exception
34370,,exception
34371,,exception
34372,,exception
34373,,exception
34374,,exception
34375,,exception
34376,,exception
34377,,exception
34378,,exception
34379,,exception
34380,,exception
34381,,exception
34382,,exception
34383,,exception
34384,,exception
34385,,exception
34386,,exception
34387,,exception
34388,,exception
34389,,exception
34390,,exception
34391,,exception
34392,,exception
34393,,exception
34394,,exception
34395,,exception
34396,,exception
34397,,exception
34398,,exception
34399,,exception
34400,,exception
34401,,exception
34402,,exception
34403,,exception
34404,,exception
34405,,exception
34406,,exception
34407,,exception
34408,,exception
34409,,exception
34410,,exception
34411,,exception
34412,,exception
34413,,exception
34414,,exception
34415,,exception
34416,,exception
34417,,exception
34418,,exception
34419,,exception
34420,,exception
34421,,exception
34422,,exception
34423,,exception
34424,,exception
34425,,exception
34426,,exception
34427,,exception
34428,,exception
34429,,exception
34430,,exception
34431,,exception
34432,,exception
34433,,exception
34434,,exception
34435,,exception
34436,,exception
34437,,exception
34438,,exception
34439,,exception
34440,,exception
34441,,exception
34442,,exception
34443,,exception
34444,,exception
34445,,exception
34446,,exception
34447,,exception
34448,,exception
34449,,exception
34450,,exception
34451,,exception
34452,,exception
34453,,exception
34454,,exception
34455,,exception
34456,,exception
34457,,exception
34458,,exception
34459,,exception
34460,,exception
34461,,exception
34462,,exception
34463,,exception
34464,,exception
34465,,exception
34466,,exception
34467,,exception
34468,,exception
34469,,exception
34470,,exception
34471,,exception
34472,,exception
34473,,exception
34474,,exception
34475,,exception
34476,,exception
34477,,exception
34478,,exception
34479,,exception
34480,,exception
34481,,exception
34482,,exception
34483,,exception
34484,,exception
34485,,exception
34486,,exception
34487,,exception
34488,,exception
34489,,exception
34490,,exception
34491,,exception
34492,,exception
34493,,exception
34494,,exception
34495,,exception
34496,,exception
34497,,exception
34498,,exception
34499,,exception
34500,,exception
34501,,exception
34502,,exception
34503,,exception
34504,,exception
34505,,exception
34506,,exception
34507,,exception
34508,,exception
34509,,exception
34510,,exception
34511,,exception
34512,,exception
34513,,exception
34514,,exception
34515,,exception
34516,,exception
34517,,exception
34518,,exception
34519,,exception
34520,,exception
34521,,exception
34522,,exception
34523,,exception
34524,,exception
34525,,exception
34526,,exception
34527,,exception
34528,,exception
34529,,exception
34530,,exception
34531,,exception
34532,,exception
34533,,exception
34534,,exception
34535,,exception
34536,,exception
34537,,exception
34538,,exception
34539,,exception
34540,,exception
34541,,exception
34542,,exception
34543,,exception
34544,,exception
34545,,exception
34546,,exception
34547,,exception
34548,,exception
34549,,exception
34550,,exception
34551,,exception
34552,,exception
34553,,exception
34554,,exception
34555,,exception
34556,,exception
34557,,exception
34558,,exception
34559,,exception
34560,,exception
34561,,exception
34562,,exception
34563,,exception
34564,,exception
34565,,exception
34566,,exception
34567,,exception
34568,,exception
34569,,exception
34570,,exception
34571,,exception
34572,,exception
34573,,exception
34574,,exception
34575,,exception
34576,,exception
34577,,exception
34578,,exception
34579,,exception
34580,,exception
34581,,exception
34582,,exception
34583,,exception
34584,,exception
34585,,exception
34586,,exception
34587,,exception
34588,,exception
34589,,exception
34590,,exception
34591,,exception
34592,,exception
34593,,exception
34594,,exception
34595,,exception
34596,,exception
34597,,exception
34598,,exception
34599,,exception
34600,,exception
34601,,exception
34602,,exception
34603,,exception
34604,,exception
34605,,exception
34606,,exception
34607,,exception
34608,,exception
34609,,exception
34610,,exception
34611,,exception
34612,,exception
34613,,exception
34614,,exception
34615,,exception
34616,,exception
34617,,exception
34618,,exception
34619,,exception
34620,,exception
34621,,exception
34622,,exception
34623,,exception
34624,,exception
34625,,exception
34626,,exception
34627,,exception
34628,,exception
34629,,exception
34630,,exception
34631,,exception
34632,,exception
34633,,exception
34634,,exception
34635,,exception
34636,,exception
34637,,exception
34638,,exception
34639,,exception
34640,,exception
34641,,exception
34642,,exception
34643,,exception
34644,,exception
34645,,exception
34646,,exception
34647,,exception
34648,,exception
34649,,exception
34650,,exception
34651,,exception
34652,,exception
34653,,exception
34654,,exception
34655,,exception
34656,,exception
34657,,exception
34658,,exception
34659,,exception
34660,,exception
34661,,exception
34662,,exception
34663,,exception
34664,,exception
34665,,exception
34666,,exception
34667,,exception
34668,,exception
34669,,exception
34670,,exception
34671,,exception
34672,,exception
34673,,exception
34674,,exception
34675,,exception
34676,,exception
34677,,exception
34678,,exception
34679,,exception
34680,,exception
34681,,exception
34682,,exception
34683,,exception
34684,,exception
34685,,exception
34686,,exception
34687,,exception
34688,,exception
34689,,exception
34690,,exception
34691,,exception
34692,,exception
34693,,exception
34694,,exception
34695,,exception
34696,,exception
34697,,exception
34698,,exception
34699,,exception
34700,,exception
34701,,exception
34702,,exception
34703,,exception
34704,,exception
34705,,exception
34706,,exception
34707,,exception
34708,,exception
34709,,exception
34710,,exception
34711,,exception
34712,,exception
34713,,exception
34714,,exception
34715,,exception
34716,,exception
34717,,exception
34718,,exception
34719,,exception
34720,,exception
34721,,exception
34722,,exception
34723,,exception
34724,,exception
34725,,exception
34726,,exception
34727,,exception
34728,,exception
34729,,exception
34730,,exception
34731,,exception
34732,,exception
34733,,exception
34734,,exception
34735,,exception
34736,,exception
34737,,exception
34738,,exception
34739,,exception
34740,,exception
34741,,exception
34742,,exception
34743,,exception
34744,,exception
34745,,exception
34746,,exception
34747,,exception
34748,,exception
34749,,exception
34750,,exception
34751,,exception
34752,,exception
34753,,exception
34754,,exception
34755,,exception
34756,,exception
34757,,exception
34758,,exception
34759,,exception
34760,,exception
34761,,exception
34762,,exception
34763,,exception
34764,,exception
34765,,exception
34766,,exception
34767,,exception
34768,,exception
34769,,exception
34770,,exception
34771,,exception
34772,,exception
34773,,exception
34774,,exception
34775,,exception
34776,,exception
34777,,exception
34778,,exception
34779,,exception
34780,,exception
34781,,exception
34782,,exception
34783,,exception
34784,,exception
34785,,exception
34786,,exception
34787,,exception
34788,,exception
34789,,exception
34790,,exception
34791,,exception
34792,,exception
34793,,exception
34794,,exception
34795,,exception
34796,,exception
34797,,exception
34798,,exception
34799,,exception
34800,,exception
34801,,exception
34802,,exception
34803,,exception
34804,,exception
34805,,exception
34806,,exception
34807,,exception
34808,,exception
34809,,exception
34810,,exception
34811,,exception
34812,,exception
34813,,exception
34814,,exception
34815,,exception
34816,,exception
34817,,exception
34818,,exception
34819,,exception
34820,,exception
34821,,exception
34822,,exception
34823,,exception
34824,,exception
34825,,exception
34826,,exception
34827,,exception
34828,,exception
34829,,exception
34830,,exception
34831,,exception
34832,,exception
34833,,exception
34834,,exception
34835,,exception
34836,,exception
34837,,exception
34838,,exception
34839,,exception
34840,,exception
34841,,exception
34842,,exception
34843,,exception
34844,,exception
34845,,exception
34846,,exception
34847,,exception
34848,,exception
34849,,exception
34850,,exception
34851,,exception
34852,,exception
34853,,exception
34854,,exception
34855,,exception
34856,,exception
34857,,exception
34858,,exception
34859,,exception
34860,,exception
34861,,exception
34862,,exception
34863,,exception
34864,,exception
34865,,exception
34866,,exception
34867,,exception
34868,,exception
34869,,exception
34870,,exception
34871,,exception
34872,,exception
34873,,exception
34874,,exception
34875,,exception
34876,,exception
34877,,exception
34878,,exception
34879,,exception
34880,,exception
34881,,exception
34882,,exception
34883,,exception
34884,,exception
34885,,exception
34886,,exception
34887,,exception
34888,,exception
34889,,exception
34890,,exception
34891,,exception
34892,,exception
34893,,exception
34894,,exception
34895,,exception
34896,,exception
34897,,exception
34898,,exception
34899,,exception
34900,,exception
34901,,exception
34902,,exception
34903,,exception
34904,,exception
34905,,exception
34906,,exception
34907,,exception
34908,,exception
34909,,exception
34910,,exception
34911,,exception
34912,,exception
34913,,exception
34914,,exception
34915,,exception
34916,,exception
34917,,exception
34918,,exception
34919,,exception
34920,,exception
34921,,exception
34922,,exception
34923,,exception
34924,,exception
34925,,exception
34926,,exception
34927,,exception
34928,,exception
34929,,exception
34930,,exception
34931,,exception
34932,,exception
34933,,exception
34934,,exception
34935,,exception
34936,,exception
34937,,exception
34938,,exception
34939,,exception
34940,,exception
34941,,exception
34942,,exception
34943,,exception
34944,,exception
34945,,exception
34946,,exception
34947,,exception
34948,,exception
34949,,exception
34950,,exception
34951,,exception
34952,,exception
34953,,exception
34954,,exception
34955,,exception
34956,,exception
34957,,exception
34958,,exception
34959,,exception
34960,,exception
34961,,exception
34962,,exception
34963,,exception
34964,,exception
34965,,exception
34966,,exception
34967,,exception
34968,,exception
34969,,exception
34970,,exception
34971,,exception
34972,,exception
34973,,exception
34974,,exception
34975,,exception
34976,,exception
34977,,exception
34978,,exception
34979,,exception
34980,,exception
34981,,exception
34982,,exception
34983,,exception
34984,,exception
34985,,exception
34986,,exception
34987,,exception
34988,,exception
34989,,exception
34990,,exception
34991,,exception
34992,,exception
34993,,exception
34994,,exception
34995,,exception
34996,,exception
34997,,exception
34998,,exception
34999,,exception
35000,,exception
35001,,exception
35002,,exception
35003,,exception
35004,,exception
35005,,exception
35006,,exception
35007,,exception
35008,,exception
35009,,exception
35010,,exception
35011,,exception
35012,,exception
35013,,exception
35014,,exception
35015,,exception
35016,,exception
35017,,exception
35018,,exception
35019,,exception
35020,,exception
35021,,exception
35022,,exception
35023,,exception
35024,,exception
35025,,exception
35026,,exception
35027,,exception
35028,,exception
35029,,exception
35030,,exception
35031,,exception
35032,,exception
35033,,exception
35034,,exception
35035,,exception
35036,,exception
35037,,exception
35038,,exception
35039,,exception
35040,,exception
35041,,exception
35042,,exception
35043,,exception
35044,,exception
35045,,exception
35046,,exception
35047,,exception
35048,,exception
35049,,exception
35050,,exception
35051,,exception
35052,,exception
35053,,exception
35054,,exception
35055,,exception
35056,,exception
35057,,exception
35058,,exception
35059,,exception
35060,,exception
35061,,exception
35062,,exception
35063,,exception
35064,,exception
35065,,exception
35066,,exception
35067,,exception
35068,,exception
35069,,exception
35070,,exception
35071,,exception
35072,,exception
35073,,exception
35074,,exception
35075,,exception
35076,,exception
35077,,exception
35078,,exception
35079,,exception
35080,,exception
35081,,exception
35082,,exception
35083,,exception
35084,,exception
35085,,exception
35086,,exception
35087,,exception
35088,,exception
35089,,exception
35090,,exception
35091,,exception
35092,,exception
35093,,exception
35094,,exception
35095,,exception
35096,,exception
35097,,exception
35098,,exception
35099,,exception
35100,,exception
35101,,exception
35102,,exception
35103,,exception
35104,,exception
35105,,exception
35106,,exception
35107,,exception
35108,,exception
35109,,exception
35110,,exception
35111,,exception
35112,,exception
35113,,exception
35114,,exception
35115,,exception
35116,,exception
35117,,exception
35118,,exception
35119,,exception
35120,,exception
35121,,exception
35122,,exception
35123,,exception
35124,,exception
35125,,exception
35126,,exception
35127,,exception
35128,,exception
35129,,exception
35130,,exception
35131,,exception
35132,,exception
35133,,exception
35134,,exception
35135,,exception
35136,,exception
35137,,exception
35138,,exception
35139,,exception
35140,,exception
35141,,exception
35142,,exception
35143,,exception
35144,,exception
35145,,exception
35146,,exception
35147,,exception
35148,,exception
35149,,exception
35150,,exception
35151,,exception
35152,,exception
35153,,exception
35154,,exception
35155,,exception
35156,,exception
35157,,exception
35158,,exception
35159,,exception
35160,,exception
35161,,exception
35162,,exception
35163,,exception
35164,,exception
35165,,exception
35166,,exception
35167,,exception
35168,,exception
35169,,exception
35170,,exception
35171,,exception
35172,,exception
35173,,exception
35174,,exception
35175,,exception
35176,,exception
35177,,exception
35178,,exception
35179,,exception
35180,,exception
35181,,exception
35182,,exception
35183,,exception
35184,,exception
35185,,exception
35186,,exception
35187,,exception
35188,,exception
35189,,exception
35190,,exception
35191,,exception
35192,,exception
35193,,exception
35194,,exception
35195,,exception
35196,,exception
35197,,exception
35198,,exception
35199,,exception
35200,,exception
35201,,exception
35202,,exception
35203,,exception
35204,,exception
35205,,exception
35206,,exception
35207,,exception
35208,,exception
35209,,exception
35210,,exception
35211,,exception
35212,,exception
35213,,exception
35214,,exception
35215,,exception
35216,,exception
35217,,exception
35218,,exception
35219,,exception
35220,,exception
35221,,exception
35222,,exception
35223,,exception
35224,,exception
35225,,exception
35226,,exception
35227,,exception
35228,,exception
35229,,exception
35230,,exception
35231,,exception
35232,,exception
35233,,exception
35234,,exception
35235,,exception
35236,,exception
35237,,exception
35238,,exception
35239,,exception
35240,,exception
35241,,exception
35242,,exception
35243,,exception
35244,,exception
35245,,exception
35246,,exception
35247,,exception
35248,,exception
35249,,exception
35250,,exception
35251,,exception
35252,,exception
35253,,exception
35254,,exception
35255,,exception
35256,,exception
35257,,exception
35258,,exception
35259,,exception
35260,,exception
35261,,exception
35262,,exception
35263,,exception
35264,,exception
35265,,exception
35266,,exception
35267,,exception
35268,,exception
35269,,exception
35270,,exception
35271,,exception
35272,,exception
35273,,exception
35274,,exception
35275,,exception
35276,,exception
35277,,exception
35278,,exception
35279,,exception
35280,,exception
35281,,exception
35282,,exception
35283,,exception
35284,,exception
35285,,exception
35286,,exception
35287,,exception
35288,,exception
35289,,exception
35290,,exception
35291,,exception
35292,,exception
35293,,exception
35294,,exception
35295,,exception
35296,,exception
35297,,exception
35298,,exception
35299,,exception
35300,,exception
35301,,exception
35302,,exception
35303,,exception
35304,,exception
35305,,exception
35306,,exception
35307,,exception
35308,,exception
35309,,exception
35310,,exception
35311,,exception
35312,,exception
35313,,exception
35314,,exception
35315,,exception
35316,,exception
35317,,exception
35318,,exception
35319,,exception
35320,,exception
35321,,exception
35322,,exception
35323,,exception
35324,,exception
35325,,exception
35326,,exception
35327,,exception
35328,,exception
35329,,exception
35330,,exception
35331,,exception
35332,,exception
35333,,exception
35334,,exception
35335,,exception
35336,,exception
35337,,exception
35338,,exception
35339,,exception
35340,,exception
35341,,exception
35342,,exception
35343,,exception
35344,,exception
35345,,exception
35346,,exception
35347,,exception
35348,,exception
35349,,exception
35350,,exception
35351,,exception
35352,,exception
35353,,exception
35354,,exception
35355,,exception
35356,,exception
35357,,exception
35358,,exception
35359,,exception
35360,,exception
35361,,exception
35362,,exception
35363,,exception
35364,,exception
35365,,exception
35366,,exception
35367,,exception
35368,,exception
35369,,exception
35370,,exception
35371,,exception
35372,,exception
35373,,exception
35374,,exception
35375,,exception
35376,,exception
35377,,exception
35378,,exception
35379,,exception
35380,,exception
35381,,exception
35382,,exception
35383,,exception
35384,,exception
35385,,exception
35386,,exception
35387,,exception
35388,,exception
35389,,exception
35390,,exception
35391,,exception
35392,,exception
35393,,exception
35394,,exception
35395,,exception
35396,,exception
35397,,exception
35398,,exception
35399,,exception
35400,,exception
35401,,exception
35402,,exception
35403,,exception
35404,,exception
35405,,exception
35406,,exception
35407,,exception
35408,,exception
35409,,exception
35410,,exception
35411,,exception
35412,,exception
35413,,exception
35414,,exception
35415,,exception
35416,,exception
35417,,exception
35418,,exception
35419,,exception
35420,,exception
35421,,exception
35422,,exception
35423,,exception
35424,,exception
35425,,exception
35426,,exception
35427,,exception
35428,,exception
35429,,exception
35430,,exception
35431,,exception
35432,,exception
35433,,exception
35434,,exception
35435,,exception
35436,,exception
35437,,exception
35438,,exception
35439,,exception
35440,,exception
35441,,exception
35442,,exception
35443,,exception
35444,,exception
35445,,exception
35446,,exception
35447,,exception
35448,,exception
35449,,exception
35450,,exception
35451,,exception
35452,,exception
35453,,exception
35454,,exception
35455,,exception
35456,,exception
35457,,exception
35458,,exception
35459,,exception
35460,,exception
35461,,exception
35462,,exception
35463,,exception
35464,,exception
35465,,exception
35466,,exception
35467,,exception
35468,,exception
35469,,exception
35470,,exception
35471,,exception
35472,,exception
35473,,exception
35474,,exception
35475,,exception
35476,,exception
35477,,exception
35478,,exception
35479,,exception
35480,,exception
35481,,exception
35482,,exception
35483,,exception
35484,,exception
35485,,exception
35486,,exception
35487,,exception
35488,,exception
35489,,exception
35490,,exception
35491,,exception
35492,,exception
35493,,exception
35494,,exception
35495,,exception
35496,,exception
35497,,exception
35498,,exception
35499,,exception
35500,,exception
35501,,exception
35502,,exception
35503,,exception
35504,,exception
35505,,exception
35506,,exception
35507,,exception
35508,,exception
35509,,exception
35510,,exception
35511,,exception
35512,,exception
35513,,exception
35514,,exception
35515,,exception
35516,,exception
35517,,exception
35518,,exception
35519,,exception
35520,,exception
35521,,exception
35522,,exception
35523,,exception
35524,,exception
35525,,exception
35526,,exception
35527,,exception
35528,,exception
35529,,exception
35530,,exception
35531,,exception
35532,,exception
35533,,exception
35534,,exception
35535,,exception
35536,,exception
35537,,exception
35538,,exception
35539,,exception
35540,,exception
35541,,exception
35542,,exception
35543,,exception
35544,,exception
35545,,exception
35546,,exception
35547,,exception
35548,,exception
35549,,exception
35550,,exception
35551,,exception
35552,,exception
35553,,exception
35554,,exception
35555,,exception
35556,,exception
35557,,exception
35558,,exception
35559,,exception
35560,,exception
35561,,exception
35562,,exception
35563,,exception
35564,,exception
35565,,exception
35566,,exception
35567,,exception
35568,,exception
35569,,exception
35570,,exception
35571,,exception
35572,,exception
35573,,exception
35574,,exception
35575,,exception
35576,,exception
35577,,exception
35578,,exception
35579,,exception
35580,,exception
35581,,exception
35582,,exception
35583,,exception
35584,,exception
35585,,exception
35586,,exception
35587,,exception
35588,,exception
35589,,exception
35590,,exception
35591,,exception
35592,,exception
35593,,exception
35594,,exception
35595,,exception
35596,,exception
35597,,exception
35598,,exception
35599,,exception
35600,,exception
35601,,exception
35602,,exception
35603,,exception
35604,,exception
35605,,exception
35606,,exception
35607,,exception
35608,,exception
35609,,exception
35610,,exception
35611,,exception
35612,,exception
35613,,exception
35614,,exception
35615,,exception
35616,,exception
35617,,exception
35618,,exception
35619,,exception
35620,,exception
35621,,exception
35622,,exception
35623,,exception
35624,,exception
35625,,exception
35626,,exception
35627,,exception
35628,,exception
35629,,exception
35630,,exception
35631,,exception
35632,,exception
35633,,exception
35634,,exception
35635,,exception
35636,,exception
35637,,exception
35638,,exception
35639,,exception
35640,,exception
35641,,exception
35642,,exception
35643,,exception
35644,,exception
35645,,exception
35646,,exception
35647,,exception
35648,,exception
35649,,exception
35650,,exception
35651,,exception
35652,,exception
35653,,exception
35654,,exception
35655,,exception
35656,,exception
35657,,exception
35658,,exception
35659,,exception
35660,,exception
35661,,exception
35662,,exception
35663,,exception
35664,,exception
35665,,exception
35666,,exception
35667,,exception
35668,,exception
35669,,exception
35670,,exception
35671,,exception
35672,,exception
35673,,exception
35674,,exception
35675,,exception
35676,,exception
35677,,exception
35678,,exception
35679,,exception
35680,,exception
35681,,exception
35682,,exception
35683,,exception
35684,,exception
35685,,exception
35686,,exception
35687,,exception
35688,,exception
35689,,exception
35690,,exception
35691,,exception
35692,,exception
35693,,exception
35694,,exception
35695,,exception
35696,,exception
35697,,exception
35698,,exception
35699,,exception
35700,,exception
35701,,exception
35702,,exception
35703,,exception
35704,,exception
35705,,exception
35706,,exception
35707,,exception
35708,,exception
35709,,exception
35710,,exception
35711,,exception
35712,,exception
35713,,exception
35714,,exception
35715,,exception
35716,,exception
35717,,exception
35718,,exception
35719,,exception
35720,,exception
35721,,exception
35722,,exception
35723,,exception
35724,,exception
35725,,exception
35726,,exception
35727,,exception
35728,,exception
35729,,exception
35730,,exception
35731,,exception
35732,,exception
35733,,exception
35734,,exception
35735,,exception
35736,,exception
35737,,exception
35738,,exception
35739,,exception
35740,,exception
35741,,exception
35742,,exception
35743,,exception
35744,,exception
35745,,exception
35746,,exception
35747,,exception
35748,,exception
35749,,exception
35750,,exception
35751,,exception
35752,,exception
35753,,exception
35754,,exception
35755,,exception
35756,,exception
35757,,exception
35758,,exception
35759,,exception
35760,,exception
35761,,exception
35762,,exception
35763,,exception
35764,,exception
35765,,exception
35766,,exception
35767,,exception
35768,,exception
35769,,exception
35770,,exception
35771,,exception
35772,,exception
35773,,exception
35774,,exception
35775,,exception
35776,,exception
35777,,exception
35778,,exception
35779,,exception
35780,,exception
35781,,exception
35782,,exception
35783,,exception
35784,,exception
35785,,exception
35786,,exception
35787,,exception
35788,,exception
35789,,exception
35790,,exception
35791,,exception
35792,,exception
35793,,exception
35794,,exception
35795,,exception
35796,,exception
35797,,exception
35798,,exception
35799,,exception
35800,,exception
35801,,exception
35802,,exception
35803,,exception
35804,,exception
35805,,exception
35806,,exception
35807,,exception
35808,,exception
35809,,exception
35810,,exception
35811,,exception
35812,,exception
35813,,exception
35814,,exception
35815,,exception
35816,,exception
35817,,exception
35818,,exception
35819,,exception
35820,,exception
35821,,exception
35822,,exception
35823,,exception
35824,,exception
35825,,exception
35826,,exception
35827,,exception
35828,,exception
35829,,exception
35830,,exception
35831,,exception
35832,,exception
35833,,exception
35834,,exception
35835,,exception
35836,,exception
35837,,exception
35838,,exception
35839,,exception
35840,,exception
35841,,exception
35842,,exception
35843,,exception
35844,,exception
35845,,exception
35846,,exception
35847,,exception
35848,,exception
35849,,exception
35850,,exception
35851,,exception
35852,,exception
35853,,exception
35854,,exception
35855,,exception
35856,,exception
35857,,exception
35858,,exception
35859,,exception
35860,,exception
35861,,exception
35862,,exception
35863,,exception
35864,,exception
35865,,exception
35866,,exception
35867,,exception
35868,,exception
35869,,exception
35870,,exception
35871,,exception
35872,,exception
35873,,exception
35874,,exception
35875,,exception
35876,,exception
35877,,exception
35878,,exception
35879,,exception
35880,,exception
35881,,exception
35882,,exception
35883,,exception
35884,,exception
35885,,exception
35886,,exception
35887,,exception
35888,,exception
35889,,exception
35890,,exception
35891,,exception
35892,,exception
35893,,exception
35894,,exception
35895,,exception
35896,,exception
35897,,exception
35898,,exception
35899,,exception
35900,,exception
35901,,exception
35902,,exception
35903,,exception
35904,,exception
35905,,exception
35906,,exception
35907,,exception
35908,,exception
35909,,exception
35910,,exception
35911,,exception
35912,,exception
35913,,exception
35914,,exception
35915,,exception
35916,,exception
35917,,exception
35918,,exception
35919,,exception
35920,,exception
35921,,exception
35922,,exception
35923,,exception
35924,,exception
35925,,exception
35926,,exception
35927,,exception
35928,,exception
35929,,exception
35930,,exception
35931,,exception
35932,,exception
35933,,exception
35934,,exception
35935,,exception
35936,,exception
35937,,exception
35938,,exception
35939,,exception
35940,,exception
35941,,exception
35942,,exception
35943,,exception
35944,,exception
35945,,exception
35946,,exception
35947,,exception
35948,,exception
35949,,exception
35950,,exception
35951,,exception
35952,,exception
35953,,exception
35954,,exception
35955,,exception
35956,,exception
35957,,exception
35958,,exception
35959,,exception
35960,,exception
35961,,exception
35962,,exception
35963,,exception
35964,,exception
35965,,exception
35966,,exception
35967,,exception
35968,,exception
35969,,exception
35970,,exception
35971,,exception
35972,,exception
35973,,exception
35974,,exception
35975,,exception
35976,,exception
35977,,exception
35978,,exception
35979,,exception
35980,,exception
35981,,exception
35982,,exception
35983,,exception
35984,,exception
35985,,exception
35986,,exception
35987,,exception
35988,,exception
35989,,exception
35990,,exception
35991,,exception
35992,,exception
35993,,exception
35994,,exception
35995,,exception
35996,,exception
35997,,exception
35998,,exception
35999,,exception
36000,,exception
36001,,exception
36002,,exception
36003,,exception
36004,,exception
36005,,exception
36006,,exception
36007,,exception
36008,,exception
36009,,exception
36010,,exception
36011,,exception
36012,,exception
36013,,exception
36014,,exception
36015,,exception
36016,,exception
36017,,exception
36018,,exception
36019,,exception
36020,,exception
36021,,exception
36022,,exception
36023,,exception
36024,,exception
36025,,exception
36026,,exception
36027,,exception
36028,,exception
36029,,exception
36030,,exception
36031,,exception
36032,,exception
36033,,exception
36034,,exception
36035,,exception
36036,,exception
36037,,exception
36038,,exception
36039,,exception
36040,,exception
36041,,exception
36042,,exception
36043,,exception
36044,,exception
36045,,exception
36046,,exception
36047,,exception
36048,,exception
36049,,exception
36050,,exception
36051,,exception
36052,,exception
36053,,exception
36054,,exception
36055,,exception
36056,,exception
36057,,exception
36058,,exception
36059,,exception
36060,,exception
36061,,exception
36062,,exception
36063,,exception
36064,,exception
36065,,exception
36066,,exception
36067,,exception
36068,,exception
36069,,exception
36070,,exception
36071,,exception
36072,,exception
36073,,exception
36074,,exception
36075,,exception
36076,,exception
36077,,exception
36078,,exception
36079,,exception
36080,,exception
36081,,exception
36082,,exception
36083,,exception
36084,,exception
36085,,exception
36086,,exception
36087,,exception
36088,,exception
36089,,exception
36090,,exception
36091,,exception
36092,,exception
36093,,exception
36094,,exception
36095,,exception
36096,,exception
36097,,exception
36098,,exception
36099,,exception
36100,,exception
36101,,exception
36102,,exception
36103,,exception
36104,,exception
36105,,exception
36106,,exception
36107,,exception
36108,,exception
36109,,exception
36110,,exception
36111,,exception
36112,,exception
36113,,exception
36114,,exception
36115,,exception
36116,,exception
36117,,exception
36118,,exception
36119,,exception
36120,,exception
36121,,exception
36122,,exception
36123,,exception
36124,,exception
36125,,exception
36126,,exception
36127,,exception
36128,,exception
36129,,exception
36130,,exception
36131,,exception
36132,,exception
36133,,exception
36134,,exception
36135,,exception
36136,,exception
36137,,exception
36138,,exception
36139,,exception
36140,,exception
36141,,exception
36142,,exception
36143,,exception
36144,,exception
36145,,exception
36146,,exception
36147,,exception
36148,,exception
36149,,exception
36150,,exception
36151,,exception
36152,,exception
36153,,exception
36154,,exception
36155,,exception
36156,,exception
36157,,exception
36158,,exception
36159,,exception
36160,,exception
36161,,exception
36162,,exception
36163,,exception
36164,,exception
36165,,exception
36166,,exception
36167,,exception
36168,,exception
36169,,exception
36170,,exception
36171,,exception
36172,,exception
36173,,exception
36174,,exception
36175,,exception
36176,,exception
36177,,exception
36178,,exception
36179,,exception
36180,,exception
36181,,exception
36182,,exception
36183,,exception
36184,,exception
36185,,exception
36186,,exception
36187,,exception
36188,,exception
36189,,exception
36190,,exception
36191,,exception
36192,,exception
36193,,exception
36194,,exception
36195,,exception
36196,,exception
36197,,exception
36198,,exception
36199,,exception
36200,,exception
36201,,exception
36202,,exception
36203,,exception
36204,,exception
36205,,exception
36206,,exception
36207,,exception
36208,,exception
36209,,exception
36210,,exception
36211,,exception
36212,,exception
36213,,exception
36214,,exception
36215,,exception
36216,,exception
36217,,exception
36218,,exception
36219,,exception
36220,,exception
36221,,exception
36222,,exception
36223,,exception
36224,,exception
36225,,exception
36226,,exception
36227,,exception
36228,,exception
36229,,exception
36230,,exception
36231,,exception
36232,,exception
36233,,exception
36234,,exception
36235,,exception
36236,,exception
36237,,exception
36238,,exception
36239,,exception
36240,,exception
36241,,exception
36242,,exception
36243,,exception
36244,,exception
36245,,exception
36246,,exception
36247,,exception
36248,,exception
36249,,exception
36250,,exception
36251,,exception
36252,,exception
36253,,exception
36254,,exception
36255,,exception
36256,,exception
36257,,exception
36258,,exception
36259,,exception
36260,,exception
36261,,exception
36262,,exception
36263,,exception
36264,,exception
36265,,exception
36266,,exception
36267,,exception
36268,,exception
36269,,exception
36270,,exception
36271,,exception
36272,,exception
36273,,exception
36274,,exception
36275,,exception
36276,,exception
36277,,exception
36278,,exception
36279,,exception
36280,,exception
36281,,exception
36282,,exception
36283,,exception
36284,,exception
36285,,exception
36286,,exception
36287,,exception
36288,,exception
36289,,exception
36290,,exception
36291,,exception
36292,,exception
36293,,exception
36294,,exception
36295,,exception
36296,,exception
36297,,exception
36298,,exception
36299,,exception
36300,,exception
36301,,exception
36302,,exception
36303,,exception
36304,,exception
36305,,exception
36306,,exception
36307,,exception
36308,,exception
36309,,exception
36310,,exception
36311,,exception
36312,,exception
36313,,exception
36314,,exception
36315,,exception
36316,,exception
36317,,exception
36318,,exception
36319,,exception
36320,,exception
36321,,exception
36322,,exception
36323,,exception
36324,,exception
36325,,exception
36326,,exception
36327,,exception
36328,,exception
36329,,exception
36330,,exception
36331,,exception
36332,,exception
36333,,exception
36334,,exception
36335,,exception
36336,,exception
36337,,exception
36338,,exception
36339,,exception
36340,,exception
36341,,exception
36342,,exception
36343,,exception
36344,,exception
36345,,exception
36346,,exception
36347,,exception
36348,,exception
36349,,exception
36350,,exception
36351,,exception
36352,,exception
36353,,exception
36354,,exception
36355,,exception
36356,,exception
36357,,exception
36358,,exception
36359,,exception
36360,,exception
36361,,exception
36362,,exception
36363,,exception
36364,,exception
36365,,exception
36366,,exception
36367,,exception
36368,,exception
36369,,exception
36370,,exception
36371,,exception
36372,,exception
36373,,exception
36374,,exception
36375,,exception
36376,,exception
36377,,exception
36378,,exception
36379,,exception
36380,,exception
36381,,exception
36382,,exception
36383,,exception
36384,,exception
36385,,exception
36386,,exception
36387,,exception
36388,,exception
36389,,exception
36390,,exception
36391,,exception
36392,,exception
36393,,exception
36394,,exception
36395,,exception
36396,,exception
36397,,exception
36398,,exception
36399,,exception
36400,,exception
36401,,exception
36402,,exception
36403,,exception
36404,,exception
36405,,exception
36406,,exception
36407,,exception
36408,,exception
36409,,exception
36410,,exception
36411,,exception
36412,,exception
36413,,exception
36414,,exception
36415,,exception
36416,,exception
36417,,exception
36418,,exception
36419,,exception
36420,,exception
36421,,exception
36422,,exception
36423,,exception
36424,,exception
36425,,exception
36426,,exception
36427,,exception
36428,,exception
36429,,exception
36430,,exception
36431,,exception
36432,,exception
36433,,exception
36434,,exception
36435,,exception
36436,,exception
36437,,exception
36438,,exception
36439,,exception
36440,,exception
36441,,exception
36442,,exception
36443,,exception
36444,,exception
36445,,exception
36446,,exception
36447,,exception
36448,,exception
36449,,exception
36450,,exception
36451,,exception
36452,,exception
36453,,exception
36454,,exception
36455,,exception
36456,,exception
36457,,exception
36458,,exception
36459,,exception
36460,,exception
36461,,exception
36462,,exception
36463,,exception
36464,,exception
36465,,exception
36466,,exception
36467,,exception
36468,,exception
36469,,exception
36470,,exception
36471,,exception
36472,,exception
36473,,exception
36474,,exception
36475,,exception
36476,,exception
36477,,exception
36478,,exception
36479,,exception
36480,,exception
36481,,exception
36482,,exception
36483,,exception
36484,,exception
36485,,exception
36486,,exception
36487,,exception
36488,,exception
36489,,exception
36490,,exception
36491,,exception
36492,,exception
36493,,exception
36494,,exception
36495,,exception
36496,,exception
36497,,exception
36498,,exception
36499,,exception
36500,,exception
36501,,exception
36502,,exception
36503,,exception
36504,,exception
36505,,exception
36506,,exception
36507,,exception
36508,,exception
36509,,exception
36510,,exception
36511,,exception
36512,,exception
36513,,exception
36514,,exception
36515,,exception
36516,,exception
36517,,exception
36518,,exception
36519,,exception
36520,,exception
36521,,exception
36522,,exception
36523,,exception
36524,,exception
36525,,exception
36526,,exception
36527,,exception
36528,,exception
36529,,exception
36530,,exception
36531,,exception
36532,,exception
36533,,exception
36534,,exception
36535,,exception
36536,,exception
36537,,exception
36538,,exception
36539,,exception
36540,,exception
36541,,exception
36542,,exception
36543,,exception
36544,,exception
36545,,exception
36546,,exception
36547,,exception
36548,,exception
36549,,exception
36550,,exception
36551,,exception
36552,,exception
36553,,exception
36554,,exception
36555,,exception
36556,,exception
36557,,exception
36558,,exception
36559,,exception
36560,,exception
36561,,exception
36562,,exception
36563,,exception
36564,,exception
36565,,exception
36566,,exception
36567,,exception
36568,,exception
36569,,exception
36570,,exception
36571,,exception
36572,,exception
36573,,exception
36574,,exception
36575,,exception
36576,,exception
36577,,exception
36578,,exception
36579,,exception
36580,,exception
36581,,exception
36582,,exception
36583,,exception
36584,,exception
36585,,exception
36586,,exception
36587,,exception
36588,,exception
36589,,exception
36590,,exception
36591,,exception
36592,,exception
36593,,exception
36594,,exception
36595,,exception
36596,,exception
36597,,exception
36598,,exception
36599,,exception
36600,,exception
36601,,exception
36602,,exception
36603,,exception
36604,,exception
36605,,exception
36606,,exception
36607,,exception
36608,,exception
36609,,exception
36610,,exception
36611,,exception
36612,,exception
36613,,exception
36614,,exception
36615,,exception
36616,,exception
36617,,exception
36618,,exception
36619,,exception
36620,,exception
36621,,exception
36622,,exception
36623,,exception
36624,,exception
36625,,exception
36626,,exception
36627,,exception
36628,,exception
36629,,exception
36630,,exception
36631,,exception
36632,,exception
36633,,exception
36634,,exception
36635,,exception
36636,,exception
36637,,exception
36638,,exception
36639,,exception
36640,,exception
36641,,exception
36642,,exception
36643,,exception
36644,,exception
36645,,exception
36646,,exception
36647,,exception
36648,,exception
36649,,exception
36650,,exception
36651,,exception
36652,,exception
36653,,exception
36654,,exception
36655,,exception
36656,,exception
36657,,exception
36658,,exception
36659,,exception
36660,,exception
36661,,exception
36662,,exception
36663,,exception
36664,,exception
36665,,exception
36666,,exception
36667,,exception
36668,,exception
36669,,exception
36670,,exception
36671,,exception
36672,,exception
36673,,exception
36674,,exception
36675,,exception
36676,,exception
36677,,exception
36678,,exception
36679,,exception
36680,,exception
36681,,exception
36682,,exception
36683,,exception
36684,,exception
36685,,exception
36686,,exception
36687,,exception
36688,,exception
36689,,exception
36690,,exception
36691,,exception
36692,,exception
36693,,exception
36694,,exception
36695,,exception
36696,,exception
36697,,exception
36698,,exception
36699,,exception
36700,,exception
36701,,exception
36702,,exception
36703,,exception
36704,,exception
36705,,exception
36706,,exception
36707,,exception
36708,,exception
36709,,exception
36710,,exception
36711,,exception
36712,,exception
36713,,exception
36714,,exception
36715,,exception
36716,,exception
36717,,exception
36718,,exception
36719,,exception
36720,,exception
36721,,exception
36722,,exception
36723,,exception
36724,,exception
36725,,exception
36726,,exception
36727,,exception
36728,,exception
36729,,exception
36730,,exception
36731,,exception
36732,,exception
36733,,exception
36734,,exception
36735,,exception
36736,,exception
36737,,exception
36738,,exception
36739,,exception
36740,,exception
36741,,exception
36742,,exception
36743,,exception
36744,,exception
36745,,exception
36746,,exception
36747,,exception
36748,,exception
36749,,exception
36750,,exception
36751,,exception
36752,,exception
36753,,exception
36754,,exception
36755,,exception
36756,,exception
36757,,exception
36758,,exception
36759,,exception
36760,,exception
36761,,exception
36762,,exception
36763,,exception
36764,,exception
36765,,exception
36766,,exception
36767,,exception
36768,,exception
36769,,exception
36770,,exception
36771,,exception
36772,,exception
36773,,exception
36774,,exception
36775,,exception
36776,,exception
36777,,exception
36778,,exception
36779,,exception
36780,,exception
36781,,exception
36782,,exception
36783,,exception
36784,,exception
36785,,exception
36786,,exception
36787,,exception
36788,,exception
36789,,exception
36790,,exception
36791,,exception
36792,,exception
36793,,exception
36794,,exception
36795,,exception
36796,,exception
36797,,exception
36798,,exception
36799,,exception
36800,,exception
36801,,exception
36802,,exception
36803,,exception
36804,,exception
36805,,exception
36806,,exception
36807,,exception
36808,,exception
36809,,exception
36810,,exception
36811,,exception
36812,,exception
36813,,exception
36814,,exception
36815,,exception
36816,,exception
36817,,exception
36818,,exception
36819,,exception
36820,,exception
36821,,exception
36822,,exception
36823,,exception
36824,,exception
36825,,exception
36826,,exception
36827,,exception
36828,,exception
36829,,exception
36830,,exception
36831,,exception
36832,,exception
36833,,exception
36834,,exception
36835,,exception
36836,,exception
36837,,exception
36838,,exception
36839,,exception
36840,,exception
36841,,exception
36842,,exception
36843,,exception
36844,,exception
36845,,exception
36846,,exception
36847,,exception
36848,,exception
36849,,exception
36850,,exception
36851,,exception
36852,,exception
36853,,exception
36854,,exception
36855,,exception
36856,,exception
36857,,exception
36858,,exception
36859,,exception
36860,,exception
36861,,exception
36862,,exception
36863,,exception
36864,,exception
36865,,exception
36866,,exception
36867,,exception
36868,,exception
36869,,exception
36870,,exception
36871,,exception
36872,,exception
36873,,exception
36874,,exception
36875,,exception
36876,,exception
36877,,exception
36878,,exception
36879,,exception
36880,,exception
36881,,exception
36882,,exception
36883,,exception
36884,,exception
36885,,exception
36886,,exception
36887,,exception
36888,,exception
36889,,exception
36890,,exception
36891,,exception
36892,,exception
36893,,exception
36894,,exception
36895,,exception
36896,,exception
36897,,exception
36898,,exception
36899,,exception
36900,,exception
36901,,exception
36902,,exception
36903,,exception
36904,,exception
36905,,exception
36906,,exception
36907,,exception
36908,,exception
36909,,exception
36910,,exception
36911,,exception
36912,,exception
36913,,exception
36914,,exception
36915,,exception
36916,,exception
36917,,exception
36918,,exception
36919,,exception
36920,,exception
36921,,exception
36922,,exception
36923,,exception
36924,,exception
36925,,exception
36926,,exception
36927,,exception
36928,,exception
36929,,exception
36930,,exception
36931,,exception
36932,,exception
36933,,exception
36934,,exception
36935,,exception
36936,,exception
36937,,exception
36938,,exception
36939,,exception
36940,,exception
36941,,exception
36942,,exception
36943,,exception
36944,,exception
36945,,exception
36946,,exception
36947,,exception
36948,,exception
36949,,exception
36950,,exception
36951,,exception
36952,,exception
36953,,exception
36954,,exception
36955,,exception
36956,,exception
36957,,exception
36958,,exception
36959,,exception
36960,,exception
36961,,exception
36962,,exception
36963,,exception
36964,,exception
36965,,exception
36966,,exception
36967,,exception
36968,,exception
36969,,exception
36970,,exception
36971,,exception
36972,,exception
36973,,exception
36974,,exception
36975,,exception
36976,,exception
36977,,exception
36978,,exception
36979,,exception
36980,,exception
36981,,exception
36982,,exception
36983,,exception
36984,,exception
36985,,exception
36986,,exception
36987,,exception
36988,,exception
36989,,exception
36990,,exception
36991,,exception
36992,,exception
36993,,exception
36994,,exception
36995,,exception
36996,,exception
36997,,exception
36998,,exception
36999,,exception
37000,,exception
37001,,exception
37002,,exception
37003,,exception
37004,,exception
37005,,exception
37006,,exception
37007,,exception
37008,,exception
37009,,exception
37010,,exception
37011,,exception
37012,,exception
37013,,exception
37014,,exception
37015,,exception
37016,,exception
37017,,exception
37018,,exception
37019,,exception
37020,,exception
37021,,exception
37022,,exception
37023,,exception
37024,,exception
37025,,exception
37026,,exception
37027,,exception
37028,,exception
37029,,exception
37030,,exception
37031,,exception
37032,,exception
37033,,exception
37034,,exception
37035,,exception
37036,,exception
37037,,exception
37038,,exception
37039,,exception
37040,,exception
37041,,exception
37042,,exception
37043,,exception
37044,,exception
37045,,exception
37046,,exception
37047,,exception
37048,,exception
37049,,exception
37050,,exception
37051,,exception
37052,,exception
37053,,exception
37054,,exception
37055,,exception
37056,,exception
37057,,exception
37058,,exception
37059,,exception
37060,,exception
37061,,exception
37062,,exception
37063,,exception
37064,,exception
37065,,exception
37066,,exception
37067,,exception
37068,,exception
37069,,exception
37070,,exception
37071,,exception
37072,,exception
37073,,exception
37074,,exception
37075,,exception
37076,,exception
37077,,exception
37078,,exception
37079,,exception
37080,,exception
37081,,exception
37082,,exception
37083,,exception
37084,,exception
37085,,exception
37086,,exception
37087,,exception
37088,,exception
37089,,exception
37090,,exception
37091,,exception
37092,,exception
37093,,exception
37094,,exception
37095,,exception
37096,,exception
37097,,exception
37098,,exception
37099,,exception
37100,,exception
37101,,exception
37102,,exception
37103,,exception
37104,,exception
37105,,exception
37106,,exception
37107,,exception
37108,,exception
37109,,exception
37110,,exception
37111,,exception
37112,,exception
37113,,exception
37114,,exception
37115,,exception
37116,,exception
37117,,exception
37118,,exception
37119,,exception
37120,,exception
37121,,exception
37122,,exception
37123,,exception
37124,,exception
37125,,exception
37126,,exception
37127,,exception
37128,,exception
37129,,exception
37130,,exception
37131,,exception
37132,,exception
37133,,exception
37134,,exception
37135,,exception
37136,,exception
37137,,exception
37138,,exception
37139,,exception
37140,,exception
37141,,exception
37142,,exception
37143,,exception
37144,,exception
37145,,exception
37146,,exception
37147,,exception
37148,,exception
37149,,exception
37150,,exception
37151,,exception
37152,,exception
37153,,exception
37154,,exception
37155,,exception
37156,,exception
37157,,exception
37158,,exception
37159,,exception
37160,,exception
37161,,exception
37162,,exception
37163,,exception
37164,,exception
37165,,exception
37166,,exception
37167,,exception
37168,,exception
37169,,exception
37170,,exception
37171,,exception
37172,,exception
37173,,exception
37174,,exception
37175,,exception
37176,,exception
37177,,exception
37178,,exception
37179,,exception
37180,,exception
37181,,exception
37182,,exception
37183,,exception
37184,,exception
37185,,exception
37186,,exception
37187,,exception
37188,,exception
37189,,exception
37190,,exception
37191,,exception
37192,,exception
37193,,exception
37194,,exception
37195,,exception
37196,,exception
37197,,exception
37198,,exception
37199,,exception
37200,,exception
37201,,exception
37202,,exception
37203,,exception
37204,,exception
37205,,exception
37206,,exception
37207,,exception
37208,,exception
37209,,exception
37210,,exception
37211,,exception
37212,,exception
37213,,exception
37214,,exception
37215,,exception
37216,,exception
37217,,exception
37218,,exception
37219,,exception
37220,,exception
37221,,exception
37222,,exception
37223,,exception
37224,,exception
37225,,exception
37226,,exception
37227,,exception
37228,,exception
37229,,exception
37230,,exception
37231,,exception
37232,,exception
37233,,exception
37234,,exception
37235,,exception
37236,,exception
37237,,exception
37238,,exception
37239,,exception
37240,,exception
37241,,exception
37242,,exception
37243,,exception
37244,,exception
37245,,exception
37246,,exception
37247,,exception
37248,,exception
37249,,exception
37250,,exception
37251,,exception
37252,,exception
37253,,exception
37254,,exception
37255,,exception
37256,,exception
37257,,exception
37258,,exception
37259,,exception
37260,,exception
37261,,exception
37262,,exception
37263,,exception
37264,,exception
37265,,exception
37266,,exception
37267,,exception
37268,,exception
37269,,exception
37270,,exception
37271,,exception
37272,,exception
37273,,exception
37274,,exception
37275,,exception
37276,,exception
37277,,exception
37278,,exception
37279,,exception
37280,,exception
37281,,exception
37282,,exception
37283,,exception
37284,,exception
37285,,exception
37286,,exception
37287,,exception
37288,,exception
37289,,exception
37290,,exception
37291,,exception
37292,,exception
37293,,exception
37294,,exception
37295,,exception
37296,,exception
37297,,exception
37298,,exception
37299,,exception
37300,,exception
37301,,exception
37302,,exception
37303,,exception
37304,,exception
37305,,exception
37306,,exception
37307,,exception
37308,,exception
37309,,exception
37310,,exception
37311,,exception
37312,,exception
37313,,exception
37314,,exception
37315,,exception
37316,,exception
37317,,exception
37318,,exception
37319,,exception
37320,,exception
37321,,exception
37322,,exception
37323,,exception
37324,,exception
37325,,exception
37326,,exception
37327,,exception
37328,,exception
37329,,exception
37330,,exception
37331,,exception
37332,,exception
37333,,exception
37334,,exception
37335,,exception
37336,,exception
37337,,exception
37338,,exception
37339,,exception
37340,,exception
37341,,exception
37342,,exception
37343,,exception
37344,,exception
37345,,exception
37346,,exception
37347,,exception
37348,,exception
37349,,exception
37350,,exception
37351,,exception
37352,,exception
37353,,exception
37354,,exception
37355,,exception
37356,,exception
37357,,exception
37358,,exception
37359,,exception
37360,,exception
37361,,exception
37362,,exception
37363,,exception
37364,,exception
37365,,exception
37366,,exception
37367,,exception
37368,,exception
37369,,exception
37370,,exception
37371,,exception
37372,,exception
37373,,exception
37374,,exception
37375,,exception
37376,,exception
37377,,exception
37378,,exception
37379,,exception
37380,,exception
37381,,exception
37382,,exception
37383,,exception
37384,,exception
37385,,exception
37386,,exception
37387,,exception
37388,,exception
37389,,exception
37390,,exception
37391,,exception
37392,,exception
37393,,exception
37394,,exception
37395,,exception
37396,,exception
37397,,exception
37398,,exception
37399,,exception
37400,,exception
37401,,exception
37402,,exception
37403,,exception
37404,,exception
37405,,exception
37406,,exception
37407,,exception
37408,,exception
37409,,exception
37410,,exception
37411,,exception
37412,,exception
37413,,exception
37414,,exception
37415,,exception
37416,,exception
37417,,exception
37418,,exception
37419,,exception
37420,,exception
37421,,exception
37422,,exception
37423,,exception
37424,,exception
37425,,exception
37426,,exception
37427,,exception
37428,,exception
37429,,exception
37430,,exception
37431,,exception
37432,,exception
37433,,exception
37434,,exception
37435,,exception
37436,,exception
37437,,exception
37438,,exception
37439,,exception
37440,,exception
37441,,exception
37442,,exception
37443,,exception
37444,,exception
37445,,exception
37446,,exception
37447,,exception
37448,,exception
37449,,exception
37450,,exception
37451,,exception
37452,,exception
37453,,exception
37454,,exception
37455,,exception
37456,,exception
37457,,exception
37458,,exception
37459,,exception
37460,,exception
37461,,exception
37462,,exception
37463,,exception
37464,,exception
37465,,exception
37466,,exception
37467,,exception
37468,,exception
37469,,exception
37470,,exception
37471,,exception
37472,,exception
37473,,exception
37474,,exception
37475,,exception
37476,,exception
37477,,exception
37478,,exception
37479,,exception
37480,,exception
37481,,exception
37482,,exception
37483,,exception
37484,,exception
37485,,exception
37486,,exception
37487,,exception
37488,,exception
37489,,exception
37490,,exception
37491,,exception
37492,,exception
37493,,exception
37494,,exception
37495,,exception
37496,,exception
37497,,exception
37498,,exception
37499,,exception
37500,,exception
37501,,exception
37502,,exception
37503,,exception
37504,,exception
37505,,exception
37506,,exception
37507,,exception
37508,,exception
37509,,exception
37510,,exception
37511,,exception
37512,,exception
37513,,exception
37514,,exception
37515,,exception
37516,,exception
37517,,exception
37518,,exception
37519,,exception
37520,,exception
37521,,exception
37522,,exception
37523,,exception
37524,,exception
37525,,exception
37526,,exception
37527,,exception
37528,,exception
37529,,exception
37530,,exception
37531,,exception
37532,,exception
37533,,exception
37534,,exception
37535,,exception
37536,,exception
37537,,exception
37538,,exception
37539,,exception
37540,,exception
37541,,exception
37542,,exception
37543,,exception
37544,,exception
37545,,exception
37546,,exception
37547,,exception
37548,,exception
37549,,exception
37550,,exception
37551,,exception
37552,,exception
37553,,exception
37554,,exception
37555,,exception
37556,,exception
37557,,exception
37558,,exception
37559,,exception
37560,,exception
37561,,exception
37562,,exception
37563,,exception
37564,,exception
37565,,exception
37566,,exception
37567,,exception
37568,,exception
37569,,exception
37570,,exception
37571,,exception
37572,,exception
37573,,exception
37574,,exception
37575,,exception
37576,,exception
37577,,exception
37578,,exception
37579,,exception
37580,,exception
37581,,exception
37582,,exception
37583,,exception
37584,,exception
37585,,exception
37586,,exception
37587,,exception
37588,,exception
37589,,exception
37590,,exception
37591,,exception
37592,,exception
37593,,exception
37594,,exception
37595,,exception
37596,,exception
37597,,exception
37598,,exception
37599,,exception
37600,,exception
37601,,exception
37602,,exception
37603,,exception
37604,,exception
37605,,exception
37606,,exception
37607,,exception
37608,,exception
37609,,exception
37610,,exception
37611,,exception
37612,,exception
37613,,exception
37614,,exception
37615,,exception
37616,,exception
37617,,exception
37618,,exception
37619,,exception
37620,,exception
37621,,exception
37622,,exception
37623,,exception
37624,,exception
37625,,exception
37626,,exception
37627,,exception
37628,,exception
37629,,exception
37630,,exception
37631,,exception
37632,,exception
37633,,exception
37634,,exception
37635,,exception
37636,,exception
37637,,exception
37638,,exception
37639,,exception
37640,,exception
37641,,exception
37642,,exception
37643,,exception
37644,,exception
37645,,exception
37646,,exception
37647,,exception
37648,,exception
37649,,exception
37650,,exception
37651,,exception
37652,,exception
37653,,exception
37654,,exception
37655,,exception
37656,,exception
37657,,exception
37658,,exception
37659,,exception
37660,,exception
37661,,exception
37662,,exception
37663,,exception
37664,,exception
37665,,exception
37666,,exception
37667,,exception
37668,,exception
37669,,exception
37670,,exception
37671,,exception
37672,,exception
37673,,exception
37674,,exception
37675,,exception
37676,,exception
37677,,exception
37678,,exception
37679,,exception
37680,,exception
37681,,exception
37682,,exception
37683,,exception
37684,,exception
37685,,exception
37686,,exception
37687,,exception
37688,,exception
37689,,exception
37690,,exception
37691,,exception
37692,,exception
37693,,exception
37694,,exception
37695,,exception
37696,,exception
37697,,exception
37698,,exception
37699,,exception
37700,,exception
37701,,exception
37702,,exception
37703,,exception
37704,,exception
37705,,exception
37706,,exception
37707,,exception
37708,,exception
37709,,exception
37710,,exception
37711,,exception
37712,,exception
37713,,exception
37714,,exception
37715,,exception
37716,,exception
37717,,exception
37718,,exception
37719,,exception
37720,,exception
37721,,exception
37722,,exception
37723,,exception
37724,,exception
37725,,exception
37726,,exception
37727,,exception
37728,,exception
37729,,exception
37730,,exception
37731,,exception
37732,,exception
37733,,exception
37734,,exception
37735,,exception
37736,,exception
37737,,exception
37738,,exception
37739,,exception
37740,,exception
37741,,exception
37742,,exception
37743,,exception
37744,,exception
37745,,exception
37746,,exception
37747,,exception
37748,,exception
37749,,exception
37750,,exception
37751,,exception
37752,,exception
37753,,exception
37754,,exception
37755,,exception
37756,,exception
37757,,exception
37758,,exception
37759,,exception
37760,,exception
37761,,exception
37762,,exception
37763,,exception
37764,,exception
37765,,exception
37766,,exception
37767,,exception
37768,,exception
37769,,exception
37770,,exception
37771,,exception
37772,,exception
37773,,exception
37774,,exception
37775,,exception
37776,,exception
37777,,exception
37778,,exception
37779,,exception
37780,,exception
37781,,exception
37782,,exception
37783,,exception
37784,,exception
37785,,exception
37786,,exception
37787,,exception
37788,,exception
37789,,exception
37790,,exception
37791,,exception
37792,,exception
37793,,exception
37794,,exception
37795,,exception
37796,,exception
37797,,exception
37798,,exception
37799,,exception
37800,,exception
37801,,exception
37802,,exception
37803,,exception
37804,,exception
37805,,exception
37806,,exception
37807,,exception
37808,,exception
37809,,exception
37810,,exception
37811,,exception
37812,,exception
37813,,exception
37814,,exception
37815,,exception
37816,,exception
37817,,exception
37818,,exception
37819,,exception
37820,,exception
37821,,exception
37822,,exception
37823,,exception
37824,,exception
37825,,exception
37826,,exception
37827,,exception
37828,,exception
37829,,exception
37830,,exception
37831,,exception
37832,,exception
37833,,exception
37834,,exception
37835,,exception
37836,,exception
37837,,exception
37838,,exception
37839,,exception
37840,,exception
37841,,exception
37842,,exception
37843,,exception
37844,,exception
37845,,exception
37846,,exception
37847,,exception
37848,,exception
37849,,exception
37850,,exception
37851,,exception
37852,,exception
37853,,exception
37854,,exception
37855,,exception
37856,,exception
37857,,exception
37858,,exception
37859,,exception
37860,,exception
37861,,exception
37862,,exception
37863,,exception
37864,,exception
37865,,exception
37866,,exception
37867,,exception
37868,,exception
37869,,exception
37870,,exception
37871,,exception
37872,,exception
37873,,exception
37874,,exception
37875,,exception
37876,,exception
37877,,exception
37878,,exception
37879,,exception
37880,,exception
37881,,exception
37882,,exception
37883,,exception
37884,,exception
37885,,exception
37886,,exception
37887,,exception
37888,,exception
37889,,exception
37890,,exception
37891,,exception
37892,,exception
37893,,exception
37894,,exception
37895,,exception
37896,,exception
37897,,exception
37898,,exception
37899,,exception
37900,,exception
37901,,exception
37902,,exception
37903,,exception
37904,,exception
37905,,exception
37906,,exception
37907,,exception
37908,,exception
37909,,exception
37910,,exception
37911,,exception
37912,,exception
37913,,exception
37914,,exception
37915,,exception
37916,,exception
37917,,exception
37918,,exception
37919,,exception
37920,,exception
37921,,exception
37922,,exception
37923,,exception
37924,,exception
37925,,exception
37926,,exception
37927,,exception
37928,,exception
37929,,exception
37930,,exception
37931,,exception
37932,,exception
37933,,exception
37934,,exception
37935,,exception
37936,,exception
37937,,exception
37938,,exception
37939,,exception
37940,,exception
37941,,exception
37942,,exception
37943,,exception
37944,,exception
37945,,exception
37946,,exception
37947,,exception
37948,,exception
37949,,exception
37950,,exception
37951,,exception
37952,,exception
37953,,exception
37954,,exception
37955,,exception
37956,,exception
37957,,exception
37958,,exception
37959,,exception
37960,,exception
37961,,exception
37962,,exception
37963,,exception
37964,,exception
37965,,exception
37966,,exception
37967,,exception
37968,,exception
37969,,exception
37970,,exception
37971,,exception
37972,,exception
37973,,exception
37974,,exception
37975,,exception
37976,,exception
37977,,exception
37978,,exception
37979,,exception
37980,,exception
37981,,exception
37982,,exception
37983,,exception
37984,,exception
37985,,exception
37986,,exception
37987,,exception
37988,,exception
37989,,exception
37990,,exception
37991,,exception
37992,,exception
37993,,exception
37994,,exception
37995,,exception
37996,,exception
37997,,exception
37998,,exception
37999,,exception
38000,,exception
38001,,exception
38002,,exception
38003,,exception
38004,,exception
38005,,exception
38006,,exception
38007,,exception
38008,,exception
38009,,exception
38010,,exception
38011,,exception
38012,,exception
38013,,exception
38014,,exception
38015,,exception
38016,,exception
38017,,exception
38018,,exception
38019,,exception
38020,,exception
38021,,exception
38022,,exception
38023,,exception
38024,,exception
38025,,exception
38026,,exception
38027,,exception
38028,,exception
38029,,exception
38030,,exception
38031,,exception
38032,,exception
38033,,exception
38034,,exception
38035,,exception
38036,,exception
38037,,exception
38038,,exception
38039,,exception
38040,,exception
38041,,exception
38042,,exception
38043,,exception
38044,,exception
38045,,exception
38046,,exception
38047,,exception
38048,,exception
38049,,exception
38050,,exception
38051,,exception
38052,,exception
38053,,exception
38054,,exception
38055,,exception
38056,,exception
38057,,exception
38058,,exception
38059,,exception
38060,,exception
38061,,exception
38062,,exception
38063,,exception
38064,,exception
38065,,exception
38066,,exception
38067,,exception
38068,,exception
38069,,exception
38070,,exception
38071,,exception
38072,,exception
38073,,exception
38074,,exception
38075,,exception
38076,,exception
38077,,exception
38078,,exception
38079,,exception
38080,,exception
38081,,exception
38082,,exception
38083,,exception
38084,,exception
38085,,exception
38086,,exception
38087,,exception
38088,,exception
38089,,exception
38090,,exception
38091,,exception
38092,,exception
38093,,exception
38094,,exception
38095,,exception
38096,,exception
38097,,exception
38098,,exception
38099,,exception
38100,,exception
38101,,exception
38102,,exception
38103,,exception
38104,,exception
38105,,exception
38106,,exception
38107,,exception
38108,,exception
38109,,exception
38110,,exception
38111,,exception
38112,,exception
38113,,exception
38114,,exception
38115,,exception
38116,,exception
38117,,exception
38118,,exception
38119,,exception
38120,,exception
38121,,exception
38122,,exception
38123,,exception
38124,,exception
38125,,exception
38126,,exception
38127,,exception
38128,,exception
38129,,exception
38130,,exception
38131,,exception
38132,,exception
38133,,exception
38134,,exception
38135,,exception
38136,,exception
38137,,exception
38138,,exception
38139,,exception
38140,,exception
38141,,exception
38142,,exception
38143,,exception
38144,,exception
38145,,exception
38146,,exception
38147,,exception
38148,,exception
38149,,exception
38150,,exception
38151,,exception
38152,,exception
38153,,exception
38154,,exception
38155,,exception
38156,,exception
38157,,exception
38158,,exception
38159,,exception
38160,,exception
38161,,exception
38162,,exception
38163,,exception
38164,,exception
38165,,exception
38166,,exception
38167,,exception
38168,,exception
38169,,exception
38170,,exception
38171,,exception
38172,,exception
38173,,exception
38174,,exception
38175,,exception
38176,,exception
38177,,exception
38178,,exception
38179,,exception
38180,,exception
38181,,exception
38182,,exception
38183,,exception
38184,,exception
38185,,exception
38186,,exception
38187,,exception
38188,,exception
38189,,exception
38190,,exception
38191,,exception
38192,,exception
38193,,exception
38194,,exception
38195,,exception
38196,,exception
38197,,exception
38198,,exception
38199,,exception
38200,,exception
38201,,exception
38202,,exception
38203,,exception
38204,,exception
38205,,exception
38206,,exception
38207,,exception
38208,,exception
38209,,exception
38210,,exception
38211,,exception
38212,,exception
38213,,exception
38214,,exception
38215,,exception
38216,,exception
38217,,exception
38218,,exception
38219,,exception
38220,,exception
38221,,exception
38222,,exception
38223,,exception
38224,,exception
38225,,exception
38226,,exception
38227,,exception
38228,,exception
38229,,exception
38230,,exception
38231,,exception
38232,,exception
38233,,exception
38234,,exception
38235,,exception
38236,,exception
38237,,exception
38238,,exception
38239,,exception
38240,,exception
38241,,exception
38242,,exception
38243,,exception
38244,,exception
38245,,exception
38246,,exception
38247,,exception
38248,,exception
38249,,exception
38250,,exception
38251,,exception
38252,,exception
38253,,exception
38254,,exception
38255,,exception
38256,,exception
38257,,exception
38258,,exception
38259,,exception
38260,,exception
38261,,exception
38262,,exception
38263,,exception
38264,,exception
38265,,exception
38266,,exception
38267,,exception
38268,,exception
38269,,exception
38270,,exception
38271,,exception
38272,,exception
38273,,exception
38274,,exception
38275,,exception
38276,,exception
38277,,exception
38278,,exception
38279,,exception
38280,,exception
38281,,exception
38282,,exception
38283,,exception
38284,,exception
38285,,exception
38286,,exception
38287,,exception
38288,,exception
38289,,exception
38290,,exception
38291,,exception
38292,,exception
38293,,exception
38294,,exception
38295,,exception
38296,,exception
38297,,exception
38298,,exception
38299,,exception
38300,,exception
38301,,exception
38302,,exception
38303,,exception
38304,,exception
38305,,exception
38306,,exception
38307,,exception
38308,,exception
38309,,exception
38310,,exception
38311,,exception
38312,,exception
38313,,exception
38314,,exception
38315,,exception
38316,,exception
38317,,exception
38318,,exception
38319,,exception
38320,,exception
38321,,exception
38322,,exception
38323,,exception
38324,,exception
38325,,exception
38326,,exception
38327,,exception
38328,,exception
38329,,exception
38330,,exception
38331,,exception
38332,,exception
38333,,exception
38334,,exception
38335,,exception
38336,,exception
38337,,exception
38338,,exception
38339,,exception
38340,,exception
38341,,exception
38342,,exception
38343,,exception
38344,,exception
38345,,exception
38346,,exception
38347,,exception
38348,,exception
38349,,exception
38350,,exception
38351,,exception
38352,,exception
38353,,exception
38354,,exception
38355,,exception
38356,,exception
38357,,exception
38358,,exception
38359,,exception
38360,,exception
38361,,exception
38362,,exception
38363,,exception
38364,,exception
38365,,exception
38366,,exception
38367,,exception
38368,,exception
38369,,exception
38370,,exception
38371,,exception
38372,,exception
38373,,exception
38374,,exception
38375,,exception
38376,,exception
38377,,exception
38378,,exception
38379,,exception
38380,,exception
38381,,exception
38382,,exception
38383,,exception
38384,,exception
38385,,exception
38386,,exception
38387,,exception
38388,,exception
38389,,exception
38390,,exception
38391,,exception
38392,,exception
38393,,exception
38394,,exception
38395,,exception
38396,,exception
38397,,exception
38398,,exception
38399,,exception
38400,,exception
38401,,exception
38402,,exception
38403,,exception
38404,,exception
38405,,exception
38406,,exception
38407,,exception
38408,,exception
38409,,exception
38410,,exception
38411,,exception
38412,,exception
38413,,exception
38414,,exception
38415,,exception
38416,,exception
38417,,exception
38418,,exception
38419,,exception
38420,,exception
38421,,exception
38422,,exception
38423,,exception
38424,,exception
38425,,exception
38426,,exception
38427,,exception
38428,,exception
38429,,exception
38430,,exception
38431,,exception
38432,,exception
38433,,exception
38434,,exception
38435,,exception
38436,,exception
38437,,exception
38438,,exception
38439,,exception
38440,,exception
38441,,exception
38442,,exception
38443,,exception
38444,,exception
38445,,exception
38446,,exception
38447,,exception
38448,,exception
38449,,exception
38450,,exception
38451,,exception
38452,,exception
38453,,exception
38454,,exception
38455,,exception
38456,,exception
38457,,exception
38458,,exception
38459,,exception
38460,,exception
38461,,exception
38462,,exception
38463,,exception
38464,,exception
38465,,exception
38466,,exception
38467,,exception
38468,,exception
38469,,exception
38470,,exception
38471,,exception
38472,,exception
38473,,exception
38474,,exception
38475,,exception
38476,,exception
38477,,exception
38478,,exception
38479,,exception
38480,,exception
38481,,exception
38482,,exception
38483,,exception
38484,,exception
38485,,exception
38486,,exception
38487,,exception
38488,,exception
38489,,exception
38490,,exception
38491,,exception
38492,,exception
38493,,exception
38494,,exception
38495,,exception
38496,,exception
38497,,exception
38498,,exception
38499,,exception
38500,,exception
38501,,exception
38502,,exception
38503,,exception
38504,,exception
38505,,exception
38506,,exception
38507,,exception
38508,,exception
38509,,exception
38510,,exception
38511,,exception
38512,,exception
38513,,exception
38514,,exception
38515,,exception
38516,,exception
38517,,exception
38518,,exception
38519,,exception
38520,,exception
38521,,exception
38522,,exception
38523,,exception
38524,,exception
38525,,exception
38526,,exception
38527,,exception
38528,,exception
38529,,exception
38530,,exception
38531,,exception
38532,,exception
38533,,exception
38534,,exception
38535,,exception
38536,,exception
38537,,exception
38538,,exception
38539,,exception
38540,,exception
38541,,exception
38542,,exception
38543,,exception
38544,,exception
38545,,exception
38546,,exception
38547,,exception
38548,,exception
38549,,exception
38550,,exception
38551,,exception
38552,,exception
38553,,exception
38554,,exception
38555,,exception
38556,,exception
38557,,exception
38558,,exception
38559,,exception
38560,,exception
38561,,exception
38562,,exception
38563,,exception
38564,,exception
38565,,exception
38566,,exception
38567,,exception
38568,,exception
38569,,exception
38570,,exception
38571,,exception
38572,,exception
38573,,exception
38574,,exception
38575,,exception
38576,,exception
38577,,exception
38578,,exception
38579,,exception
38580,,exception
38581,,exception
38582,,exception
38583,,exception
38584,,exception
38585,,exception
38586,,exception
38587,,exception
38588,,exception
38589,,exception
38590,,exception
38591,,exception
38592,,exception
38593,,exception
38594,,exception
38595,,exception
38596,,exception
38597,,exception
38598,,exception
38599,,exception
38600,,exception
38601,,exception
38602,,exception
38603,,exception
38604,,exception
38605,,exception
38606,,exception
38607,,exception
38608,,exception
38609,,exception
38610,,exception
38611,,exception
38612,,exception
38613,,exception
38614,,exception
38615,,exception
38616,,exception
38617,,exception
38618,,exception
38619,,exception
38620,,exception
38621,,exception
38622,,exception
38623,,exception
38624,,exception
38625,,exception
38626,,exception
38627,,exception
38628,,exception
38629,,exception
38630,,exception
38631,,exception
38632,,exception
38633,,exception
38634,,exception
38635,,exception
38636,,exception
38637,,exception
38638,,exception
38639,,exception
38640,,exception
38641,,exception
38642,,exception
38643,,exception
38644,,exception
38645,,exception
38646,,exception
38647,,exception
38648,,exception
38649,,exception
38650,,exception
38651,,exception
38652,,exception
38653,,exception
38654,,exception
38655,,exception
38656,,exception
38657,,exception
38658,,exception
38659,,exception
38660,,exception
38661,,exception
38662,,exception
38663,,exception
38664,,exception
38665,,exception
38666,,exception
38667,,exception
38668,,exception
38669,,exception
38670,,exception
38671,,exception
38672,,exception
38673,,exception
38674,,exception
38675,,exception
38676,,exception
38677,,exception
38678,,exception
38679,,exception
38680,,exception
38681,,exception
38682,,exception
38683,,exception
38684,,exception
38685,,exception
38686,,exception
38687,,exception
38688,,exception
38689,,exception
38690,,exception
38691,,exception
38692,,exception
38693,,exception
38694,,exception
38695,,exception
38696,,exception
38697,,exception
38698,,exception
38699,,exception
38700,,exception
38701,,exception
38702,,exception
38703,,exception
38704,,exception
38705,,exception
38706,,exception
38707,,exception
38708,,exception
38709,,exception
38710,,exception
38711,,exception
38712,,exception
38713,,exception
38714,,exception
38715,,exception
38716,,exception
38717,,exception
38718,,exception
38719,,exception
38720,,exception
38721,,exception
38722,,exception
38723,,exception
38724,,exception
38725,,exception
38726,,exception
38727,,exception
38728,,exception
38729,,exception
38730,,exception
38731,,exception
38732,,exception
38733,,exception
38734,,exception
38735,,exception
38736,,exception
38737,,exception
38738,,exception
38739,,exception
38740,,exception
38741,,exception
38742,,exception
38743,,exception
38744,,exception
38745,,exception
38746,,exception
38747,,exception
38748,,exception
38749,,exception
38750,,exception
38751,,exception
38752,,exception
38753,,exception
38754,,exception
38755,,exception
38756,,exception
38757,,exception
38758,,exception
38759,,exception
38760,,exception
38761,,exception
38762,,exception
38763,,exception
38764,,exception
38765,,exception
38766,,exception
38767,,exception
38768,,exception
38769,,exception
38770,,exception
38771,,exception
38772,,exception
38773,,exception
38774,,exception
38775,,exception
38776,,exception
38777,,exception
38778,,exception
38779,,exception
38780,,exception
38781,,exception
38782,,exception
38783,,exception
38784,,exception
38785,,exception
38786,,exception
38787,,exception
38788,,exception
38789,,exception
38790,,exception
38791,,exception
38792,,exception
38793,,exception
38794,,exception
38795,,exception
38796,,exception
38797,,exception
38798,,exception
38799,,exception
38800,,exception
38801,,exception
38802,,exception
38803,,exception
38804,,exception
38805,,exception
38806,,exception
38807,,exception
38808,,exception
38809,,exception
38810,,exception
38811,,exception
38812,,exception
38813,,exception
38814,,exception
38815,,exception
38816,,exception
38817,,exception
38818,,exception
38819,,exception
38820,,exception
38821,,exception
38822,,exception
38823,,exception
38824,,exception
38825,,exception
38826,,exception
38827,,exception
38828,,exception
38829,,exception
38830,,exception
38831,,exception
38832,,exception
38833,,exception
38834,,exception
38835,,exception
38836,,exception
38837,,exception
38838,,exception
38839,,exception
38840,,exception
38841,,exception
38842,,exception
38843,,exception
38844,,exception
38845,,exception
38846,,exception
38847,,exception
38848,,exception
38849,,exception
38850,,exception
38851,,exception
38852,,exception
38853,,exception
38854,,exception
38855,,exception
38856,,exception
38857,,exception
38858,,exception
38859,,exception
38860,,exception
38861,,exception
38862,,exception
38863,,exception
38864,,exception
38865,,exception
38866,,exception
38867,,exception
38868,,exception
38869,,exception
38870,,exception
38871,,exception
38872,,exception
38873,,exception
38874,,exception
38875,,exception
38876,,exception
38877,,exception
38878,,exception
38879,,exception
38880,,exception
38881,,exception
38882,,exception
38883,,exception
38884,,exception
38885,,exception
38886,,exception
38887,,exception
38888,,exception
38889,,exception
38890,,exception
38891,,exception
38892,,exception
38893,,exception
38894,,exception
38895,,exception
38896,,exception
38897,,exception
38898,,exception
38899,,exception
38900,,exception
38901,,exception
38902,,exception
38903,,exception
38904,,exception
38905,,exception
38906,,exception
38907,,exception
38908,,exception
38909,,exception
38910,,exception
38911,,exception
38912,,exception
38913,,exception
38914,,exception
38915,,exception
38916,,exception
38917,,exception
38918,,exception
38919,,exception
38920,,exception
38921,,exception
38922,,exception
38923,,exception
38924,,exception
38925,,exception
38926,,exception
38927,,exception
38928,,exception
38929,,exception
38930,,exception
38931,,exception
38932,,exception
38933,,exception
38934,,exception
38935,,exception
38936,,exception
38937,,exception
38938,,exception
38939,,exception
38940,,exception
38941,,exception
38942,,exception
38943,,exception
38944,,exception
38945,,exception
38946,,exception
38947,,exception
38948,,exception
38949,,exception
38950,,exception
38951,,exception
38952,,exception
38953,,exception
38954,,exception
38955,,exception
38956,,exception
38957,,exception
38958,,exception
38959,,exception
38960,,exception
38961,,exception
38962,,exception
38963,,exception
38964,,exception
38965,,exception
38966,,exception
38967,,exception
38968,,exception
38969,,exception
38970,,exception
38971,,exception
38972,,exception
38973,,exception
38974,,exception
38975,,exception
38976,,exception
38977,,exception
38978,,exception
38979,,exception
38980,,exception
38981,,exception
38982,,exception
38983,,exception
38984,,exception
38985,,exception
38986,,exception
38987,,exception
38988,,exception
38989,,exception
38990,,exception
38991,,exception
38992,,exception
38993,,exception
38994,,exception
38995,,exception
38996,,exception
38997,,exception
38998,,exception
38999,,exception
39000,,exception
39001,,exception
39002,,exception
39003,,exception
39004,,exception
39005,,exception
39006,,exception
39007,,exception
39008,,exception
39009,,exception
39010,,exception
39011,,exception
39012,,exception
39013,,exception
39014,,exception
39015,,exception
39016,,exception
39017,,exception
39018,,exception
39019,,exception
39020,,exception
39021,,exception
39022,,exception
39023,,exception
39024,,exception
39025,,exception
39026,,exception
39027,,exception
39028,,exception
39029,,exception
39030,,exception
39031,,exception
39032,,exception
39033,,exception
39034,,exception
39035,,exception
39036,,exception
39037,,exception
39038,,exception
39039,,exception
39040,,exception
39041,,exception
39042,,exception
39043,,exception
39044,,exception
39045,,exception
39046,,exception
39047,,exception
39048,,exception
39049,,exception
39050,,exception
39051,,exception
39052,,exception
39053,,exception
39054,,exception
39055,,exception
39056,,exception
39057,,exception
39058,,exception
39059,,exception
39060,,exception
39061,,exception
39062,,exception
39063,,exception
39064,,exception
39065,,exception
39066,,exception
39067,,exception
39068,,exception
39069,,exception
39070,,exception
39071,,exception
39072,,exception
39073,,exception
39074,,exception
39075,,exception
39076,,exception
39077,,exception
39078,,exception
39079,,exception
39080,,exception
39081,,exception
39082,,exception
39083,,exception
39084,,exception
39085,,exception
39086,,exception
39087,,exception
39088,,exception
39089,,exception
39090,,exception
39091,,exception
39092,,exception
39093,,exception
39094,,exception
39095,,exception
39096,,exception
39097,,exception
39098,,exception
39099,,exception
39100,,exception
39101,,exception
39102,,exception
39103,,exception
39104,,exception
39105,,exception
39106,,exception
39107,,exception
39108,,exception
39109,,exception
39110,,exception
39111,,exception
39112,,exception
39113,,exception
39114,,exception
39115,,exception
39116,,exception
39117,,exception
39118,,exception
39119,,exception
39120,,exception
39121,,exception
39122,,exception
39123,,exception
39124,,exception
39125,,exception
39126,,exception
39127,,exception
39128,,exception
39129,,exception
39130,,exception
39131,,exception
39132,,exception
39133,,exception
39134,,exception
39135,,exception
39136,,exception
39137,,exception
39138,,exception
39139,,exception
39140,,exception
39141,,exception
39142,,exception
39143,,exception
39144,,exception
39145,,exception
39146,,exception
39147,,exception
39148,,exception
39149,,exception
39150,,exception
39151,,exception
39152,,exception
39153,,exception
39154,,exception
39155,,exception
39156,,exception
39157,,exception
39158,,exception
39159,,exception
39160,,exception
39161,,exception
39162,,exception
39163,,exception
39164,,exception
39165,,exception
39166,,exception
39167,,exception
39168,,exception
39169,,exception
39170,,exception
39171,,exception
39172,,exception
39173,,exception
39174,,exception
39175,,exception
39176,,exception
39177,,exception
39178,,exception
39179,,exception
39180,,exception
39181,,exception
39182,,exception
39183,,exception
39184,,exception
39185,,exception
39186,,exception
39187,,exception
39188,,exception
39189,,exception
39190,,exception
39191,,exception
39192,,exception
39193,,exception
39194,,exception
39195,,exception
39196,,exception
39197,,exception
39198,,exception
39199,,exception
39200,,exception
39201,,exception
39202,,exception
39203,,exception
39204,,exception
39205,,exception
39206,,exception
39207,,exception
39208,,exception
39209,,exception
39210,,exception
39211,,exception
39212,,exception
39213,,exception
39214,,exception
39215,,exception
39216,,exception
39217,,exception
39218,,exception
39219,,exception
39220,,exception
39221,,exception
39222,,exception
39223,,exception
39224,,exception
39225,,exception
39226,,exception
39227,,exception
39228,,exception
39229,,exception
39230,,exception
39231,,exception
39232,,exception
39233,,exception
39234,,exception
39235,,exception
39236,,exception
39237,,exception
39238,,exception
39239,,exception
39240,,exception
39241,,exception
39242,,exception
39243,,exception
39244,,exception
39245,,exception
39246,,exception
39247,,exception
39248,,exception
39249,,exception
39250,,exception
39251,,exception
39252,,exception
39253,,exception
39254,,exception
39255,,exception
39256,,exception
39257,,exception
39258,,exception
39259,,exception
39260,,exception
39261,,exception
39262,,exception
39263,,exception
39264,,exception
39265,,exception
39266,,exception
39267,,exception
39268,,exception
39269,,exception
39270,,exception
39271,,exception
39272,,exception
39273,,exception
39274,,exception
39275,,exception
39276,,exception
39277,,exception
39278,,exception
39279,,exception
39280,,exception
39281,,exception
39282,,exception
39283,,exception
39284,,exception
39285,,exception
39286,,exception
39287,,exception
39288,,exception
39289,,exception
39290,,exception
39291,,exception
39292,,exception
39293,,exception
39294,,exception
39295,,exception
39296,,exception
39297,,exception
39298,,exception
39299,,exception
39300,,exception
39301,,exception
39302,,exception
39303,,exception
39304,,exception
39305,,exception
39306,,exception
39307,,exception
39308,,exception
39309,,exception
39310,,exception
39311,,exception
39312,,exception
39313,,exception
39314,,exception
39315,,exception
39316,,exception
39317,,exception
39318,,exception
39319,,exception
39320,,exception
39321,,exception
39322,,exception
39323,,exception
39324,,exception
39325,,exception
39326,,exception
39327,,exception
39328,,exception
39329,,exception
39330,,exception
39331,,exception
39332,,exception
39333,,exception
39334,,exception
39335,,exception
39336,,exception
39337,,exception
39338,,exception
39339,,exception
39340,,exception
39341,,exception
39342,,exception
39343,,exception
39344,,exception
39345,,exception
39346,,exception
39347,,exception
39348,,exception
39349,,exception
39350,,exception
39351,,exception
39352,,exception
39353,,exception
39354,,exception
39355,,exception
39356,,exception
39357,,exception
39358,,exception
39359,,exception
39360,,exception
39361,,exception
39362,,exception
39363,,exception
39364,,exception
39365,,exception
39366,,exception
39367,,exception
39368,,exception
39369,,exception
39370,,exception
39371,,exception
39372,,exception
39373,,exception
39374,,exception
39375,,exception
39376,,exception
39377,,exception
39378,,exception
39379,,exception
39380,,exception
39381,,exception
39382,,exception
39383,,exception
39384,,exception
39385,,exception
39386,,exception
39387,,exception
39388,,exception
39389,,exception
39390,,exception
39391,,exception
39392,,exception
39393,,exception
39394,,exception
39395,,exception
39396,,exception
39397,,exception
39398,,exception
39399,,exception
39400,,exception
39401,,exception
39402,,exception
39403,,exception
39404,,exception
39405,,exception
39406,,exception
39407,,exception
39408,,exception
39409,,exception
39410,,exception
39411,,exception
39412,,exception
39413,,exception
39414,,exception
39415,,exception
39416,,exception
39417,,exception
39418,,exception
39419,,exception
39420,,exception
39421,,exception
39422,,exception
39423,,exception
39424,,exception
39425,,exception
39426,,exception
39427,,exception
39428,,exception
39429,,exception
39430,,exception
39431,,exception
39432,,exception
39433,,exception
39434,,exception
39435,,exception
39436,,exception
39437,,exception
39438,,exception
39439,,exception
39440,,exception
39441,,exception
39442,,exception
39443,,exception
39444,,exception
39445,,exception
39446,,exception
39447,,exception
39448,,exception
39449,,exception
39450,,exception
39451,,exception
39452,,exception
39453,,exception
39454,,exception
39455,,exception
39456,,exception
39457,,exception
39458,,exception
39459,,exception
39460,,exception
39461,,exception
39462,,exception
39463,,exception
39464,,exception
39465,,exception
39466,,exception
39467,,exception
39468,,exception
39469,,exception
39470,,exception
39471,,exception
39472,,exception
39473,,exception
39474,,exception
39475,,exception
39476,,exception
39477,,exception
39478,,exception
39479,,exception
39480,,exception
39481,,exception
39482,,exception
39483,,exception
39484,,exception
39485,,exception
39486,,exception
39487,,exception
39488,,exception
39489,,exception
39490,,exception
39491,,exception
39492,,exception
39493,,exception
39494,,exception
39495,,exception
39496,,exception
39497,,exception
39498,,exception
39499,,exception
39500,,exception
39501,,exception
39502,,exception
39503,,exception
39504,,exception
39505,,exception
39506,,exception
39507,,exception
39508,,exception
39509,,exception
39510,,exception
39511,,exception
39512,,exception
39513,,exception
39514,,exception
39515,,exception
39516,,exception
39517,,exception
39518,,exception
39519,,exception
39520,,exception
39521,,exception
39522,,exception
39523,,exception
39524,,exception
39525,,exception
39526,,exception
39527,,exception
39528,,exception
39529,,exception
39530,,exception
39531,,exception
39532,,exception
39533,,exception
39534,,exception
39535,,exception
39536,,exception
39537,,exception
39538,,exception
39539,,exception
39540,,exception
39541,,exception
39542,,exception
39543,,exception
39544,,exception
39545,,exception
39546,,exception
39547,,exception
39548,,exception
39549,,exception
39550,,exception
39551,,exception
39552,,exception
39553,,exception
39554,,exception
39555,,exception
39556,,exception
39557,,exception
39558,,exception
39559,,exception
39560,,exception
39561,,exception
39562,,exception
39563,,exception
39564,,exception
39565,,exception
39566,,exception
39567,,exception
39568,,exception
39569,,exception
39570,,exception
39571,,exception
39572,,exception
39573,,exception
39574,,exception
39575,,exception
39576,,exception
39577,,exception
39578,,exception
39579,,exception
39580,,exception
39581,,exception
39582,,exception
39583,,exception
39584,,exception
39585,,exception
39586,,exception
39587,,exception
39588,,exception
39589,,exception
39590,,exception
39591,,exception
39592,,exception
39593,,exception
39594,,exception
39595,,exception
39596,,exception
39597,,exception
39598,,exception
39599,,exception
39600,,exception
39601,,exception
39602,,exception
39603,,exception
39604,,exception
39605,,exception
39606,,exception
39607,,exception
39608,,exception
39609,,exception
39610,,exception
39611,,exception
39612,,exception
39613,,exception
39614,,exception
39615,,exception
39616,,exception
39617,,exception
39618,,exception
39619,,exception
39620,,exception
39621,,exception
39622,,exception
39623,,exception
39624,,exception
39625,,exception
39626,,exception
39627,,exception
39628,,exception
39629,,exception
39630,,exception
39631,,exception
39632,,exception
39633,,exception
39634,,exception
39635,,exception
39636,,exception
39637,,exception
39638,,exception
39639,,exception
39640,,exception
39641,,exception
39642,,exception
39643,,exception
39644,,exception
39645,,exception
39646,,exception
39647,,exception
39648,,exception
39649,,exception
39650,,exception
39651,,exception
39652,,exception
39653,,exception
39654,,exception
39655,,exception
39656,,exception
39657,,exception
39658,,exception
39659,,exception
39660,,exception
39661,,exception
39662,,exception
39663,,exception
39664,,exception
39665,,exception
39666,,exception
39667,,exception
39668,,exception
39669,,exception
39670,,exception
39671,,exception
39672,,exception
39673,,exception
39674,,exception
39675,,exception
39676,,exception
39677,,exception
39678,,exception
39679,,exception
39680,,exception
39681,,exception
39682,,exception
39683,,exception
39684,,exception
39685,,exception
39686,,exception
39687,,exception
39688,,exception
39689,,exception
39690,,exception
39691,,exception
39692,,exception
39693,,exception
39694,,exception
39695,,exception
39696,,exception
39697,,exception
39698,,exception
39699,,exception
39700,,exception
39701,,exception
39702,,exception
39703,,exception
39704,,exception
39705,,exception
39706,,exception
39707,,exception
39708,,exception
39709,,exception
39710,,exception
39711,,exception
39712,,exception
39713,,exception
39714,,exception
39715,,exception
39716,,exception
39717,,exception
39718,,exception
39719,,exception
39720,,exception
39721,,exception
39722,,exception
39723,,exception
39724,,exception
39725,,exception
39726,,exception
39727,,exception
39728,,exception
39729,,exception
39730,,exception
39731,,exception
39732,,exception
39733,,exception
39734,,exception
39735,,exception
39736,,exception
39737,,exception
39738,,exception
39739,,exception
39740,,exception
39741,,exception
39742,,exception
39743,,exception
39744,,exception
39745,,exception
39746,,exception
39747,,exception
39748,,exception
39749,,exception
39750,,exception
39751,,exception
39752,,exception
39753,,exception
39754,,exception
39755,,exception
39756,,exception
39757,,exception
39758,,exception
39759,,exception
39760,,exception
39761,,exception
39762,,exception
39763,,exception
39764,,exception
39765,,exception
39766,,exception
39767,,exception
39768,,exception
39769,,exception
39770,,exception
39771,,exception
39772,,exception
39773,,exception
39774,,exception
39775,,exception
39776,,exception
39777,,exception
39778,,exception
39779,,exception
39780,,exception
39781,,exception
39782,,exception
39783,,exception
39784,,exception
39785,,exception
39786,,exception
39787,,exception
39788,,exception
39789,,exception
39790,,exception
39791,,exception
39792,,exception
39793,,exception
39794,,exception
39795,,exception
39796,,exception
39797,,exception
39798,,exception
39799,,exception
39800,,exception
39801,,exception
39802,,exception
39803,,exception
39804,,exception
39805,,exception
39806,,exception
39807,,exception
39808,,exception
39809,,exception
39810,,exception
39811,,exception
39812,,exception
39813,,exception
39814,,exception
39815,,exception
39816,,exception
39817,,exception
39818,,exception
39819,,exception
39820,,exception
39821,,exception
39822,,exception
39823,,exception
39824,,exception
39825,,exception
39826,,exception
39827,,exception
39828,,exception
39829,,exception
39830,,exception
39831,,exception
39832,,exception
39833,,exception
39834,,exception
39835,,exception
39836,,exception
39837,,exception
39838,,exception
39839,,exception
39840,,exception
39841,,exception
39842,,exception
39843,,exception
39844,,exception
39845,,exception
39846,,exception
39847,,exception
39848,,exception
39849,,exception
39850,,exception
39851,,exception
39852,,exception
39853,,exception
39854,,exception
39855,,exception
39856,,exception
39857,,exception
39858,,exception
39859,,exception
39860,,exception
39861,,exception
39862,,exception
39863,,exception
39864,,exception
39865,,exception
39866,,exception
39867,,exception
39868,,exception
39869,,exception
39870,,exception
39871,,exception
39872,,exception
39873,,exception
39874,,exception
39875,,exception
39876,,exception
39877,,exception
39878,,exception
39879,,exception
39880,,exception
39881,,exception
39882,,exception
39883,,exception
39884,,exception
39885,,exception
39886,,exception
39887,,exception
39888,,exception
39889,,exception
39890,,exception
39891,,exception
39892,,exception
39893,,exception
39894,,exception
39895,,exception
39896,,exception
39897,,exception
39898,,exception
39899,,exception
39900,,exception
39901,,exception
39902,,exception
39903,,exception
39904,,exception
39905,,exception
39906,,exception
39907,,exception
39908,,exception
39909,,exception
39910,,exception
39911,,exception
39912,,exception
39913,,exception
39914,,exception
39915,,exception
39916,,exception
39917,,exception
39918,,exception
39919,,exception
39920,,exception
39921,,exception
39922,,exception
39923,,exception
39924,,exception
39925,,exception
39926,,exception
39927,,exception
39928,,exception
39929,,exception
39930,,exception
39931,,exception
39932,,exception
39933,,exception
39934,,exception
39935,,exception
39936,,exception
39937,,exception
39938,,exception
39939,,exception
39940,,exception
39941,,exception
39942,,exception
39943,,exception
39944,,exception
39945,,exception
39946,,exception
39947,,exception
39948,,exception
39949,,exception
39950,,exception
39951,,exception
39952,,exception
39953,,exception
39954,,exception
39955,,exception
39956,,exception
39957,,exception
39958,,exception
39959,,exception
39960,,exception
39961,,exception
39962,,exception
39963,,exception
39964,,exception
39965,,exception
39966,,exception
39967,,exception
39968,,exception
39969,,exception
39970,,exception
39971,,exception
39972,,exception
39973,,exception
39974,,exception
39975,,exception
39976,,exception
39977,,exception
39978,,exception
39979,,exception
39980,,exception
39981,,exception
39982,,exception
39983,,exception
39984,,exception
39985,,exception
39986,,exception
39987,,exception
39988,,exception
39989,,exception
39990,,exception
39991,,exception
39992,,exception
39993,,exception
39994,,exception
39995,,exception
39996,,exception
39997,,exception
39998,,exception
39999,,exception
40000,,exception
40001,,exception
40002,,exception
40003,,exception
40004,,exception
40005,,exception
40006,,exception
40007,,exception
40008,,exception
40009,,exception
40010,,exception
40011,,exception
40012,,exception
40013,,exception
40014,,exception
40015,,exception
40016,,exception
40017,,exception
40018,,exception
40019,,exception
40020,,exception
40021,,exception
40022,,exception
40023,,exception
40024,,exception
40025,,exception
40026,,exception
40027,,exception
40028,,exception
40029,,exception
40030,,exception
40031,,exception
40032,,exception
40033,,exception
40034,,exception
40035,,exception
40036,,exception
40037,,exception
40038,,exception
40039,,exception
40040,,exception
40041,,exception
40042,,exception
40043,,exception
40044,,exception
40045,,exception
40046,,exception
40047,,exception
40048,,exception
40049,,exception
40050,,exception
40051,,exception
40052,,exception
40053,,exception
40054,,exception
40055,,exception
40056,,exception
40057,,exception
40058,,exception
40059,,exception
40060,,exception
40061,,exception
40062,,exception
40063,,exception
40064,,exception
40065,,exception
40066,,exception
40067,,exception
40068,,exception
40069,,exception
40070,,exception
40071,,exception
40072,,exception
40073,,exception
40074,,exception
40075,,exception
40076,,exception
40077,,exception
40078,,exception
40079,,exception
40080,,exception
40081,,exception
40082,,exception
40083,,exception
40084,,exception
40085,,exception
40086,,exception
40087,,exception
40088,,exception
40089,,exception
40090,,exception
40091,,exception
40092,,exception
40093,,exception
40094,,exception
40095,,exception
40096,,exception
40097,,exception
40098,,exception
40099,,exception
40100,,exception
40101,,exception
40102,,exception
40103,,exception
40104,,exception
40105,,exception
40106,,exception
40107,,exception
40108,,exception
40109,,exception
40110,,exception
40111,,exception
40112,,exception
40113,,exception
40114,,exception
40115,,exception
40116,,exception
40117,,exception
40118,,exception
40119,,exception
40120,,exception
40121,,exception
40122,,exception
40123,,exception
40124,,exception
40125,,exception
40126,,exception
40127,,exception
40128,,exception
40129,,exception
40130,,exception
40131,,exception
40132,,exception
40133,,exception
40134,,exception
40135,,exception
40136,,exception
40137,,exception
40138,,exception
40139,,exception
40140,,exception
40141,,exception
40142,,exception
40143,,exception
40144,,exception
40145,,exception
40146,,exception
40147,,exception
40148,,exception
40149,,exception
40150,,exception
40151,,exception
40152,,exception
40153,,exception
40154,,exception
40155,,exception
40156,,exception
40157,,exception
40158,,exception
40159,,exception
40160,,exception
40161,,exception
40162,,exception
40163,,exception
40164,,exception
40165,,exception
40166,,exception
40167,,exception
40168,,exception
40169,,exception
40170,,exception
40171,,exception
40172,,exception
40173,,exception
40174,,exception
40175,,exception
40176,,exception
40177,,exception
40178,,exception
40179,,exception
40180,,exception
40181,,exception
40182,,exception
40183,,exception
40184,,exception
40185,,exception
40186,,exception
40187,,exception
40188,,exception
40189,,exception
40190,,exception
40191,,exception
40192,,exception
40193,,exception
40194,,exception
40195,,exception
40196,,exception
40197,,exception
40198,,exception
40199,,exception
40200,,exception
40201,,exception
40202,,exception
40203,,exception
40204,,exception
40205,,exception
40206,,exception
40207,,exception
40208,,exception
40209,,exception
40210,,exception
40211,,exception
40212,,exception
40213,,exception
40214,,exception
40215,,exception
40216,,exception
40217,,exception
40218,,exception
40219,,exception
40220,,exception
40221,,exception
40222,,exception
40223,,exception
40224,,exception
40225,,exception
40226,,exception
40227,,exception
40228,,exception
40229,,exception
40230,,exception
40231,,exception
40232,,exception
40233,,exception
40234,,exception
40235,,exception
40236,,exception
40237,,exception
40238,,exception
40239,,exception
40240,,exception
40241,,exception
40242,,exception
40243,,exception
40244,,exception
40245,,exception
40246,,exception
40247,,exception
40248,,exception
40249,,exception
40250,,exception
40251,,exception
40252,,exception
40253,,exception
40254,,exception
40255,,exception
40256,,exception
40257,,exception
40258,,exception
40259,,exception
40260,,exception
40261,,exception
40262,,exception
40263,,exception
40264,,exception
40265,,exception
40266,,exception
40267,,exception
40268,,exception
40269,,exception
40270,,exception
40271,,exception
40272,,exception
40273,,exception
40274,,exception
40275,,exception
40276,,exception
40277,,exception
40278,,exception
40279,,exception
40280,,exception
40281,,exception
40282,,exception
40283,,exception
40284,,exception
40285,,exception
40286,,exception
40287,,exception
40288,,exception
40289,,exception
40290,,exception
40291,,exception
40292,,exception
40293,,exception
40294,,exception
40295,,exception
40296,,exception
40297,,exception
40298,,exception
40299,,exception
40300,,exception
40301,,exception
40302,,exception
40303,,exception
40304,,exception
40305,,exception
40306,,exception
40307,,exception
40308,,exception
40309,,exception
40310,,exception
40311,,exception
40312,,exception
40313,,exception
40314,,exception
40315,,exception
40316,,exception
40317,,exception
40318,,exception
40319,,exception
40320,,exception
40321,,exception
40322,,exception
40323,,exception
40324,,exception
40325,,exception
40326,,exception
40327,,exception
40328,,exception
40329,,exception
40330,,exception
40331,,exception
40332,,exception
40333,,exception
40334,,exception
40335,,exception
40336,,exception
40337,,exception
40338,,exception
40339,,exception
40340,,exception
40341,,exception
40342,,exception
40343,,exception
40344,,exception
40345,,exception
40346,,exception
40347,,exception
40348,,exception
40349,,exception
40350,,exception
40351,,exception
40352,,exception
40353,,exception
40354,,exception
40355,,exception
40356,,exception
40357,,exception
40358,,exception
40359,,exception
40360,,exception
40361,,exception
40362,,exception
40363,,exception
40364,,exception
40365,,exception
40366,,exception
40367,,exception
40368,,exception
40369,,exception
40370,,exception
40371,,exception
40372,,exception
40373,,exception
40374,,exception
40375,,exception
40376,,exception
40377,,exception
40378,,exception
40379,,exception
40380,,exception
40381,,exception
40382,,exception
40383,,exception
40384,,exception
40385,,exception
40386,,exception
40387,,exception
40388,,exception
40389,,exception
40390,,exception
40391,,exception
40392,,exception
40393,,exception
40394,,exception
40395,,exception
40396,,exception
40397,,exception
40398,,exception
40399,,exception
40400,,exception
40401,,exception
40402,,exception
40403,,exception
40404,,exception
40405,,exception
40406,,exception
40407,,exception
40408,,exception
40409,,exception
40410,,exception
40411,,exception
40412,,exception
40413,,exception
40414,,exception
40415,,exception
40416,,exception
40417,,exception
40418,,exception
40419,,exception
40420,,exception
40421,,exception
40422,,exception
40423,,exception
40424,,exception
40425,,exception
40426,,exception
40427,,exception
40428,,exception
40429,,exception
40430,,exception
40431,,exception
40432,,exception
40433,,exception
40434,,exception
40435,,exception
40436,,exception
40437,,exception
40438,,exception
40439,,exception
40440,,exception
40441,,exception
40442,,exception
40443,,exception
40444,,exception
40445,,exception
40446,,exception
40447,,exception
40448,,exception
40449,,exception
40450,,exception
40451,,exception
40452,,exception
40453,,exception
40454,,exception
40455,,exception
40456,,exception
40457,,exception
40458,,exception
40459,,exception
40460,,exception
40461,,exception
40462,,exception
40463,,exception
40464,,exception
40465,,exception
40466,,exception
40467,,exception
40468,,exception
40469,,exception
40470,,exception
40471,,exception
40472,,exception
40473,,exception
40474,,exception
40475,,exception
40476,,exception
40477,,exception
40478,,exception
40479,,exception
40480,,exception
40481,,exception
40482,,exception
40483,,exception
40484,,exception
40485,,exception
40486,,exception
40487,,exception
40488,,exception
40489,,exception
40490,,exception
40491,,exception
40492,,exception
40493,,exception
40494,,exception
40495,,exception
40496,,exception
40497,,exception
40498,,exception
40499,,exception
40500,,exception
40501,,exception
40502,,exception
40503,,exception
40504,,exception
40505,,exception
40506,,exception
40507,,exception
40508,,exception
40509,,exception
40510,,exception
40511,,exception
40512,,exception
40513,,exception
40514,,exception
40515,,exception
40516,,exception
40517,,exception
40518,,exception
40519,,exception
40520,,exception
40521,,exception
40522,,exception
40523,,exception
40524,,exception
40525,,exception
40526,,exception
40527,,exception
40528,,exception
40529,,exception
40530,,exception
40531,,exception
40532,,exception
40533,,exception
40534,,exception
40535,,exception
40536,,exception
40537,,exception
40538,,exception
40539,,exception
40540,,exception
40541,,exception
40542,,exception
40543,,exception
40544,,exception
40545,,exception
40546,,exception
40547,,exception
40548,,exception
40549,,exception
40550,,exception
40551,,exception
40552,,exception
40553,,exception
40554,,exception
40555,,exception
40556,,exception
40557,,exception
40558,,exception
40559,,exception
40560,,exception
40561,,exception
40562,,exception
40563,,exception
40564,,exception
40565,,exception
40566,,exception
40567,,exception
40568,,exception
40569,,exception
40570,,exception
40571,,exception
40572,,exception
40573,,exception
40574,,exception
40575,,exception
40576,,exception
40577,,exception
40578,,exception
40579,,exception
40580,,exception
40581,,exception
40582,,exception
40583,,exception
40584,,exception
40585,,exception
40586,,exception
40587,,exception
40588,,exception
40589,,exception
40590,,exception
40591,,exception
40592,,exception
40593,,exception
40594,,exception
40595,,exception
40596,,exception
40597,,exception
40598,,exception
40599,,exception
40600,,exception
40601,,exception
40602,,exception
40603,,exception
40604,,exception
40605,,exception
40606,,exception
40607,,exception
40608,,exception
40609,,exception
40610,,exception
40611,,exception
40612,,exception
40613,,exception
40614,,exception
40615,,exception
40616,,exception
40617,,exception
40618,,exception
40619,,exception
40620,,exception
40621,,exception
40622,,exception
40623,,exception
40624,,exception
40625,,exception
40626,,exception
40627,,exception
40628,,exception
40629,,exception
40630,,exception
40631,,exception
40632,,exception
40633,,exception
40634,,exception
40635,,exception
40636,,exception
40637,,exception
40638,,exception
40639,,exception
40640,,exception
40641,,exception
40642,,exception
40643,,exception
40644,,exception
40645,,exception
40646,,exception
40647,,exception
40648,,exception
40649,,exception
40650,,exception
40651,,exception
40652,,exception
40653,,exception
40654,,exception
40655,,exception
40656,,exception
40657,,exception
40658,,exception
40659,,exception
40660,,exception
40661,,exception
40662,,exception
40663,,exception
40664,,exception
40665,,exception
40666,,exception
40667,,exception
40668,,exception
40669,,exception
40670,,exception
40671,,exception
40672,,exception
40673,,exception
40674,,exception
40675,,exception
40676,,exception
40677,,exception
40678,,exception
40679,,exception
40680,,exception
40681,,exception
40682,,exception
40683,,exception
40684,,exception
40685,,exception
40686,,exception
40687,,exception
40688,,exception
40689,,exception
40690,,exception
40691,,exception
40692,,exception
40693,,exception
40694,,exception
40695,,exception
40696,,exception
40697,,exception
40698,,exception
40699,,exception
40700,,exception
40701,,exception
40702,,exception
40703,,exception
40704,,exception
40705,,exception
40706,,exception
40707,,exception
40708,,exception
40709,,exception
40710,,exception
40711,,exception
40712,,exception
40713,,exception
40714,,exception
40715,,exception
40716,,exception
40717,,exception
40718,,exception
40719,,exception
40720,,exception
40721,,exception
40722,,exception
40723,,exception
40724,,exception
40725,,exception
40726,,exception
40727,,exception
40728,,exception
40729,,exception
40730,,exception
40731,,exception
40732,,exception
40733,,exception
40734,,exception
40735,,exception
40736,,exception
40737,,exception
40738,,exception
40739,,exception
40740,,exception
40741,,exception
40742,,exception
40743,,exception
40744,,exception
40745,,exception
40746,,exception
40747,,exception
40748,,exception
40749,,exception
40750,,exception
40751,,exception
40752,,exception
40753,,exception
40754,,exception
40755,,exception
40756,,exception
40757,,exception
40758,,exception
40759,,exception
40760,,exception
40761,,exception
40762,,exception
40763,,exception
40764,,exception
40765,,exception
40766,,exception
40767,,exception
40768,,exception
40769,,exception
40770,,exception
40771,,exception
40772,,exception
40773,,exception
40774,,exception
40775,,exception
40776,,exception
40777,,exception
40778,,exception
40779,,exception
40780,,exception
40781,,exception
40782,,exception
40783,,exception
40784,,exception
40785,,exception
40786,,exception
40787,,exception
40788,,exception
40789,,exception
40790,,exception
40791,,exception
40792,,exception
40793,,exception
40794,,exception
40795,,exception
40796,,exception
40797,,exception
40798,,exception
40799,,exception
40800,,exception
40801,,exception
40802,,exception
40803,,exception
40804,,exception
40805,,exception
40806,,exception
40807,,exception
40808,,exception
40809,,exception
40810,,exception
40811,,exception
40812,,exception
40813,,exception
40814,,exception
40815,,exception
40816,,exception
40817,,exception
40818,,exception
40819,,exception
40820,,exception
40821,,exception
40822,,exception
40823,,exception
40824,,exception
40825,,exception
40826,,exception
40827,,exception
40828,,exception
40829,,exception
40830,,exception
40831,,exception
40832,,exception
40833,,exception
40834,,exception
40835,,exception
40836,,exception
40837,,exception
40838,,exception
40839,,exception
40840,,exception
40841,,exception
40842,,exception
40843,,exception
40844,,exception
40845,,exception
40846,,exception
40847,,exception
40848,,exception
40849,,exception
40850,,exception
40851,,exception
40852,,exception
40853,,exception
40854,,exception
40855,,exception
40856,,exception
40857,,exception
40858,,exception
40859,,exception
40860,,exception
40861,,exception
40862,,exception
40863,,exception
40864,,exception
40865,,exception
40866,,exception
40867,,exception
40868,,exception
40869,,exception
40870,,exception
40871,,exception
40872,,exception
40873,,exception
40874,,exception
40875,,exception
40876,,exception
40877,,exception
40878,,exception
40879,,exception
40880,,exception
40881,,exception
40882,,exception
40883,,exception
40884,,exception
40885,,exception
40886,,exception
40887,,exception
40888,,exception
40889,,exception
40890,,exception
40891,,exception
40892,,exception
40893,,exception
40894,,exception
40895,,exception
40896,,exception
40897,,exception
40898,,exception
40899,,exception
40900,,exception
40901,,exception
40902,,exception
40903,,exception
40904,,exception
40905,,exception
40906,,exception
40907,,exception
40908,,exception
40909,,exception
40910,,exception
40911,,exception
40912,,exception
40913,,exception
40914,,exception
40915,,exception
40916,,exception
40917,,exception
40918,,exception
40919,,exception
40920,,exception
40921,,exception
40922,,exception
40923,,exception
40924,,exception
40925,,exception
40926,,exception
40927,,exception
40928,,exception
40929,,exception
40930,,exception
40931,,exception
40932,,exception
40933,,exception
40934,,exception
40935,,exception
40936,,exception
40937,,exception
40938,,exception
40939,,exception
40940,,exception
40941,,exception
40942,,exception
40943,,exception
40944,,exception
40945,,exception
40946,,exception
40947,,exception
40948,,exception
40949,,exception
40950,,exception
40951,,exception
40952,,exception
40953,,exception
40954,,exception
40955,,exception
40956,,exception
40957,,exception
40958,,exception
40959,,exception
40960,,exception
40961,,exception
40962,,exception
40963,,exception
40964,,exception
40965,,exception
40966,,exception
40967,,exception
40968,,exception
40969,,exception
40970,,exception
40971,,exception
40972,,exception
40973,,exception
40974,,exception
40975,,exception
40976,,exception
40977,,exception
40978,,exception
40979,,exception
40980,,exception
40981,,exception
40982,,exception
40983,,exception
40984,,exception
40985,,exception
40986,,exception
40987,,exception
40988,,exception
40989,,exception
40990,,exception
40991,,exception
40992,,exception
40993,,exception
40994,,exception
40995,,exception
40996,,exception
40997,,exception
40998,,exception
40999,,exception
41000,,exception
41001,,exception
41002,,exception
41003,,exception
41004,,exception
41005,,exception
41006,,exception
41007,,exception
41008,,exception
41009,,exception
41010,,exception
41011,,exception
41012,,exception
41013,,exception
41014,,exception
41015,,exception
41016,,exception
41017,,exception
41018,,exception
41019,,exception
41020,,exception
41021,,exception
41022,,exception
41023,,exception
41024,,exception
41025,,exception
41026,,exception
41027,,exception
41028,,exception
41029,,exception
41030,,exception
41031,,exception
41032,,exception
41033,,exception
41034,,exception
41035,,exception
41036,,exception
41037,,exception
41038,,exception
41039,,exception
41040,,exception
41041,,exception
41042,,exception
41043,,exception
41044,,exception
41045,,exception
41046,,exception
41047,,exception
41048,,exception
41049,,exception
41050,,exception
41051,,exception
41052,,exception
41053,,exception
41054,,exception
41055,,exception
41056,,exception
41057,,exception
41058,,exception
41059,,exception
41060,,exception
41061,,exception
41062,,exception
41063,,exception
41064,,exception
41065,,exception
41066,,exception
41067,,exception
41068,,exception
41069,,exception
41070,,exception
41071,,exception
41072,,exception
41073,,exception
41074,,exception
41075,,exception
41076,,exception
41077,,exception
41078,,exception
41079,,exception
41080,,exception
41081,,exception
41082,,exception
41083,,exception
41084,,exception
41085,,exception
41086,,exception
41087,,exception
41088,,exception
41089,,exception
41090,,exception
41091,,exception
41092,,exception
41093,,exception
41094,,exception
41095,,exception
41096,,exception
41097,,exception
41098,,exception
41099,,exception
41100,,exception
41101,,exception
41102,,exception
41103,,exception
41104,,exception
41105,,exception
41106,,exception
41107,,exception
41108,,exception
41109,,exception
41110,,exception
41111,,exception
41112,,exception
41113,,exception
41114,,exception
41115,,exception
41116,,exception
41117,,exception
41118,,exception
41119,,exception
41120,,exception
41121,,exception
41122,,exception
41123,,exception
41124,,exception
41125,,exception
41126,,exception
41127,,exception
41128,,exception
41129,,exception
41130,,exception
41131,,exception
41132,,exception
41133,,exception
41134,,exception
41135,,exception
41136,,exception
41137,,exception
41138,,exception
41139,,exception
41140,,exception
41141,,exception
41142,,exception
41143,,exception
41144,,exception
41145,,exception
41146,,exception
41147,,exception
41148,,exception
41149,,exception
41150,,exception
41151,,exception
41152,,exception
41153,,exception
41154,,exception
41155,,exception
41156,,exception
41157,,exception
41158,,exception
41159,,exception
41160,,exception
41161,,exception
41162,,exception
41163,,exception
41164,,exception
41165,,exception
41166,,exception
41167,,exception
41168,,exception
41169,,exception
41170,,exception
41171,,exception
41172,,exception
41173,,exception
41174,,exception
41175,,exception
41176,,exception
41177,,exception
41178,,exception
41179,,exception
41180,,exception
41181,,exception
41182,,exception
41183,,exception
41184,,exception
41185,,exception
41186,,exception
41187,,exception
41188,,exception
41189,,exception
41190,,exception
41191,,exception
41192,,exception
41193,,exception
41194,,exception
41195,,exception
41196,,exception
41197,,exception
41198,,exception
41199,,exception
41200,,exception
41201,,exception
41202,,exception
41203,,exception
41204,,exception
41205,,exception
41206,,exception
41207,,exception
41208,,exception
41209,,exception
41210,,exception
41211,,exception
41212,,exception
41213,,exception
41214,,exception
41215,,exception
41216,,exception
41217,,exception
41218,,exception
41219,,exception
41220,,exception
41221,,exception
41222,,exception
41223,,exception
41224,,exception
41225,,exception
41226,,exception
41227,,exception
41228,,exception
41229,,exception
41230,,exception
41231,,exception
41232,,exception
41233,,exception
41234,,exception
41235,,exception
41236,,exception
41237,,exception
41238,,exception
41239,,exception
41240,,exception
41241,,exception
41242,,exception
41243,,exception
41244,,exception
41245,,exception
41246,,exception
41247,,exception
41248,,exception
41249,,exception
41250,,exception
41251,,exception
41252,,exception
41253,,exception
41254,,exception
41255,,exception
41256,,exception
41257,,exception
41258,,exception
41259,,exception
41260,,exception
41261,,exception
41262,,exception
41263,,exception
41264,,exception
41265,,exception
41266,,exception
41267,,exception
41268,,exception
41269,,exception
41270,,exception
41271,,exception
41272,,exception
41273,,exception
41274,,exception
41275,,exception
41276,,exception
41277,,exception
41278,,exception
41279,,exception
41280,,exception
41281,,exception
41282,,exception
41283,,exception
41284,,exception
41285,,exception
41286,,exception
41287,,exception
41288,,exception
41289,,exception
41290,,exception
41291,,exception
41292,,exception
41293,,exception
41294,,exception
41295,,exception
41296,,exception
41297,,exception
41298,,exception
41299,,exception
41300,,exception
41301,,exception
41302,,exception
41303,,exception
41304,,exception
41305,,exception
41306,,exception
41307,,exception
41308,,exception
41309,,exception
41310,,exception
41311,,exception
41312,,exception
41313,,exception
41314,,exception
41315,,exception
41316,,exception
41317,,exception
41318,,exception
41319,,exception
41320,,exception
41321,,exception
41322,,exception
41323,,exception
41324,,exception
41325,,exception
41326,,exception
41327,,exception
41328,,exception
41329,,exception
41330,,exception
41331,,exception
41332,,exception
41333,,exception
41334,,exception
41335,,exception
41336,,exception
41337,,exception
41338,,exception
41339,,exception
41340,,exception
41341,,exception
41342,,exception
41343,,exception
41344,,exception
41345,,exception
41346,,exception
41347,,exception
41348,,exception
41349,,exception
41350,,exception
41351,,exception
41352,,exception
41353,,exception
41354,,exception
41355,,exception
41356,,exception
41357,,exception
41358,,exception
41359,,exception
41360,,exception
41361,,exception
41362,,exception
41363,,exception
41364,,exception
41365,,exception
41366,,exception
41367,,exception
41368,,exception
41369,,exception
41370,,exception
41371,,exception
41372,,exception
41373,,exception
41374,,exception
41375,,exception
41376,,exception
41377,,exception
41378,,exception
41379,,exception
41380,,exception
41381,,exception
41382,,exception
41383,,exception
41384,,exception
41385,,exception
41386,,exception
41387,,exception
41388,,exception
41389,,exception
41390,,exception
41391,,exception
41392,,exception
41393,,exception
41394,,exception
41395,,exception
41396,,exception
41397,,exception
41398,,exception
41399,,exception
41400,,exception
41401,,exception
41402,,exception
41403,,exception
41404,,exception
41405,,exception
41406,,exception
41407,,exception
41408,,exception
41409,,exception
41410,,exception
41411,,exception
41412,,exception
41413,,exception
41414,,exception
41415,,exception
41416,,exception
41417,,exception
41418,,exception
41419,,exception
41420,,exception
41421,,exception
41422,,exception
41423,,exception
41424,,exception
41425,,exception
41426,,exception
41427,,exception
41428,,exception
41429,,exception
41430,,exception
41431,,exception
41432,,exception
41433,,exception
41434,,exception
41435,,exception
41436,,exception
41437,,exception
41438,,exception
41439,,exception
41440,,exception
41441,,exception
41442,,exception
41443,,exception
41444,,exception
41445,,exception
41446,,exception
41447,,exception
41448,,exception
41449,,exception
41450,,exception
41451,,exception
41452,,exception
41453,,exception
41454,,exception
41455,,exception
41456,,exception
41457,,exception
41458,,exception
41459,,exception
41460,,exception
41461,,exception
41462,,exception
41463,,exception
41464,,exception
41465,,exception
41466,,exception
41467,,exception
41468,,exception
41469,,exception
41470,,exception
41471,,exception
41472,,exception
41473,,exception
41474,,exception
41475,,exception
41476,,exception
41477,,exception
41478,,exception
41479,,exception
41480,,exception
41481,,exception
41482,,exception
41483,,exception
41484,,exception
41485,,exception
41486,,exception
41487,,exception
41488,,exception
41489,,exception
41490,,exception
41491,,exception
41492,,exception
41493,,exception
41494,,exception
41495,,exception
41496,,exception
41497,,exception
41498,,exception
41499,,exception
41500,,exception
41501,,exception
41502,,exception
41503,,exception
41504,,exception
41505,,exception
41506,,exception
41507,,exception
41508,,exception
41509,,exception
41510,,exception
41511,,exception
41512,,exception
41513,,exception
41514,,exception
41515,,exception
41516,,exception
41517,,exception
41518,,exception
41519,,exception
41520,,exception
41521,,exception
41522,,exception
41523,,exception
41524,,exception
41525,,exception
41526,,exception
41527,,exception
41528,,exception
41529,,exception
41530,,exception
41531,,exception
41532,,exception
41533,,exception
41534,,exception
41535,,exception
41536,,exception
41537,,exception
41538,,exception
41539,,exception
41540,,exception
41541,,exception
41542,,exception
41543,,exception
41544,,exception
41545,,exception
41546,,exception
41547,,exception
41548,,exception
41549,,exception
41550,,exception
41551,,exception
41552,,exception
41553,,exception
41554,,exception
41555,,exception
41556,,exception
41557,,exception
41558,,exception
41559,,exception
41560,,exception
41561,,exception
41562,,exception
41563,,exception
41564,,exception
41565,,exception
41566,,exception
41567,,exception
41568,,exception
41569,,exception
41570,,exception
41571,,exception
41572,,exception
41573,,exception
41574,,exception
41575,,exception
41576,,exception
41577,,exception
41578,,exception
41579,,exception
41580,,exception
41581,,exception
41582,,exception
41583,,exception
41584,,exception
41585,,exception
41586,,exception
41587,,exception
41588,,exception
41589,,exception
41590,,exception
41591,,exception
41592,,exception
41593,,exception
41594,,exception
41595,,exception
41596,,exception
41597,,exception
41598,,exception
41599,,exception
41600,,exception
41601,,exception
41602,,exception
41603,,exception
41604,,exception
41605,,exception
41606,,exception
41607,,exception
41608,,exception
41609,,exception
41610,,exception
41611,,exception
41612,,exception
41613,,exception
41614,,exception
41615,,exception
41616,,exception
41617,,exception
41618,,exception
41619,,exception
41620,,exception
41621,,exception
41622,,exception
41623,,exception
41624,,exception
41625,,exception
41626,,exception
41627,,exception
41628,,exception
41629,,exception
41630,,exception
41631,,exception
41632,,exception
41633,,exception
41634,,exception
41635,,exception
41636,,exception
41637,,exception
41638,,exception
41639,,exception
41640,,exception
41641,,exception
41642,,exception
41643,,exception
41644,,exception
41645,,exception
41646,,exception
41647,,exception
41648,,exception
41649,,exception
41650,,exception
41651,,exception
41652,,exception
41653,,exception
41654,,exception
41655,,exception
41656,,exception
41657,,exception
41658,,exception
41659,,exception
41660,,exception
41661,,exception
41662,,exception
41663,,exception
41664,,exception
41665,,exception
41666,,exception
41667,,exception
41668,,exception
41669,,exception
41670,,exception
41671,,exception
41672,,exception
41673,,exception
41674,,exception
41675,,exception
41676,,exception
41677,,exception
41678,,exception
41679,,exception
41680,,exception
41681,,exception
41682,,exception
41683,,exception
41684,,exception
41685,,exception
41686,,exception
41687,,exception
41688,,exception
41689,,exception
41690,,exception
41691,,exception
41692,,exception
41693,,exception
41694,,exception
41695,,exception
41696,,exception
41697,,exception
41698,,exception
41699,,exception
41700,,exception
41701,,exception
41702,,exception
41703,,exception
41704,,exception
41705,,exception
41706,,exception
41707,,exception
41708,,exception
41709,,exception
41710,,exception
41711,,exception
41712,,exception
41713,,exception
41714,,exception
41715,,exception
41716,,exception
41717,,exception
41718,,exception
41719,,exception
41720,,exception
41721,,exception
41722,,exception
41723,,exception
41724,,exception
41725,,exception
41726,,exception
41727,,exception
41728,,exception
41729,,exception
41730,,exception
41731,,exception
41732,,exception
41733,,exception
41734,,exception
41735,,exception
41736,,exception
41737,,exception
41738,,exception
41739,,exception
41740,,exception
41741,,exception
41742,,exception
41743,,exception
41744,,exception
41745,,exception
41746,,exception
41747,,exception
41748,,exception
41749,,exception
41750,,exception
41751,,exception
41752,,exception
41753,,exception
41754,,exception
41755,,exception
41756,,exception
41757,,exception
41758,,exception
41759,,exception
41760,,exception
41761,,exception
41762,,exception
41763,,exception
41764,,exception
41765,,exception
41766,,exception
41767,,exception
41768,,exception
41769,,exception
41770,,exception
41771,,exception
41772,,exception
41773,,exception
41774,,exception
41775,,exception
41776,,exception
41777,,exception
41778,,exception
41779,,exception
41780,,exception
41781,,exception
41782,,exception
41783,,exception
41784,,exception
41785,,exception
41786,,exception
41787,,exception
41788,,exception
41789,,exception
41790,,exception
41791,,exception
41792,,exception
41793,,exception
41794,,exception
41795,,exception
41796,,exception
41797,,exception
41798,,exception
41799,,exception
41800,,exception
41801,,exception
41802,,exception
41803,,exception
41804,,exception
41805,,exception
41806,,exception
41807,,exception
41808,,exception
41809,,exception
41810,,exception
41811,,exception
41812,,exception
41813,,exception
41814,,exception
41815,,exception
41816,,exception
41817,,exception
41818,,exception
41819,,exception
41820,,exception
41821,,exception
41822,,exception
41823,,exception
41824,,exception
41825,,exception
41826,,exception
41827,,exception
41828,,exception
41829,,exception
41830,,exception
41831,,exception
41832,,exception
41833,,exception
41834,,exception
41835,,exception
41836,,exception
41837,,exception
41838,,exception
41839,,exception
41840,,exception
41841,,exception
41842,,exception
41843,,exception
41844,,exception
41845,,exception
41846,,exception
41847,,exception
41848,,exception
41849,,exception
41850,,exception
41851,,exception
41852,,exception
41853,,exception
41854,,exception
41855,,exception
41856,,exception
41857,,exception
41858,,exception
41859,,exception
41860,,exception
41861,,exception
41862,,exception
41863,,exception
41864,,exception
41865,,exception
41866,,exception
41867,,exception
41868,,exception
41869,,exception
41870,,exception
41871,,exception
41872,,exception
41873,,exception
41874,,exception
41875,,exception
41876,,exception
41877,,exception
41878,,exception
41879,,exception
41880,,exception
41881,,exception
41882,,exception
41883,,exception
41884,,exception
41885,,exception
41886,,exception
41887,,exception
41888,,exception
41889,,exception
41890,,exception
41891,,exception
41892,,exception
41893,,exception
41894,,exception
41895,,exception
41896,,exception
41897,,exception
41898,,exception
41899,,exception
41900,,exception
41901,,exception
41902,,exception
41903,,exception
41904,,exception
41905,,exception
41906,,exception
41907,,exception
41908,,exception
41909,,exception
41910,,exception
41911,,exception
41912,,exception
41913,,exception
41914,,exception
41915,,exception
41916,,exception
41917,,exception
41918,,exception
41919,,exception
41920,,exception
41921,,exception
41922,,exception
41923,,exception
41924,,exception
41925,,exception
41926,,exception
41927,,exception
41928,,exception
41929,,exception
41930,,exception
41931,,exception
41932,,exception
41933,,exception
41934,,exception
41935,,exception
41936,,exception
41937,,exception
41938,,exception
41939,,exception
41940,,exception
41941,,exception
41942,,exception
41943,,exception
41944,,exception
41945,,exception
41946,,exception
41947,,exception
41948,,exception
41949,,exception
41950,,exception
41951,,exception
41952,,exception
41953,,exception
41954,,exception
41955,,exception
41956,,exception
41957,,exception
41958,,exception
41959,,exception
41960,,exception
41961,,exception
41962,,exception
41963,,exception
41964,,exception
41965,,exception
41966,,exception
41967,,exception
41968,,exception
41969,,exception
41970,,exception
41971,,exception
41972,,exception
41973,,exception
41974,,exception
41975,,exception
41976,,exception
41977,,exception
41978,,exception
41979,,exception
41980,,exception
41981,,exception
41982,,exception
41983,,exception
41984,,exception
41985,,exception
41986,,exception
41987,,exception
41988,,exception
41989,,exception
41990,,exception
41991,,exception
41992,,exception
41993,,exception
41994,,exception
41995,,exception
41996,,exception
41997,,exception
41998,,exception
41999,,exception
42000,,exception
42001,,exception
42002,,exception
42003,,exception
42004,,exception
42005,,exception
42006,,exception
42007,,exception
42008,,exception
42009,,exception
42010,,exception
42011,,exception
42012,,exception
42013,,exception
42014,,exception
42015,,exception
42016,,exception
42017,,exception
42018,,exception
42019,,exception
42020,,exception
42021,,exception
42022,,exception
42023,,exception
42024,,exception
42025,,exception
42026,,exception
42027,,exception
42028,,exception
42029,,exception
42030,,exception
42031,,exception
42032,,exception
42033,,exception
42034,,exception
42035,,exception
42036,,exception
42037,,exception
42038,,exception
42039,,exception
42040,,exception
42041,,exception
42042,,exception
42043,,exception
42044,,exception
42045,,exception
42046,,exception
42047,,exception
42048,,exception
42049,,exception
42050,,exception
42051,,exception
42052,,exception
42053,,exception
42054,,exception
42055,,exception
42056,,exception
42057,,exception
42058,,exception
42059,,exception
42060,,exception
42061,,exception
42062,,exception
42063,,exception
42064,,exception
42065,,exception
42066,,exception
42067,,exception
42068,,exception
42069,,exception
42070,,exception
42071,,exception
42072,,exception
42073,,exception
42074,,exception
42075,,exception
42076,,exception
42077,,exception
42078,,exception
42079,,exception
42080,,exception
42081,,exception
42082,,exception
42083,,exception
42084,,exception
42085,,exception
42086,,exception
42087,,exception
42088,,exception
42089,,exception
42090,,exception
42091,,exception
42092,,exception
42093,,exception
42094,,exception
42095,,exception
42096,,exception
42097,,exception
42098,,exception
42099,,exception
42100,,exception
42101,,exception
42102,,exception
42103,,exception
42104,,exception
42105,,exception
42106,,exception
42107,,exception
42108,,exception
42109,,exception
42110,,exception
42111,,exception
42112,,exception
42113,,exception
42114,,exception
42115,,exception
42116,,exception
42117,,exception
42118,,exception
42119,,exception
42120,,exception
42121,,exception
42122,,exception
42123,,exception
42124,,exception
42125,,exception
42126,,exception
42127,,exception
42128,,exception
42129,,exception
42130,,exception
42131,,exception
42132,,exception
42133,,exception
42134,,exception
42135,,exception
42136,,exception
42137,,exception
42138,,exception
42139,,exception
42140,,exception
42141,,exception
42142,,exception
42143,,exception
42144,,exception
42145,,exception
42146,,exception
42147,,exception
42148,,exception
42149,,exception
42150,,exception
42151,,exception
42152,,exception
42153,,exception
42154,,exception
42155,,exception
42156,,exception
42157,,exception
42158,,exception
42159,,exception
42160,,exception
42161,,exception
42162,,exception
42163,,exception
42164,,exception
42165,,exception
42166,,exception
42167,,exception
42168,,exception
42169,,exception
42170,,exception
42171,,exception
42172,,exception
42173,,exception
42174,,exception
42175,,exception
42176,,exception
42177,,exception
42178,,exception
42179,,exception
42180,,exception
42181,,exception
42182,,exception
42183,,exception
42184,,exception
42185,,exception
42186,,exception
42187,,exception
42188,,exception
42189,,exception
42190,,exception
42191,,exception
42192,,exception
42193,,exception
42194,,exception
42195,,exception
42196,,exception
42197,,exception
42198,,exception
42199,,exception
42200,,exception
42201,,exception
42202,,exception
42203,,exception
42204,,exception
42205,,exception
42206,,exception
42207,,exception
42208,,exception
42209,,exception
42210,,exception
42211,,exception
42212,,exception
42213,,exception
42214,,exception
42215,,exception
42216,,exception
42217,,exception
42218,,exception
42219,,exception
42220,,exception
42221,,exception
42222,,exception
42223,,exception
42224,,exception
42225,,exception
42226,,exception
42227,,exception
42228,,exception
42229,,exception
42230,,exception
42231,,exception
42232,,exception
42233,,exception
42234,,exception
42235,,exception
42236,,exception
42237,,exception
42238,,exception
42239,,exception
42240,,exception
42241,,exception
42242,,exception
42243,,exception
42244,,exception
42245,,exception
42246,,exception
42247,,exception
42248,,exception
42249,,exception
42250,,exception
42251,,exception
42252,,exception
42253,,exception
42254,,exception
42255,,exception
42256,,exception
42257,,exception
42258,,exception
42259,,exception
42260,,exception
42261,,exception
42262,,exception
42263,,exception
42264,,exception
42265,,exception
42266,,exception
42267,,exception
42268,,exception
42269,,exception
42270,,exception
42271,,exception
42272,,exception
42273,,exception
42274,,exception
42275,,exception
42276,,exception
42277,,exception
42278,,exception
42279,,exception
42280,,exception
42281,,exception
42282,,exception
42283,,exception
42284,,exception
42285,,exception
42286,,exception
42287,,exception
42288,,exception
42289,,exception
42290,,exception
42291,,exception
42292,,exception
42293,,exception
42294,,exception
42295,,exception
42296,,exception
42297,,exception
42298,,exception
42299,,exception
42300,,exception
42301,,exception
42302,,exception
42303,,exception
42304,,exception
42305,,exception
42306,,exception
42307,,exception
42308,,exception
42309,,exception
42310,,exception
42311,,exception
42312,,exception
42313,,exception
42314,,exception
42315,,exception
42316,,exception
42317,,exception
42318,,exception
42319,,exception
42320,,exception
42321,,exception
42322,,exception
42323,,exception
42324,,exception
42325,,exception
42326,,exception
42327,,exception
42328,,exception
42329,,exception
42330,,exception
42331,,exception
42332,,exception
42333,,exception
42334,,exception
42335,,exception
42336,,exception
42337,,exception
42338,,exception
42339,,exception
42340,,exception
42341,,exception
42342,,exception
42343,,exception
42344,,exception
42345,,exception
42346,,exception
42347,,exception
42348,,exception
42349,,exception
42350,,exception
42351,,exception
42352,,exception
42353,,exception
42354,,exception
42355,,exception
42356,,exception
42357,,exception
42358,,exception
42359,,exception
42360,,exception
42361,,exception
42362,,exception
42363,,exception
42364,,exception
42365,,exception
42366,,exception
42367,,exception
42368,,exception
42369,,exception
42370,,exception
42371,,exception
42372,,exception
42373,,exception
42374,,exception
42375,,exception
42376,,exception
42377,,exception
42378,,exception
42379,,exception
42380,,exception
42381,,exception
42382,,exception
42383,,exception
42384,,exception
42385,,exception
42386,,exception
42387,,exception
42388,,exception
42389,,exception
42390,,exception
42391,,exception
42392,,exception
42393,,exception
42394,,exception
42395,,exception
42396,,exception
42397,,exception
42398,,exception
42399,,exception
42400,,exception
42401,,exception
42402,,exception
42403,,exception
42404,,exception
42405,,exception
42406,,exception
42407,,exception
42408,,exception
42409,,exception
42410,,exception
42411,,exception
42412,,exception
42413,,exception
42414,,exception
42415,,exception
42416,,exception
42417,,exception
42418,,exception
42419,,exception
42420,,exception
42421,,exception
42422,,exception
42423,,exception
42424,,exception
42425,,exception
42426,,exception
42427,,exception
42428,,exception
42429,,exception
42430,,exception
42431,,exception
42432,,exception
42433,,exception
42434,,exception
42435,,exception
42436,,exception
42437,,exception
42438,,exception
42439,,exception
42440,,exception
42441,,exception
42442,,exception
42443,,exception
42444,,exception
42445,,exception
42446,,exception
42447,,exception
42448,,exception
42449,,exception
42450,,exception
42451,,exception
42452,,exception
42453,,exception
42454,,exception
42455,,exception
42456,,exception
42457,,exception
42458,,exception
42459,,exception
42460,,exception
42461,,exception
42462,,exception
42463,,exception
42464,,exception
42465,,exception
42466,,exception
42467,,exception
42468,,exception
42469,,exception
42470,,exception
42471,,exception
42472,,exception
42473,,exception
42474,,exception
42475,,exception
42476,,exception
42477,,exception
42478,,exception
42479,,exception
42480,,exception
42481,,exception
42482,,exception
42483,,exception
42484,,exception
42485,,exception
42486,,exception
42487,,exception
42488,,exception
42489,,exception
42490,,exception
42491,,exception
42492,,exception
42493,,exception
42494,,exception
42495,,exception
42496,,exception
42497,,exception
42498,,exception
42499,,exception
42500,,exception
42501,,exception
42502,,exception
42503,,exception
42504,,exception
42505,,exception
42506,,exception
42507,,exception
42508,,exception
42509,,exception
42510,,exception
42511,,exception
42512,,exception
42513,,exception
42514,,exception
42515,,exception
42516,,exception
42517,,exception
42518,,exception
42519,,exception
42520,,exception
42521,,exception
42522,,exception
42523,,exception
42524,,exception
42525,,exception
42526,,exception
42527,,exception
42528,,exception
42529,,exception
42530,,exception
42531,,exception
42532,,exception
42533,,exception
42534,,exception
42535,,exception
42536,,exception
42537,,exception
42538,,exception
42539,,exception
42540,,exception
42541,,exception
42542,,exception
42543,,exception
42544,,exception
42545,,exception
42546,,exception
42547,,exception
42548,,exception
42549,,exception
42550,,exception
42551,,exception
42552,,exception
42553,,exception
42554,,exception
42555,,exception
42556,,exception
42557,,exception
42558,,exception
42559,,exception
42560,,exception
42561,,exception
42562,,exception
42563,,exception
42564,,exception
42565,,exception
42566,,exception
42567,,exception
42568,,exception
42569,,exception
42570,,exception
42571,,exception
42572,,exception
42573,,exception
42574,,exception
42575,,exception
42576,,exception
42577,,exception
42578,,exception
42579,,exception
42580,,exception
42581,,exception
42582,,exception
42583,,exception
42584,,exception
42585,,exception
42586,,exception
42587,,exception
42588,,exception
42589,,exception
42590,,exception
42591,,exception
42592,,exception
42593,,exception
42594,,exception
42595,,exception
42596,,exception
42597,,exception
42598,,exception
42599,,exception
42600,,exception
42601,,exception
42602,,exception
42603,,exception
42604,,exception
42605,,exception
42606,,exception
42607,,exception
42608,,exception
42609,,exception
42610,,exception
42611,,exception
42612,,exception
42613,,exception
42614,,exception
42615,,exception
42616,,exception
42617,,exception
42618,,exception
42619,,exception
42620,,exception
42621,,exception
42622,,exception
42623,,exception
42624,,exception
42625,,exception
42626,,exception
42627,,exception
42628,,exception
42629,,exception
42630,,exception
42631,,exception
42632,,exception
42633,,exception
42634,,exception
42635,,exception
42636,,exception
42637,,exception
42638,,exception
42639,,exception
42640,,exception
42641,,exception
42642,,exception
42643,,exception
42644,,exception
42645,,exception
42646,,exception
42647,,exception
42648,,exception
42649,,exception
42650,,exception
42651,,exception
42652,,exception
42653,,exception
42654,,exception
42655,,exception
42656,,exception
42657,,exception
42658,,exception
42659,,exception
42660,,exception
42661,,exception
42662,,exception
42663,,exception
42664,,exception
42665,,exception
42666,,exception
42667,,exception
42668,,exception
42669,,exception
42670,,exception
42671,,exception
42672,,exception
42673,,exception
42674,,exception
42675,,exception
42676,,exception
42677,,exception
42678,,exception
42679,,exception
42680,,exception
42681,,exception
42682,,exception
42683,,exception
42684,,exception
42685,,exception
42686,,exception
42687,,exception
42688,,exception
42689,,exception
42690,,exception
42691,,exception
42692,,exception
42693,,exception
42694,,exception
42695,,exception
42696,,exception
42697,,exception
42698,,exception
42699,,exception
42700,,exception
42701,,exception
42702,,exception
42703,,exception
42704,,exception
42705,,exception
42706,,exception
42707,,exception
42708,,exception
42709,,exception
42710,,exception
42711,,exception
42712,,exception
42713,,exception
42714,,exception
42715,,exception
42716,,exception
42717,,exception
42718,,exception
42719,,exception
42720,,exception
42721,,exception
42722,,exception
42723,,exception
42724,,exception
42725,,exception
42726,,exception
42727,,exception
42728,,exception
42729,,exception
42730,,exception
42731,,exception
42732,,exception
42733,,exception
42734,,exception
42735,,exception
42736,,exception
42737,,exception
42738,,exception
42739,,exception
42740,,exception
42741,,exception
42742,,exception
42743,,exception
42744,,exception
42745,,exception
42746,,exception
42747,,exception
42748,,exception
42749,,exception
42750,,exception
42751,,exception
42752,,exception
42753,,exception
42754,,exception
42755,,exception
42756,,exception
42757,,exception
42758,,exception
42759,,exception
42760,,exception
42761,,exception
42762,,exception
42763,,exception
42764,,exception
42765,,exception
42766,,exception
42767,,exception
42768,,exception
42769,,exception
42770,,exception
42771,,exception
42772,,exception
42773,,exception
42774,,exception
42775,,exception
42776,,exception
42777,,exception
42778,,exception
42779,,exception
42780,,exception
42781,,exception
42782,,exception
42783,,exception
42784,,exception
42785,,exception
42786,,exception
42787,,exception
42788,,exception
42789,,exception
42790,,exception
42791,,exception
42792,,exception
42793,,exception
42794,,exception
42795,,exception
42796,,exception
42797,,exception
42798,,exception
42799,,exception
42800,,exception
42801,,exception
42802,,exception
42803,,exception
42804,,exception
42805,,exception
42806,,exception
42807,,exception
42808,,exception
42809,,exception
42810,,exception
42811,,exception
42812,,exception
42813,,exception
42814,,exception
42815,,exception
42816,,exception
42817,,exception
42818,,exception
42819,,exception
42820,,exception
42821,,exception
42822,,exception
42823,,exception
42824,,exception
42825,,exception
42826,,exception
42827,,exception
42828,,exception
42829,,exception
42830,,exception
42831,,exception
42832,,exception
42833,,exception
42834,,exception
42835,,exception
42836,,exception
42837,,exception
42838,,exception
42839,,exception
42840,,exception
42841,,exception
42842,,exception
42843,,exception
42844,,exception
42845,,exception
42846,,exception
42847,,exception
42848,,exception
42849,,exception
42850,,exception
42851,,exception
42852,,exception
42853,,exception
42854,,exception
42855,,exception
42856,,exception
42857,,exception
42858,,exception
42859,,exception
42860,,exception
42861,,exception
42862,,exception
42863,,exception
42864,,exception
42865,,exception
42866,,exception
42867,,exception
42868,,exception
42869,,exception
42870,,exception
42871,,exception
42872,,exception
42873,,exception
42874,,exception
42875,,exception
42876,,exception
42877,,exception
42878,,exception
42879,,exception
42880,,exception
42881,,exception
42882,,exception
42883,,exception
42884,,exception
42885,,exception
42886,,exception
42887,,exception
42888,,exception
42889,,exception
42890,,exception
42891,,exception
42892,,exception
42893,,exception
42894,,exception
42895,,exception
42896,,exception
42897,,exception
42898,,exception
42899,,exception
42900,,exception
42901,,exception
42902,,exception
42903,,exception
42904,,exception
42905,,exception
42906,,exception
42907,,exception
42908,,exception
42909,,exception
42910,,exception
42911,,exception
42912,,exception
42913,,exception
42914,,exception
42915,,exception
42916,,exception
42917,,exception
42918,,exception
42919,,exception
42920,,exception
42921,,exception
42922,,exception
42923,,exception
42924,,exception
42925,,exception
42926,,exception
42927,,exception
42928,,exception
42929,,exception
42930,,exception
42931,,exception
42932,,exception
42933,,exception
42934,,exception
42935,,exception
42936,,exception
42937,,exception
42938,,exception
42939,,exception
42940,,exception
42941,,exception
42942,,exception
42943,,exception
42944,,exception
42945,,exception
42946,,exception
42947,,exception
42948,,exception
42949,,exception
42950,,exception
42951,,exception
42952,,exception
42953,,exception
42954,,exception
42955,,exception
42956,,exception
42957,,exception
42958,,exception
42959,,exception
42960,,exception
42961,,exception
42962,,exception
42963,,exception
42964,,exception
42965,,exception
42966,,exception
42967,,exception
42968,,exception
42969,,exception
42970,,exception
42971,,exception
42972,,exception
42973,,exception
42974,,exception
42975,,exception
42976,,exception
42977,,exception
42978,,exception
42979,,exception
42980,,exception
42981,,exception
42982,,exception
42983,,exception
42984,,exception
42985,,exception
42986,,exception
42987,,exception
42988,,exception
42989,,exception
42990,,exception
42991,,exception
42992,,exception
42993,,exception
42994,,exception
42995,,exception
42996,,exception
42997,,exception
42998,,exception
42999,,exception
43000,,exception
43001,,exception
43002,,exception
43003,,exception
43004,,exception
43005,,exception
43006,,exception
43007,,exception
43008,,exception
43009,,exception
43010,,exception
43011,,exception
43012,,exception
43013,,exception
43014,,exception
43015,,exception
43016,,exception
43017,,exception
43018,,exception
43019,,exception
43020,,exception
43021,,exception
43022,,exception
43023,,exception
43024,,exception
43025,,exception
43026,,exception
43027,,exception
43028,,exception
43029,,exception
43030,,exception
43031,,exception
43032,,exception
43033,,exception
43034,,exception
43035,,exception
43036,,exception
43037,,exception
43038,,exception
43039,,exception
43040,,exception
43041,,exception
43042,,exception
43043,,exception
43044,,exception
43045,,exception
43046,,exception
43047,,exception
43048,,exception
43049,,exception
43050,,exception
43051,,exception
43052,,exception
43053,,exception
43054,,exception
43055,,exception
43056,,exception
43057,,exception
43058,,exception
43059,,exception
43060,,exception
43061,,exception
43062,,exception
43063,,exception
43064,,exception
43065,,exception
43066,,exception
43067,,exception
43068,,exception
43069,,exception
43070,,exception
43071,,exception
43072,,exception
43073,,exception
43074,,exception
43075,,exception
43076,,exception
43077,,exception
43078,,exception
43079,,exception
43080,,exception
43081,,exception
43082,,exception
43083,,exception
43084,,exception
43085,,exception
43086,,exception
43087,,exception
43088,,exception
43089,,exception
43090,,exception
43091,,exception
43092,,exception
43093,,exception
43094,,exception
43095,,exception
43096,,exception
43097,,exception
43098,,exception
43099,,exception
43100,,exception
43101,,exception
43102,,exception
43103,,exception
43104,,exception
43105,,exception
43106,,exception
43107,,exception
43108,,exception
43109,,exception
43110,,exception
43111,,exception
43112,,exception
43113,,exception
43114,,exception
43115,,exception
43116,,exception
43117,,exception
43118,,exception
43119,,exception
43120,,exception
43121,,exception
43122,,exception
43123,,exception
43124,,exception
43125,,exception
43126,,exception
43127,,exception
43128,,exception
43129,,exception
43130,,exception
43131,,exception
43132,,exception
43133,,exception
43134,,exception
43135,,exception
43136,,exception
43137,,exception
43138,,exception
43139,,exception
43140,,exception
43141,,exception
43142,,exception
43143,,exception
43144,,exception
43145,,exception
43146,,exception
43147,,exception
43148,,exception
43149,,exception
43150,,exception
43151,,exception
43152,,exception
43153,,exception
43154,,exception
43155,,exception
43156,,exception
43157,,exception
43158,,exception
43159,,exception
43160,,exception
43161,,exception
43162,,exception
43163,,exception
43164,,exception
43165,,exception
43166,,exception
43167,,exception
43168,,exception
43169,,exception
43170,,exception
43171,,exception
43172,,exception
43173,,exception
43174,,exception
43175,,exception
43176,,exception
43177,,exception
43178,,exception
43179,,exception
43180,,exception
43181,,exception
43182,,exception
43183,,exception
43184,,exception
43185,,exception
43186,,exception
43187,,exception
43188,,exception
43189,,exception
43190,,exception
43191,,exception
43192,,exception
43193,,exception
43194,,exception
43195,,exception
43196,,exception
43197,,exception
43198,,exception
43199,,exception
43200,,exception
43201,,exception
43202,,exception
43203,,exception
43204,,exception
43205,,exception
43206,,exception
43207,,exception
43208,,exception
43209,,exception
43210,,exception
43211,,exception
43212,,exception
43213,,exception
43214,,exception
43215,,exception
43216,,exception
43217,,exception
43218,,exception
43219,,exception
43220,,exception
43221,,exception
43222,,exception
43223,,exception
43224,,exception
43225,,exception
43226,,exception
43227,,exception
43228,,exception
43229,,exception
43230,,exception
43231,,exception
43232,,exception
43233,,exception
43234,,exception
43235,,exception
43236,,exception
43237,,exception
43238,,exception
43239,,exception
43240,,exception
43241,,exception
43242,,exception
43243,,exception
43244,,exception
43245,,exception
43246,,exception
43247,,exception
43248,,exception
43249,,exception
43250,,exception
43251,,exception
43252,,exception
43253,,exception
43254,,exception
43255,,exception
43256,,exception
43257,,exception
43258,,exception
43259,,exception
43260,,exception
43261,,exception
43262,,exception
43263,,exception
43264,,exception
43265,,exception
43266,,exception
43267,,exception
43268,,exception
43269,,exception
43270,,exception
43271,,exception
43272,,exception
43273,,exception
43274,,exception
43275,,exception
43276,,exception
43277,,exception
43278,,exception
43279,,exception
43280,,exception
43281,,exception
43282,,exception
43283,,exception
43284,,exception
43285,,exception
43286,,exception
43287,,exception
43288,,exception
43289,,exception
43290,,exception
43291,,exception
43292,,exception
43293,,exception
43294,,exception
43295,,exception
43296,,exception
43297,,exception
43298,,exception
43299,,exception
43300,,exception
43301,,exception
43302,,exception
43303,,exception
43304,,exception
43305,,exception
43306,,exception
43307,,exception
43308,,exception
43309,,exception
43310,,exception
43311,,exception
43312,,exception
43313,,exception
43314,,exception
43315,,exception
43316,,exception
43317,,exception
43318,,exception
43319,,exception
43320,,exception
43321,,exception
43322,,exception
43323,,exception
43324,,exception
43325,,exception
43326,,exception
43327,,exception
43328,,exception
43329,,exception
43330,,exception
43331,,exception
43332,,exception
43333,,exception
43334,,exception
43335,,exception
43336,,exception
43337,,exception
43338,,exception
43339,,exception
43340,,exception
43341,,exception
43342,,exception
43343,,exception
43344,,exception
43345,,exception
43346,,exception
43347,,exception
43348,,exception
43349,,exception
43350,,exception
43351,,exception
43352,,exception
43353,,exception
43354,,exception
43355,,exception
43356,,exception
43357,,exception
43358,,exception
43359,,exception
43360,,exception
43361,,exception
43362,,exception
43363,,exception
43364,,exception
43365,,exception
43366,,exception
43367,,exception
43368,,exception
43369,,exception
43370,,exception
43371,,exception
43372,,exception
43373,,exception
43374,,exception
43375,,exception
43376,,exception
43377,,exception
43378,,exception
43379,,exception
43380,,exception
43381,,exception
43382,,exception
43383,,exception
43384,,exception
43385,,exception
43386,,exception
43387,,exception
43388,,exception
43389,,exception
43390,,exception
43391,,exception
43392,,exception
43393,,exception
43394,,exception
43395,,exception
43396,,exception
43397,,exception
43398,,exception
43399,,exception
43400,,exception
43401,,exception
43402,,exception
43403,,exception
43404,,exception
43405,,exception
43406,,exception
43407,,exception
43408,,exception
43409,,exception
43410,,exception
43411,,exception
43412,,exception
43413,,exception
43414,,exception
43415,,exception
43416,,exception
43417,,exception
43418,,exception
43419,,exception
43420,,exception
43421,,exception
43422,,exception
43423,,exception
43424,,exception
43425,,exception
43426,,exception
43427,,exception
43428,,exception
43429,,exception
43430,,exception
43431,,exception
43432,,exception
43433,,exception
43434,,exception
43435,,exception
43436,,exception
43437,,exception
43438,,exception
43439,,exception
43440,,exception
43441,,exception
43442,,exception
43443,,exception
43444,,exception
43445,,exception
43446,,exception
43447,,exception
43448,,exception
43449,,exception
43450,,exception
43451,,exception
43452,,exception
43453,,exception
43454,,exception
43455,,exception
43456,,exception
43457,,exception
43458,,exception
43459,,exception
43460,,exception
43461,,exception
43462,,exception
43463,,exception
43464,,exception
43465,,exception
43466,,exception
43467,,exception
43468,,exception
43469,,exception
43470,,exception
43471,,exception
43472,,exception
43473,,exception
43474,,exception
43475,,exception
43476,,exception
43477,,exception
43478,,exception
43479,,exception
43480,,exception
43481,,exception
43482,,exception
43483,,exception
43484,,exception
43485,,exception
43486,,exception
43487,,exception
43488,,exception
43489,,exception
43490,,exception
43491,,exception
43492,,exception
43493,,exception
43494,,exception
43495,,exception
43496,,exception
43497,,exception
43498,,exception
43499,,exception
43500,,exception
43501,,exception
43502,,exception
43503,,exception
43504,,exception
43505,,exception
43506,,exception
43507,,exception
43508,,exception
43509,,exception
43510,,exception
43511,,exception
43512,,exception
43513,,exception
43514,,exception
43515,,exception
43516,,exception
43517,,exception
43518,,exception
43519,,exception
43520,,exception
43521,,exception
43522,,exception
43523,,exception
43524,,exception
43525,,exception
43526,,exception
43527,,exception
43528,,exception
43529,,exception
43530,,exception
43531,,exception
43532,,exception
43533,,exception
43534,,exception
43535,,exception
43536,,exception
43537,,exception
43538,,exception
43539,,exception
43540,,exception
43541,,exception
43542,,exception
43543,,exception
43544,,exception
43545,,exception
43546,,exception
43547,,exception
43548,,exception
43549,,exception
43550,,exception
43551,,exception
43552,,exception
43553,,exception
43554,,exception
43555,,exception
43556,,exception
43557,,exception
43558,,exception
43559,,exception
43560,,exception
43561,,exception
43562,,exception
43563,,exception
43564,,exception
43565,,exception
43566,,exception
43567,,exception
43568,,exception
43569,,exception
43570,,exception
43571,,exception
43572,,exception
43573,,exception
43574,,exception
43575,,exception
43576,,exception
43577,,exception
43578,,exception
43579,,exception
43580,,exception
43581,,exception
43582,,exception
43583,,exception
43584,,exception
43585,,exception
43586,,exception
43587,,exception
43588,,exception
43589,,exception
43590,,exception
43591,,exception
43592,,exception
43593,,exception
43594,,exception
43595,,exception
43596,,exception
43597,,exception
43598,,exception
43599,,exception
43600,,exception
43601,,exception
43602,,exception
43603,,exception
43604,,exception
43605,,exception
43606,,exception
43607,,exception
43608,,exception
43609,,exception
43610,,exception
43611,,exception
43612,,exception
43613,,exception
43614,,exception
43615,,exception
43616,,exception
43617,,exception
43618,,exception
43619,,exception
43620,,exception
43621,,exception
43622,,exception
43623,,exception
43624,,exception
43625,,exception
43626,,exception
43627,,exception
43628,,exception
43629,,exception
43630,,exception
43631,,exception
43632,,exception
43633,,exception
43634,,exception
43635,,exception
43636,,exception
43637,,exception
43638,,exception
43639,,exception
43640,,exception
43641,,exception
43642,,exception
43643,,exception
43644,,exception
43645,,exception
43646,,exception
43647,,exception
43648,,exception
43649,,exception
43650,,exception
43651,,exception
43652,,exception
43653,,exception
43654,,exception
43655,,exception
43656,,exception
43657,,exception
43658,,exception
43659,,exception
43660,,exception
43661,,exception
43662,,exception
43663,,exception
43664,,exception
43665,,exception
43666,,exception
43667,,exception
43668,,exception
43669,,exception
43670,,exception
43671,,exception
43672,,exception
43673,,exception
43674,,exception
43675,,exception
43676,,exception
43677,,exception
43678,,exception
43679,,exception
43680,,exception
43681,,exception
43682,,exception
43683,,exception
43684,,exception
43685,,exception
43686,,exception
43687,,exception
43688,,exception
43689,,exception
43690,,exception
43691,,exception
43692,,exception
43693,,exception
43694,,exception
43695,,exception
43696,,exception
43697,,exception
43698,,exception
43699,,exception
43700,,exception
43701,,exception
43702,,exception
43703,,exception
43704,,exception
43705,,exception
43706,,exception
43707,,exception
43708,,exception
43709,,exception
43710,,exception
43711,,exception
43712,,exception
43713,,exception
43714,,exception
43715,,exception
43716,,exception
43717,,exception
43718,,exception
43719,,exception
43720,,exception
43721,,exception
43722,,exception
43723,,exception
43724,,exception
43725,,exception
43726,,exception
43727,,exception
43728,,exception
43729,,exception
43730,,exception
43731,,exception
43732,,exception
43733,,exception
43734,,exception
43735,,exception
43736,,exception
43737,,exception
43738,,exception
43739,,exception
43740,,exception
43741,,exception
43742,,exception
43743,,exception
43744,,exception
43745,,exception
43746,,exception
43747,,exception
43748,,exception
43749,,exception
43750,,exception
43751,,exception
43752,,exception
43753,,exception
43754,,exception
43755,,exception
43756,,exception
43757,,exception
43758,,exception
43759,,exception
43760,,exception
43761,,exception
43762,,exception
43763,,exception
43764,,exception
43765,,exception
43766,,exception
43767,,exception
43768,,exception
43769,,exception
43770,,exception
43771,,exception
43772,,exception
43773,,exception
43774,,exception
43775,,exception
43776,,exception
43777,,exception
43778,,exception
43779,,exception
43780,,exception
43781,,exception
43782,,exception
43783,,exception
43784,,exception
43785,,exception
43786,,exception
43787,,exception
43788,,exception
43789,,exception
43790,,exception
43791,,exception
43792,,exception
43793,,exception
43794,,exception
43795,,exception
43796,,exception
43797,,exception
43798,,exception
43799,,exception
43800,,exception
43801,,exception
43802,,exception
43803,,exception
43804,,exception
43805,,exception
43806,,exception
43807,,exception
43808,,exception
43809,,exception
43810,,exception
43811,,exception
43812,,exception
43813,,exception
43814,,exception
43815,,exception
43816,,exception
43817,,exception
43818,,exception
43819,,exception
43820,,exception
43821,,exception
43822,,exception
43823,,exception
43824,,exception
43825,,exception
43826,,exception
43827,,exception
43828,,exception
43829,,exception
43830,,exception
43831,,exception
43832,,exception
43833,,exception
43834,,exception
43835,,exception
43836,,exception
43837,,exception
43838,,exception
43839,,exception
43840,,exception
43841,,exception
43842,,exception
43843,,exception
43844,,exception
43845,,exception
43846,,exception
43847,,exception
43848,,exception
43849,,exception
43850,,exception
43851,,exception
43852,,exception
43853,,exception
43854,,exception
43855,,exception
43856,,exception
43857,,exception
43858,,exception
43859,,exception
43860,,exception
43861,,exception
43862,,exception
43863,,exception
43864,,exception
43865,,exception
43866,,exception
43867,,exception
43868,,exception
43869,,exception
43870,,exception
43871,,exception
43872,,exception
43873,,exception
43874,,exception
43875,,exception
43876,,exception
43877,,exception
43878,,exception
43879,,exception
43880,,exception
43881,,exception
43882,,exception
43883,,exception
43884,,exception
43885,,exception
43886,,exception
43887,,exception
43888,,exception
43889,,exception
43890,,exception
43891,,exception
43892,,exception
43893,,exception
43894,,exception
43895,,exception
43896,,exception
43897,,exception
43898,,exception
43899,,exception
43900,,exception
43901,,exception
43902,,exception
43903,,exception
43904,,exception
43905,,exception
43906,,exception
43907,,exception
43908,,exception
43909,,exception
43910,,exception
43911,,exception
43912,,exception
43913,,exception
43914,,exception
43915,,exception
43916,,exception
43917,,exception
43918,,exception
43919,,exception
43920,,exception
43921,,exception
43922,,exception
43923,,exception
43924,,exception
43925,,exception
43926,,exception
43927,,exception
43928,,exception
43929,,exception
43930,,exception
43931,,exception
43932,,exception
43933,,exception
43934,,exception
43935,,exception
43936,,exception
43937,,exception
43938,,exception
43939,,exception
43940,,exception
43941,,exception
43942,,exception
43943,,exception
43944,,exception
43945,,exception
43946,,exception
43947,,exception
43948,,exception
43949,,exception
43950,,exception
43951,,exception
43952,,exception
43953,,exception
43954,,exception
43955,,exception
43956,,exception
43957,,exception
43958,,exception
43959,,exception
43960,,exception
43961,,exception
43962,,exception
43963,,exception
43964,,exception
43965,,exception
43966,,exception
43967,,exception
43968,,exception
43969,,exception
43970,,exception
43971,,exception
43972,,exception
43973,,exception
43974,,exception
43975,,exception
43976,,exception
43977,,exception
43978,,exception
43979,,exception
43980,,exception
43981,,exception
43982,,exception
43983,,exception
43984,,exception
43985,,exception
43986,,exception
43987,,exception
43988,,exception
43989,,exception
43990,,exception
43991,,exception
43992,,exception
43993,,exception
43994,,exception
43995,,exception
43996,,exception
43997,,exception
43998,,exception
43999,,exception
44000,,exception
44001,,exception
44002,,exception
44003,,exception
44004,,exception
44005,,exception
44006,,exception
44007,,exception
44008,,exception
44009,,exception
44010,,exception
44011,,exception
44012,,exception
44013,,exception
44014,,exception
44015,,exception
44016,,exception
44017,,exception
44018,,exception
44019,,exception
44020,,exception
44021,,exception
44022,,exception
44023,,exception
44024,,exception
44025,,exception
44026,,exception
44027,,exception
44028,,exception
44029,,exception
44030,,exception
44031,,exception
44032,,exception
44033,,exception
44034,,exception
44035,,exception
44036,,exception
44037,,exception
44038,,exception
44039,,exception
44040,,exception
44041,,exception
44042,,exception
44043,,exception
44044,,exception
44045,,exception
44046,,exception
44047,,exception
44048,,exception
44049,,exception
44050,,exception
44051,,exception
44052,,exception
44053,,exception
44054,,exception
44055,,exception
44056,,exception
44057,,exception
44058,,exception
44059,,exception
44060,,exception
44061,,exception
44062,,exception
44063,,exception
44064,,exception
44065,,exception
44066,,exception
44067,,exception
44068,,exception
44069,,exception
44070,,exception
44071,,exception
44072,,exception
44073,,exception
44074,,exception
44075,,exception
44076,,exception
44077,,exception
44078,,exception
44079,,exception
44080,,exception
44081,,exception
44082,,exception
44083,,exception
44084,,exception
44085,,exception
44086,,exception
44087,,exception
44088,,exception
44089,,exception
44090,,exception
44091,,exception
44092,,exception
44093,,exception
44094,,exception
44095,,exception
44096,,exception
44097,,exception
44098,,exception
44099,,exception
44100,,exception
44101,,exception
44102,,exception
44103,,exception
44104,,exception
44105,,exception
44106,,exception
44107,,exception
44108,,exception
44109,,exception
44110,,exception
44111,,exception
44112,,exception
44113,,exception
44114,,exception
44115,,exception
44116,,exception
44117,,exception
44118,,exception
44119,,exception
44120,,exception
44121,,exception
44122,,exception
44123,,exception
44124,,exception
44125,,exception
44126,,exception
44127,,exception
44128,,exception
44129,,exception
44130,,exception
44131,,exception
44132,,exception
44133,,exception
44134,,exception
44135,,exception
44136,,exception
44137,,exception
44138,,exception
44139,,exception
44140,,exception
44141,,exception
44142,,exception
44143,,exception
44144,,exception
44145,,exception
44146,,exception
44147,,exception
44148,,exception
44149,,exception
44150,,exception
44151,,exception
44152,,exception
44153,,exception
44154,,exception
44155,,exception
44156,,exception
44157,,exception
44158,,exception
44159,,exception
44160,,exception
44161,,exception
44162,,exception
44163,,exception
44164,,exception
44165,,exception
44166,,exception
44167,,exception
44168,,exception
44169,,exception
44170,,exception
44171,,exception
44172,,exception
44173,,exception
44174,,exception
44175,,exception
44176,,exception
44177,,exception
44178,,exception
44179,,exception
44180,,exception
44181,,exception
44182,,exception
44183,,exception
44184,,exception
44185,,exception
44186,,exception
44187,,exception
44188,,exception
44189,,exception
44190,,exception
44191,,exception
44192,,exception
44193,,exception
44194,,exception
44195,,exception
44196,,exception
44197,,exception
44198,,exception
44199,,exception
44200,,exception
44201,,exception
44202,,exception
44203,,exception
44204,,exception
44205,,exception
44206,,exception
44207,,exception
44208,,exception
44209,,exception
44210,,exception
44211,,exception
44212,,exception
44213,,exception
44214,,exception
44215,,exception
44216,,exception
44217,,exception
44218,,exception
44219,,exception
44220,,exception
44221,,exception
44222,,exception
44223,,exception
44224,,exception
44225,,exception
44226,,exception
44227,,exception
44228,,exception
44229,,exception
44230,,exception
44231,,exception
44232,,exception
44233,,exception
44234,,exception
44235,,exception
44236,,exception
44237,,exception
44238,,exception
44239,,exception
44240,,exception
44241,,exception
44242,,exception
44243,,exception
44244,,exception
44245,,exception
44246,,exception
44247,,exception
44248,,exception
44249,,exception
44250,,exception
44251,,exception
44252,,exception
44253,,exception
44254,,exception
44255,,exception
44256,,exception
44257,,exception
44258,,exception
44259,,exception
44260,,exception
44261,,exception
44262,,exception
44263,,exception
44264,,exception
44265,,exception
44266,,exception
44267,,exception
44268,,exception
44269,,exception
44270,,exception
44271,,exception
44272,,exception
44273,,exception
44274,,exception
44275,,exception
44276,,exception
44277,,exception
44278,,exception
44279,,exception
44280,,exception
44281,,exception
44282,,exception
44283,,exception
44284,,exception
44285,,exception
44286,,exception
44287,,exception
44288,,exception
44289,,exception
44290,,exception
44291,,exception
44292,,exception
44293,,exception
44294,,exception
44295,,exception
44296,,exception
44297,,exception
44298,,exception
44299,,exception
44300,,exception
44301,,exception
44302,,exception
44303,,exception
44304,,exception
44305,,exception
44306,,exception
44307,,exception
44308,,exception
44309,,exception
44310,,exception
44311,,exception
44312,,exception
44313,,exception
44314,,exception
44315,,exception
44316,,exception
44317,,exception
44318,,exception
44319,,exception
44320,,exception
44321,,exception
44322,,exception
44323,,exception
44324,,exception
44325,,exception
44326,,exception
44327,,exception
44328,,exception
44329,,exception
44330,,exception
44331,,exception
44332,,exception
44333,,exception
44334,,exception
44335,,exception
44336,,exception
44337,,exception
44338,,exception
44339,,exception
44340,,exception
44341,,exception
44342,,exception
44343,,exception
44344,,exception
44345,,exception
44346,,exception
44347,,exception
44348,,exception
44349,,exception
44350,,exception
44351,,exception
44352,,exception
44353,,exception
44354,,exception
44355,,exception
44356,,exception
44357,,exception
44358,,exception
44359,,exception
44360,,exception
44361,,exception
44362,,exception
44363,,exception
44364,,exception
44365,,exception
44366,,exception
44367,,exception
44368,,exception
44369,,exception
44370,,exception
44371,,exception
44372,,exception
44373,,exception
44374,,exception
44375,,exception
44376,,exception
44377,,exception
44378,,exception
44379,,exception
44380,,exception
44381,,exception
44382,,exception
44383,,exception
44384,,exception
44385,,exception
44386,,exception
44387,,exception
44388,,exception
44389,,exception
44390,,exception
44391,,exception
44392,,exception
44393,,exception
44394,,exception
44395,,exception
44396,,exception
44397,,exception
44398,,exception
44399,,exception
44400,,exception
44401,,exception
44402,,exception
44403,,exception
44404,,exception
44405,,exception
44406,,exception
44407,,exception
44408,,exception
44409,,exception
44410,,exception
44411,,exception
44412,,exception
44413,,exception
44414,,exception
44415,,exception
44416,,exception
44417,,exception
44418,,exception
44419,,exception
44420,,exception
44421,,exception
44422,,exception
44423,,exception
44424,,exception
44425,,exception
44426,,exception
44427,,exception
44428,,exception
44429,,exception
44430,,exception
44431,,exception
44432,,exception
44433,,exception
44434,,exception
44435,,exception
44436,,exception
44437,,exception
44438,,exception
44439,,exception
44440,,exception
44441,,exception
44442,,exception
44443,,exception
44444,,exception
44445,,exception
44446,,exception
44447,,exception
44448,,exception
44449,,exception
44450,,exception
44451,,exception
44452,,exception
44453,,exception
44454,,exception
44455,,exception
44456,,exception
44457,,exception
44458,,exception
44459,,exception
44460,,exception
44461,,exception
44462,,exception
44463,,exception
44464,,exception
44465,,exception
44466,,exception
44467,,exception
44468,,exception
44469,,exception
44470,,exception
44471,,exception
44472,,exception
44473,,exception
44474,,exception
44475,,exception
44476,,exception
44477,,exception
44478,,exception
44479,,exception
44480,,exception
44481,,exception
44482,,exception
44483,,exception
44484,,exception
44485,,exception
44486,,exception
44487,,exception
44488,,exception
44489,,exception
44490,,exception
44491,,exception
44492,,exception
44493,,exception
44494,,exception
44495,,exception
44496,,exception
44497,,exception
44498,,exception
44499,,exception
44500,,exception
44501,,exception
44502,,exception
44503,,exception
44504,,exception
44505,,exception
44506,,exception
44507,,exception
44508,,exception
44509,,exception
44510,,exception
44511,,exception
44512,,exception
44513,,exception
44514,,exception
44515,,exception
44516,,exception
44517,,exception
44518,,exception
44519,,exception
44520,,exception
44521,,exception
44522,,exception
44523,,exception
44524,,exception
44525,,exception
44526,,exception
44527,,exception
44528,,exception
44529,,exception
44530,,exception
44531,,exception
44532,,exception
44533,,exception
44534,,exception
44535,,exception
44536,,exception
44537,,exception
44538,,exception
44539,,exception
44540,,exception
44541,,exception
44542,,exception
44543,,exception
44544,,exception
44545,,exception
44546,,exception
44547,,exception
44548,,exception
44549,,exception
44550,,exception
44551,,exception
44552,,exception
44553,,exception
44554,,exception
44555,,exception
44556,,exception
44557,,exception
44558,,exception
44559,,exception
44560,,exception
44561,,exception
44562,,exception
44563,,exception
44564,,exception
44565,,exception
44566,,exception
44567,,exception
44568,,exception
44569,,exception
44570,,exception
44571,,exception
44572,,exception
44573,,exception
44574,,exception
44575,,exception
44576,,exception
44577,,exception
44578,,exception
44579,,exception
44580,,exception
44581,,exception
44582,,exception
44583,,exception
44584,,exception
44585,,exception
44586,,exception
44587,,exception
44588,,exception
44589,,exception
44590,,exception
44591,,exception
44592,,exception
44593,,exception
44594,,exception
44595,,exception
44596,,exception
44597,,exception
44598,,exception
44599,,exception
44600,,exception
44601,,exception
44602,,exception
44603,,exception
44604,,exception
44605,,exception
44606,,exception
44607,,exception
44608,,exception
44609,,exception
44610,,exception
44611,,exception
44612,,exception
44613,,exception
44614,,exception
44615,,exception
44616,,exception
44617,,exception
44618,,exception
44619,,exception
44620,,exception
44621,,exception
44622,,exception
44623,,exception
44624,,exception
44625,,exception
44626,,exception
44627,,exception
44628,,exception
44629,,exception
44630,,exception
44631,,exception
44632,,exception
44633,,exception
44634,,exception
44635,,exception
44636,,exception
44637,,exception
44638,,exception
44639,,exception
44640,,exception
44641,,exception
44642,,exception
44643,,exception
44644,,exception
44645,,exception
44646,,exception
44647,,exception
44648,,exception
44649,,exception
44650,,exception
44651,,exception
44652,,exception
44653,,exception
44654,,exception
44655,,exception
44656,,exception
44657,,exception
44658,,exception
44659,,exception
44660,,exception
44661,,exception
44662,,exception
44663,,exception
44664,,exception
44665,,exception
44666,,exception
44667,,exception
44668,,exception
44669,,exception
44670,,exception
44671,,exception
44672,,exception
44673,,exception
44674,,exception
44675,,exception
44676,,exception
44677,,exception
44678,,exception
44679,,exception
44680,,exception
44681,,exception
44682,,exception
44683,,exception
44684,,exception
44685,,exception
44686,,exception
44687,,exception
44688,,exception
44689,,exception
44690,,exception
44691,,exception
44692,,exception
44693,,exception
44694,,exception
44695,,exception
44696,,exception
44697,,exception
44698,,exception
44699,,exception
44700,,exception
44701,,exception
44702,,exception
44703,,exception
44704,,exception
44705,,exception
44706,,exception
44707,,exception
44708,,exception
44709,,exception
44710,,exception
44711,,exception
44712,,exception
44713,,exception
44714,,exception
44715,,exception
44716,,exception
44717,,exception
44718,,exception
44719,,exception
44720,,exception
44721,,exception
44722,,exception
44723,,exception
44724,,exception
44725,,exception
44726,,exception
44727,,exception
44728,,exception
44729,,exception
44730,,exception
44731,,exception
44732,,exception
44733,,exception
44734,,exception
44735,,exception
44736,,exception
44737,,exception
44738,,exception
44739,,exception
44740,,exception
44741,,exception
44742,,exception
44743,,exception
44744,,exception
44745,,exception
44746,,exception
44747,,exception
44748,,exception
44749,,exception
44750,,exception
44751,,exception
44752,,exception
44753,,exception
44754,,exception
44755,,exception
44756,,exception
44757,,exception
44758,,exception
44759,,exception
44760,,exception
44761,,exception
44762,,exception
44763,,exception
44764,,exception
44765,,exception
44766,,exception
44767,,exception
44768,,exception
44769,,exception
44770,,exception
44771,,exception
44772,,exception
44773,,exception
44774,,exception
44775,,exception
44776,,exception
44777,,exception
44778,,exception
44779,,exception
44780,,exception
44781,,exception
44782,,exception
44783,,exception
44784,,exception
44785,,exception
44786,,exception
44787,,exception
44788,,exception
44789,,exception
44790,,exception
44791,,exception
44792,,exception
44793,,exception
44794,,exception
44795,,exception
44796,,exception
44797,,exception
44798,,exception
44799,,exception
44800,,exception
44801,,exception
44802,,exception
44803,,exception
44804,,exception
44805,,exception
44806,,exception
44807,,exception
44808,,exception
44809,,exception
44810,,exception
44811,,exception
44812,,exception
44813,,exception
44814,,exception
44815,,exception
44816,,exception
44817,,exception
44818,,exception
44819,,exception
44820,,exception
44821,,exception
44822,,exception
44823,,exception
44824,,exception
44825,,exception
44826,,exception
44827,,exception
44828,,exception
44829,,exception
44830,,exception
44831,,exception
44832,,exception
44833,,exception
44834,,exception
44835,,exception
44836,,exception
44837,,exception
44838,,exception
44839,,exception
44840,,exception
44841,,exception
44842,,exception
44843,,exception
44844,,exception
44845,,exception
44846,,exception
44847,,exception
44848,,exception
44849,,exception
44850,,exception
44851,,exception
44852,,exception
44853,,exception
44854,,exception
44855,,exception
44856,,exception
44857,,exception
44858,,exception
44859,,exception
44860,,exception
44861,,exception
44862,,exception
44863,,exception
44864,,exception
44865,,exception
44866,,exception
44867,,exception
44868,,exception
44869,,exception
44870,,exception
44871,,exception
44872,,exception
44873,,exception
44874,,exception
44875,,exception
44876,,exception
44877,,exception
44878,,exception
44879,,exception
44880,,exception
44881,,exception
44882,,exception
44883,,exception
44884,,exception
44885,,exception
44886,,exception
44887,,exception
44888,,exception
44889,,exception
44890,,exception
44891,,exception
44892,,exception
44893,,exception
44894,,exception
44895,,exception
44896,,exception
44897,,exception
44898,,exception
44899,,exception
44900,,exception
44901,,exception
44902,,exception
44903,,exception
44904,,exception
44905,,exception
44906,,exception
44907,,exception
44908,,exception
44909,,exception
44910,,exception
44911,,exception
44912,,exception
44913,,exception
44914,,exception
44915,,exception
44916,,exception
44917,,exception
44918,,exception
44919,,exception
44920,,exception
44921,,exception
44922,,exception
44923,,exception
44924,,exception
44925,,exception
44926,,exception
44927,,exception
44928,,exception
44929,,exception
44930,,exception
44931,,exception
44932,,exception
44933,,exception
44934,,exception
44935,,exception
44936,,exception
44937,,exception
44938,,exception
44939,,exception
44940,,exception
44941,,exception
44942,,exception
44943,,exception
44944,,exception
44945,,exception
44946,,exception
44947,,exception
44948,,exception
44949,,exception
44950,,exception
44951,,exception
44952,,exception
44953,,exception
44954,,exception
44955,,exception
44956,,exception
44957,,exception
44958,,exception
44959,,exception
44960,,exception
44961,,exception
44962,,exception
44963,,exception
44964,,exception
44965,,exception
44966,,exception
44967,,exception
44968,,exception
44969,,exception
44970,,exception
44971,,exception
44972,,exception
44973,,exception
44974,,exception
44975,,exception
44976,,exception
44977,,exception
44978,,exception
44979,,exception
44980,,exception
44981,,exception
44982,,exception
44983,,exception
44984,,exception
44985,,exception
44986,,exception
44987,,exception
44988,,exception
44989,,exception
44990,,exception
44991,,exception
44992,,exception
44993,,exception
44994,,exception
44995,,exception
44996,,exception
44997,,exception
44998,,exception
44999,,exception
45000,,exception
45001,,exception
45002,,exception
45003,,exception
45004,,exception
45005,,exception
45006,,exception
45007,,exception
45008,,exception
45009,,exception
45010,,exception
45011,,exception
45012,,exception
45013,,exception
45014,,exception
45015,,exception
45016,,exception
45017,,exception
45018,,exception
45019,,exception
45020,,exception
45021,,exception
45022,,exception
45023,,exception
45024,,exception
45025,,exception
45026,,exception
45027,,exception
45028,,exception
45029,,exception
45030,,exception
45031,,exception
45032,,exception
45033,,exception
45034,,exception
45035,,exception
45036,,exception
45037,,exception
45038,,exception
45039,,exception
45040,,exception
45041,,exception
45042,,exception
45043,,exception
45044,,exception
45045,,exception
45046,,exception
45047,,exception
45048,,exception
45049,,exception
45050,,exception
45051,,exception
45052,,exception
45053,,exception
45054,,exception
45055,,exception
45056,,exception
45057,,exception
45058,,exception
45059,,exception
45060,,exception
45061,,exception
45062,,exception
45063,,exception
45064,,exception
45065,,exception
45066,,exception
45067,,exception
45068,,exception
45069,,exception
45070,,exception
45071,,exception
45072,,exception
45073,,exception
45074,,exception
45075,,exception
45076,,exception
45077,,exception
45078,,exception
45079,,exception
45080,,exception
45081,,exception
45082,,exception
45083,,exception
45084,,exception
45085,,exception
45086,,exception
45087,,exception
45088,,exception
45089,,exception
45090,,exception
45091,,exception
45092,,exception
45093,,exception
45094,,exception
45095,,exception
45096,,exception
45097,,exception
45098,,exception
45099,,exception
45100,,exception
45101,,exception
45102,,exception
45103,,exception
45104,,exception
45105,,exception
45106,,exception
45107,,exception
45108,,exception
45109,,exception
45110,,exception
45111,,exception
45112,,exception
45113,,exception
45114,,exception
45115,,exception
45116,,exception
45117,,exception
45118,,exception
45119,,exception
45120,,exception
45121,,exception
45122,,exception
45123,,exception
45124,,exception
45125,,exception
45126,,exception
45127,,exception
45128,,exception
45129,,exception
45130,,exception
45131,,exception
45132,,exception
45133,,exception
45134,,exception
45135,,exception
45136,,exception
45137,,exception
45138,,exception
45139,,exception
45140,,exception
45141,,exception
45142,,exception
45143,,exception
45144,,exception
45145,,exception
45146,,exception
45147,,exception
45148,,exception
45149,,exception
45150,,exception
45151,,exception
45152,,exception
45153,,exception
45154,,exception
45155,,exception
45156,,exception
45157,,exception
45158,,exception
45159,,exception
45160,,exception
45161,,exception
45162,,exception
45163,,exception
45164,,exception
45165,,exception
45166,,exception
45167,,exception
45168,,exception
45169,,exception
45170,,exception
45171,,exception
45172,,exception
45173,,exception
45174,,exception
45175,,exception
45176,,exception
45177,,exception
45178,,exception
45179,,exception
45180,,exception
45181,,exception
45182,,exception
45183,,exception
45184,,exception
45185,,exception
45186,,exception
45187,,exception
45188,,exception
45189,,exception
45190,,exception
45191,,exception
45192,,exception
45193,,exception
45194,,exception
45195,,exception
45196,,exception
45197,,exception
45198,,exception
45199,,exception
45200,,exception
45201,,exception
45202,,exception
45203,,exception
45204,,exception
45205,,exception
45206,,exception
45207,,exception
45208,,exception
45209,,exception
45210,,exception
45211,,exception
45212,,exception
45213,,exception
45214,,exception
45215,,exception
45216,,exception
45217,,exception
45218,,exception
45219,,exception
45220,,exception
45221,,exception
45222,,exception
45223,,exception
45224,,exception
45225,,exception
45226,,exception
45227,,exception
45228,,exception
45229,,exception
45230,,exception
45231,,exception
45232,,exception
45233,,exception
45234,,exception
45235,,exception
45236,,exception
45237,,exception
45238,,exception
45239,,exception
45240,,exception
45241,,exception
45242,,exception
45243,,exception
45244,,exception
45245,,exception
45246,,exception
45247,,exception
45248,,exception
45249,,exception
45250,,exception
45251,,exception
45252,,exception
45253,,exception
45254,,exception
45255,,exception
45256,,exception
45257,,exception
45258,,exception
45259,,exception
45260,,exception
45261,,exception
45262,,exception
45263,,exception
45264,,exception
45265,,exception
45266,,exception
45267,,exception
45268,,exception
45269,,exception
45270,,exception
45271,,exception
45272,,exception
45273,,exception
45274,,exception
45275,,exception
45276,,exception
45277,,exception
45278,,exception
45279,,exception
45280,,exception
45281,,exception
45282,,exception
45283,,exception
45284,,exception
45285,,exception
45286,,exception
45287,,exception
45288,,exception
45289,,exception
45290,,exception
45291,,exception
45292,,exception
45293,,exception
45294,,exception
45295,,exception
45296,,exception
45297,,exception
45298,,exception
45299,,exception
45300,,exception
45301,,exception
45302,,exception
45303,,exception
45304,,exception
45305,,exception
45306,,exception
45307,,exception
45308,,exception
45309,,exception
45310,,exception
45311,,exception
45312,,exception
45313,,exception
45314,,exception
45315,,exception
45316,,exception
45317,,exception
45318,,exception
45319,,exception
45320,,exception
45321,,exception
45322,,exception
45323,,exception
45324,,exception
45325,,exception
45326,,exception
45327,,exception
45328,,exception
45329,,exception
45330,,exception
45331,,exception
45332,,exception
45333,,exception
45334,,exception
45335,,exception
45336,,exception
45337,,exception
45338,,exception
45339,,exception
45340,,exception
45341,,exception
45342,,exception
45343,,exception
45344,,exception
45345,,exception
45346,,exception
45347,,exception
45348,,exception
45349,,exception
45350,,exception
45351,,exception
45352,,exception
45353,,exception
45354,,exception
45355,,exception
45356,,exception
45357,,exception
45358,,exception
45359,,exception
45360,,exception
45361,,exception
45362,,exception
45363,,exception
45364,,exception
45365,,exception
45366,,exception
45367,,exception
45368,,exception
45369,,exception
45370,,exception
45371,,exception
45372,,exception
45373,,exception
45374,,exception
45375,,exception
45376,,exception
45377,,exception
45378,,exception
45379,,exception
45380,,exception
45381,,exception
45382,,exception
45383,,exception
45384,,exception
45385,,exception
45386,,exception
45387,,exception
45388,,exception
45389,,exception
45390,,exception
45391,,exception
45392,,exception
45393,,exception
45394,,exception
45395,,exception
45396,,exception
45397,,exception
45398,,exception
45399,,exception
45400,,exception
45401,,exception
45402,,exception
45403,,exception
45404,,exception
45405,,exception
45406,,exception
45407,,exception
45408,,exception
45409,,exception
45410,,exception
45411,,exception
45412,,exception
45413,,exception
45414,,exception
45415,,exception
45416,,exception
45417,,exception
45418,,exception
45419,,exception
45420,,exception
45421,,exception
45422,,exception
45423,,exception
45424,,exception
45425,,exception
45426,,exception
45427,,exception
45428,,exception
45429,,exception
45430,,exception
45431,,exception
45432,,exception
45433,,exception
45434,,exception
45435,,exception
45436,,exception
45437,,exception
45438,,exception
45439,,exception
45440,,exception
45441,,exception
45442,,exception
45443,,exception
45444,,exception
45445,,exception
45446,,exception
45447,,exception
45448,,exception
45449,,exception
45450,,exception
45451,,exception
45452,,exception
45453,,exception
45454,,exception
45455,,exception
45456,,exception
45457,,exception
45458,,exception
45459,,exception
45460,,exception
45461,,exception
45462,,exception
45463,,exception
45464,,exception
45465,,exception
45466,,exception
45467,,exception
45468,,exception
45469,,exception
45470,,exception
45471,,exception
45472,,exception
45473,,exception
45474,,exception
45475,,exception
45476,,exception
45477,,exception
45478,,exception
45479,,exception
45480,,exception
45481,,exception
45482,,exception
45483,,exception
45484,,exception
45485,,exception
45486,,exception
45487,,exception
45488,,exception
45489,,exception
45490,,exception
45491,,exception
45492,,exception
45493,,exception
45494,,exception
45495,,exception
45496,,exception
45497,,exception
45498,,exception
45499,,exception
45500,,exception
45501,,exception
45502,,exception
45503,,exception
45504,,exception
45505,,exception
45506,,exception
45507,,exception
45508,,exception
45509,,exception
45510,,exception
45511,,exception
45512,,exception
45513,,exception
45514,,exception
45515,,exception
45516,,exception
45517,,exception
45518,,exception
45519,,exception
45520,,exception
45521,,exception
45522,,exception
45523,,exception
45524,,exception
45525,,exception
45526,,exception
45527,,exception
45528,,exception
45529,,exception
45530,,exception
45531,,exception
45532,,exception
45533,,exception
45534,,exception
45535,,exception
45536,,exception
45537,,exception
45538,,exception
45539,,exception
45540,,exception
45541,,exception
45542,,exception
45543,,exception
45544,,exception
45545,,exception
45546,,exception
45547,,exception
45548,,exception
45549,,exception
45550,,exception
45551,,exception
45552,,exception
45553,,exception
45554,,exception
45555,,exception
45556,,exception
45557,,exception
45558,,exception
45559,,exception
45560,,exception
45561,,exception
45562,,exception
45563,,exception
45564,,exception
45565,,exception
45566,,exception
45567,,exception
45568,,exception
45569,,exception
45570,,exception
45571,,exception
45572,,exception
45573,,exception
45574,,exception
45575,,exception
45576,,exception
45577,,exception
45578,,exception
45579,,exception
45580,,exception
45581,,exception
45582,,exception
45583,,exception
45584,,exception
45585,,exception
45586,,exception
45587,,exception
45588,,exception
45589,,exception
45590,,exception
45591,,exception
45592,,exception
45593,,exception
45594,,exception
45595,,exception
45596,,exception
45597,,exception
45598,,exception
45599,,exception
45600,,exception
45601,,exception
45602,,exception
45603,,exception
45604,,exception
45605,,exception
45606,,exception
45607,,exception
45608,,exception
45609,,exception
45610,,exception
45611,,exception
45612,,exception
45613,,exception
45614,,exception
45615,,exception
45616,,exception
45617,,exception
45618,,exception
45619,,exception
45620,,exception
45621,,exception
45622,,exception
45623,,exception
45624,,exception
45625,,exception
45626,,exception
45627,,exception
45628,,exception
45629,,exception
45630,,exception
45631,,exception
45632,,exception
45633,,exception
45634,,exception
45635,,exception
45636,,exception
45637,,exception
45638,,exception
45639,,exception
45640,,exception
45641,,exception
45642,,exception
45643,,exception
45644,,exception
45645,,exception
45646,,exception
45647,,exception
45648,,exception
45649,,exception
45650,,exception
45651,,exception
45652,,exception
45653,,exception
45654,,exception
45655,,exception
45656,,exception
45657,,exception
45658,,exception
45659,,exception
45660,,exception
45661,,exception
45662,,exception
45663,,exception
45664,,exception
45665,,exception
45666,,exception
45667,,exception
45668,,exception
45669,,exception
45670,,exception
45671,,exception
45672,,exception
45673,,exception
45674,,exception
45675,,exception
45676,,exception
45677,,exception
45678,,exception
45679,,exception
45680,,exception
45681,,exception
45682,,exception
45683,,exception
45684,,exception
45685,,exception
45686,,exception
45687,,exception
45688,,exception
45689,,exception
45690,,exception
45691,,exception
45692,,exception
45693,,exception
45694,,exception
45695,,exception
45696,,exception
45697,,exception
45698,,exception
45699,,exception
45700,,exception
45701,,exception
45702,,exception
45703,,exception
45704,,exception
45705,,exception
45706,,exception
45707,,exception
45708,,exception
45709,,exception
45710,,exception
45711,,exception
45712,,exception
45713,,exception
45714,,exception
45715,,exception
45716,,exception
45717,,exception
45718,,exception
45719,,exception
45720,,exception
45721,,exception
45722,,exception
45723,,exception
45724,,exception
45725,,exception
45726,,exception
45727,,exception
45728,,exception
45729,,exception
45730,,exception
45731,,exception
45732,,exception
45733,,exception
45734,,exception
45735,,exception
45736,,exception
45737,,exception
45738,,exception
45739,,exception
45740,,exception
45741,,exception
45742,,exception
45743,,exception
45744,,exception
45745,,exception
45746,,exception
45747,,exception
45748,,exception
45749,,exception
45750,,exception
45751,,exception
45752,,exception
45753,,exception
45754,,exception
45755,,exception
45756,,exception
45757,,exception
45758,,exception
45759,,exception
45760,,exception
45761,,exception
45762,,exception
45763,,exception
45764,,exception
45765,,exception
45766,,exception
45767,,exception
45768,,exception
45769,,exception
45770,,exception
45771,,exception
45772,,exception
45773,,exception
45774,,exception
45775,,exception
45776,,exception
45777,,exception
45778,,exception
45779,,exception
45780,,exception
45781,,exception
45782,,exception
45783,,exception
45784,,exception
45785,,exception
45786,,exception
45787,,exception
45788,,exception
45789,,exception
45790,,exception
45791,,exception
45792,,exception
45793,,exception
45794,,exception
45795,,exception
45796,,exception
45797,,exception
45798,,exception
45799,,exception
45800,,exception
45801,,exception
45802,,exception
45803,,exception
45804,,exception
45805,,exception
45806,,exception
45807,,exception
45808,,exception
45809,,exception
45810,,exception
45811,,exception
45812,,exception
45813,,exception
45814,,exception
45815,,exception
45816,,exception
45817,,exception
45818,,exception
45819,,exception
45820,,exception
45821,,exception
45822,,exception
45823,,exception
45824,,exception
45825,,exception
45826,,exception
45827,,exception
45828,,exception
45829,,exception
45830,,exception
45831,,exception
45832,,exception
45833,,exception
45834,,exception
45835,,exception
45836,,exception
45837,,exception
45838,,exception
45839,,exception
45840,,exception
45841,,exception
45842,,exception
45843,,exception
45844,,exception
45845,,exception
45846,,exception
45847,,exception
45848,,exception
45849,,exception
45850,,exception
45851,,exception
45852,,exception
45853,,exception
45854,,exception
45855,,exception
45856,,exception
45857,,exception
45858,,exception
45859,,exception
45860,,exception
45861,,exception
45862,,exception
45863,,exception
45864,,exception
45865,,exception
45866,,exception
45867,,exception
45868,,exception
45869,,exception
45870,,exception
45871,,exception
45872,,exception
45873,,exception
45874,,exception
45875,,exception
45876,,exception
45877,,exception
45878,,exception
45879,,exception
45880,,exception
45881,,exception
45882,,exception
45883,,exception
45884,,exception
45885,,exception
45886,,exception
45887,,exception
45888,,exception
45889,,exception
45890,,exception
45891,,exception
45892,,exception
45893,,exception
45894,,exception
45895,,exception
45896,,exception
45897,,exception
45898,,exception
45899,,exception
45900,,exception
45901,,exception
45902,,exception
45903,,exception
45904,,exception
45905,,exception
45906,,exception
45907,,exception
45908,,exception
45909,,exception
45910,,exception
45911,,exception
45912,,exception
45913,,exception
45914,,exception
45915,,exception
45916,,exception
45917,,exception
45918,,exception
45919,,exception
45920,,exception
45921,,exception
45922,,exception
45923,,exception
45924,,exception
45925,,exception
45926,,exception
45927,,exception
45928,,exception
45929,,exception
45930,,exception
45931,,exception
45932,,exception
45933,,exception
45934,,exception
45935,,exception
45936,,exception
45937,,exception
45938,,exception
45939,,exception
45940,,exception
45941,,exception
45942,,exception
45943,,exception
45944,,exception
45945,,exception
45946,,exception
45947,,exception
45948,,exception
45949,,exception
45950,,exception
45951,,exception
45952,,exception
45953,,exception
45954,,exception
45955,,exception
45956,,exception
45957,,exception
45958,,exception
45959,,exception
45960,,exception
45961,,exception
45962,,exception
45963,,exception
45964,,exception
45965,,exception
45966,,exception
45967,,exception
45968,,exception
45969,,exception
45970,,exception
45971,,exception
45972,,exception
45973,,exception
45974,,exception
45975,,exception
45976,,exception
45977,,exception
45978,,exception
45979,,exception
45980,,exception
45981,,exception
45982,,exception
45983,,exception
45984,,exception
45985,,exception
45986,,exception
45987,,exception
45988,,exception
45989,,exception
45990,,exception
45991,,exception
45992,,exception
45993,,exception
45994,,exception
45995,,exception
45996,,exception
45997,,exception
45998,,exception
45999,,exception
46000,,exception
46001,,exception
46002,,exception
46003,,exception
46004,,exception
46005,,exception
46006,,exception
46007,,exception
46008,,exception
46009,,exception
46010,,exception
46011,,exception
46012,,exception
46013,,exception
46014,,exception
46015,,exception
46016,,exception
46017,,exception
46018,,exception
46019,,exception
46020,,exception
46021,,exception
46022,,exception
46023,,exception
46024,,exception
46025,,exception
46026,,exception
46027,,exception
46028,,exception
46029,,exception
46030,,exception
46031,,exception
46032,,exception
46033,,exception
46034,,exception
46035,,exception
46036,,exception
46037,,exception
46038,,exception
46039,,exception
46040,,exception
46041,,exception
46042,,exception
46043,,exception
46044,,exception
46045,,exception
46046,,exception
46047,,exception
46048,,exception
46049,,exception
46050,,exception
46051,,exception
46052,,exception
46053,,exception
46054,,exception
46055,,exception
46056,,exception
46057,,exception
46058,,exception
46059,,exception
46060,,exception
46061,,exception
46062,,exception
46063,,exception
46064,,exception
46065,,exception
46066,,exception
46067,,exception
46068,,exception
46069,,exception
46070,,exception
46071,,exception
46072,,exception
46073,,exception
46074,,exception
46075,,exception
46076,,exception
46077,,exception
46078,,exception
46079,,exception
46080,,exception
46081,,exception
46082,,exception
46083,,exception
46084,,exception
46085,,exception
46086,,exception
46087,,exception
46088,,exception
46089,,exception
46090,,exception
46091,,exception
46092,,exception
46093,,exception
46094,,exception
46095,,exception
46096,,exception
46097,,exception
46098,,exception
46099,,exception
46100,,exception
46101,,exception
46102,,exception
46103,,exception
46104,,exception
46105,,exception
46106,,exception
46107,,exception
46108,,exception
46109,,exception
46110,,exception
46111,,exception
46112,,exception
46113,,exception
46114,,exception
46115,,exception
46116,,exception
46117,,exception
46118,,exception
46119,,exception
46120,,exception
46121,,exception
46122,,exception
46123,,exception
46124,,exception
46125,,exception
46126,,exception
46127,,exception
46128,,exception
46129,,exception
46130,,exception
46131,,exception
46132,,exception
46133,,exception
46134,,exception
46135,,exception
46136,,exception
46137,,exception
46138,,exception
46139,,exception
46140,,exception
46141,,exception
46142,,exception
46143,,exception
46144,,exception
46145,,exception
46146,,exception
46147,,exception
46148,,exception
46149,,exception
46150,,exception
46151,,exception
46152,,exception
46153,,exception
46154,,exception
46155,,exception
46156,,exception
46157,,exception
46158,,exception
46159,,exception
46160,,exception
46161,,exception
46162,,exception
46163,,exception
46164,,exception
46165,,exception
46166,,exception
46167,,exception
46168,,exception
46169,,exception
46170,,exception
46171,,exception
46172,,exception
46173,,exception
46174,,exception
46175,,exception
46176,,exception
46177,,exception
46178,,exception
46179,,exception
46180,,exception
46181,,exception
46182,,exception
46183,,exception
46184,,exception
46185,,exception
46186,,exception
46187,,exception
46188,,exception
46189,,exception
46190,,exception
46191,,exception
46192,,exception
46193,,exception
46194,,exception
46195,,exception
46196,,exception
46197,,exception
46198,,exception
46199,,exception
46200,,exception
46201,,exception
46202,,exception
46203,,exception
46204,,exception
46205,,exception
46206,,exception
46207,,exception
46208,,exception
46209,,exception
46210,,exception
46211,,exception
46212,,exception
46213,,exception
46214,,exception
46215,,exception
46216,,exception
46217,,exception
46218,,exception
46219,,exception
46220,,exception
46221,,exception
46222,,exception
46223,,exception
46224,,exception
46225,,exception
46226,,exception
46227,,exception
46228,,exception
46229,,exception
46230,,exception
46231,,exception
46232,,exception
46233,,exception
46234,,exception
46235,,exception
46236,,exception
46237,,exception
46238,,exception
46239,,exception
46240,,exception
46241,,exception
46242,,exception
46243,,exception
46244,,exception
46245,,exception
46246,,exception
46247,,exception
46248,,exception
46249,,exception
46250,,exception
46251,,exception
46252,,exception
46253,,exception
46254,,exception
46255,,exception
46256,,exception
46257,,exception
46258,,exception
46259,,exception
46260,,exception
46261,,exception
46262,,exception
46263,,exception
46264,,exception
46265,,exception
46266,,exception
46267,,exception
46268,,exception
46269,,exception
46270,,exception
46271,,exception
46272,,exception
46273,,exception
46274,,exception
46275,,exception
46276,,exception
46277,,exception
46278,,exception
46279,,exception
46280,,exception
46281,,exception
46282,,exception
46283,,exception
46284,,exception
46285,,exception
46286,,exception
46287,,exception
46288,,exception
46289,,exception
46290,,exception
46291,,exception
46292,,exception
46293,,exception
46294,,exception
46295,,exception
46296,,exception
46297,,exception
46298,,exception
46299,,exception
46300,,exception
46301,,exception
46302,,exception
46303,,exception
46304,,exception
46305,,exception
46306,,exception
46307,,exception
46308,,exception
46309,,exception
46310,,exception
46311,,exception
46312,,exception
46313,,exception
46314,,exception
46315,,exception
46316,,exception
46317,,exception
46318,,exception
46319,,exception
46320,,exception
46321,,exception
46322,,exception
46323,,exception
46324,,exception
46325,,exception
46326,,exception
46327,,exception
46328,,exception
46329,,exception
46330,,exception
46331,,exception
46332,,exception
46333,,exception
46334,,exception
46335,,exception
46336,,exception
46337,,exception
46338,,exception
46339,,exception
46340,,exception
46341,,exception
46342,,exception
46343,,exception
46344,,exception
46345,,exception
46346,,exception
46347,,exception
46348,,exception
46349,,exception
46350,,exception
46351,,exception
46352,,exception
46353,,exception
46354,,exception
46355,,exception
46356,,exception
46357,,exception
46358,,exception
46359,,exception
46360,,exception
46361,,exception
46362,,exception
46363,,exception
46364,,exception
46365,,exception
46366,,exception
46367,,exception
46368,,exception
46369,,exception
46370,,exception
46371,,exception
46372,,exception
46373,,exception
46374,,exception
46375,,exception
46376,,exception
46377,,exception
46378,,exception
46379,,exception
46380,,exception
46381,,exception
46382,,exception
46383,,exception
46384,,exception
46385,,exception
46386,,exception
46387,,exception
46388,,exception
46389,,exception
46390,,exception
46391,,exception
46392,,exception
46393,,exception
46394,,exception
46395,,exception
46396,,exception
46397,,exception
46398,,exception
46399,,exception
46400,,exception
46401,,exception
46402,,exception
46403,,exception
46404,,exception
46405,,exception
46406,,exception
46407,,exception
46408,,exception
46409,,exception
46410,,exception
46411,,exception
46412,,exception
46413,,exception
46414,,exception
46415,,exception
46416,,exception
46417,,exception
46418,,exception
46419,,exception
46420,,exception
46421,,exception
46422,,exception
46423,,exception
46424,,exception
46425,,exception
46426,,exception
46427,,exception
46428,,exception
46429,,exception
46430,,exception
46431,,exception
46432,,exception
46433,,exception
46434,,exception
46435,,exception
46436,,exception
46437,,exception
46438,,exception
46439,,exception
46440,,exception
46441,,exception
46442,,exception
46443,,exception
46444,,exception
46445,,exception
46446,,exception
46447,,exception
46448,,exception
46449,,exception
46450,,exception
46451,,exception
46452,,exception
46453,,exception
46454,,exception
46455,,exception
46456,,exception
46457,,exception
46458,,exception
46459,,exception
46460,,exception
46461,,exception
46462,,exception
46463,,exception
46464,,exception
46465,,exception
46466,,exception
46467,,exception
46468,,exception
46469,,exception
46470,,exception
46471,,exception
46472,,exception
46473,,exception
46474,,exception
46475,,exception
46476,,exception
46477,,exception
46478,,exception
46479,,exception
46480,,exception
46481,,exception
46482,,exception
46483,,exception
46484,,exception
46485,,exception
46486,,exception
46487,,exception
46488,,exception
46489,,exception
46490,,exception
46491,,exception
46492,,exception
46493,,exception
46494,,exception
46495,,exception
46496,,exception
46497,,exception
46498,,exception
46499,,exception
46500,,exception
46501,,exception
46502,,exception
46503,,exception
46504,,exception
46505,,exception
46506,,exception
46507,,exception
46508,,exception
46509,,exception
46510,,exception
46511,,exception
46512,,exception
46513,,exception
46514,,exception
46515,,exception
46516,,exception
46517,,exception
46518,,exception
46519,,exception
46520,,exception
46521,,exception
46522,,exception
46523,,exception
46524,,exception
46525,,exception
46526,,exception
46527,,exception
46528,,exception
46529,,exception
46530,,exception
46531,,exception
46532,,exception
46533,,exception
46534,,exception
46535,,exception
46536,,exception
46537,,exception
46538,,exception
46539,,exception
46540,,exception
46541,,exception
46542,,exception
46543,,exception
46544,,exception
46545,,exception
46546,,exception
46547,,exception
46548,,exception
46549,,exception
46550,,exception
46551,,exception
46552,,exception
46553,,exception
46554,,exception
46555,,exception
46556,,exception
46557,,exception
46558,,exception
46559,,exception
46560,,exception
46561,,exception
46562,,exception
46563,,exception
46564,,exception
46565,,exception
46566,,exception
46567,,exception
46568,,exception
46569,,exception
46570,,exception
46571,,exception
46572,,exception
46573,,exception
46574,,exception
46575,,exception
46576,,exception
46577,,exception
46578,,exception
46579,,exception
46580,,exception
46581,,exception
46582,,exception
46583,,exception
46584,,exception
46585,,exception
46586,,exception
46587,,exception
46588,,exception
46589,,exception
46590,,exception
46591,,exception
46592,,exception
46593,,exception
46594,,exception
46595,,exception
46596,,exception
46597,,exception
46598,,exception
46599,,exception
46600,,exception
46601,,exception
46602,,exception
46603,,exception
46604,,exception
46605,,exception
46606,,exception
46607,,exception
46608,,exception
46609,,exception
46610,,exception
46611,,exception
46612,,exception
46613,,exception
46614,,exception
46615,,exception
46616,,exception
46617,,exception
46618,,exception
46619,,exception
46620,,exception
46621,,exception
46622,,exception
46623,,exception
46624,,exception
46625,,exception
46626,,exception
46627,,exception
46628,,exception
46629,,exception
46630,,exception
46631,,exception
46632,,exception
46633,,exception
46634,,exception
46635,,exception
46636,,exception
46637,,exception
46638,,exception
46639,,exception
46640,,exception
46641,,exception
46642,,exception
46643,,exception
46644,,exception
46645,,exception
46646,,exception
46647,,exception
46648,,exception
46649,,exception
46650,,exception
46651,,exception
46652,,exception
46653,,exception
46654,,exception
46655,,exception
46656,,exception
46657,,exception
46658,,exception
46659,,exception
46660,,exception
46661,,exception
46662,,exception
46663,,exception
46664,,exception
46665,,exception
46666,,exception
46667,,exception
46668,,exception
46669,,exception
46670,,exception
46671,,exception
46672,,exception
46673,,exception
46674,,exception
46675,,exception
46676,,exception
46677,,exception
46678,,exception
46679,,exception
46680,,exception
46681,,exception
46682,,exception
46683,,exception
46684,,exception
46685,,exception
46686,,exception
46687,,exception
46688,,exception
46689,,exception
46690,,exception
46691,,exception
46692,,exception
46693,,exception
46694,,exception
46695,,exception
46696,,exception
46697,,exception
46698,,exception
46699,,exception
46700,,exception
46701,,exception
46702,,exception
46703,,exception
46704,,exception
46705,,exception
46706,,exception
46707,,exception
46708,,exception
46709,,exception
46710,,exception
46711,,exception
46712,,exception
46713,,exception
46714,,exception
46715,,exception
46716,,exception
46717,,exception
46718,,exception
46719,,exception
46720,,exception
46721,,exception
46722,,exception
46723,,exception
46724,,exception
46725,,exception
46726,,exception
46727,,exception
46728,,exception
46729,,exception
46730,,exception
46731,,exception
46732,,exception
46733,,exception
46734,,exception
46735,,exception
46736,,exception
46737,,exception
46738,,exception
46739,,exception
46740,,exception
46741,,exception
46742,,exception
46743,,exception
46744,,exception
46745,,exception
46746,,exception
46747,,exception
46748,,exception
46749,,exception
46750,,exception
46751,,exception
46752,,exception
46753,,exception
46754,,exception
46755,,exception
46756,,exception
46757,,exception
46758,,exception
46759,,exception
46760,,exception
46761,,exception
46762,,exception
46763,,exception
46764,,exception
46765,,exception
46766,,exception
46767,,exception
46768,,exception
46769,,exception
46770,,exception
46771,,exception
46772,,exception
46773,,exception
46774,,exception
46775,,exception
46776,,exception
46777,,exception
46778,,exception
46779,,exception
46780,,exception
46781,,exception
46782,,exception
46783,,exception
46784,,exception
46785,,exception
46786,,exception
46787,,exception
46788,,exception
46789,,exception
46790,,exception
46791,,exception
46792,,exception
46793,,exception
46794,,exception
46795,,exception
46796,,exception
46797,,exception
46798,,exception
46799,,exception
46800,,exception
46801,,exception
46802,,exception
46803,,exception
46804,,exception
46805,,exception
46806,,exception
46807,,exception
46808,,exception
46809,,exception
46810,,exception
46811,,exception
46812,,exception
46813,,exception
46814,,exception
46815,,exception
46816,,exception
46817,,exception
46818,,exception
46819,,exception
46820,,exception
46821,,exception
46822,,exception
46823,,exception
46824,,exception
46825,,exception
46826,,exception
46827,,exception
46828,,exception
46829,,exception
46830,,exception
46831,,exception
46832,,exception
46833,,exception
46834,,exception
46835,,exception
46836,,exception
46837,,exception
46838,,exception
46839,,exception
46840,,exception
46841,,exception
46842,,exception
46843,,exception
46844,,exception
46845,,exception
46846,,exception
46847,,exception
46848,,exception
46849,,exception
46850,,exception
46851,,exception
46852,,exception
46853,,exception
46854,,exception
46855,,exception
46856,,exception
46857,,exception
46858,,exception
46859,,exception
46860,,exception
46861,,exception
46862,,exception
46863,,exception
46864,,exception
46865,,exception
46866,,exception
46867,,exception
46868,,exception
46869,,exception
46870,,exception
46871,,exception
46872,,exception
46873,,exception
46874,,exception
46875,,exception
46876,,exception
46877,,exception
46878,,exception
46879,,exception
46880,,exception
46881,,exception
46882,,exception
46883,,exception
46884,,exception
46885,,exception
46886,,exception
46887,,exception
46888,,exception
46889,,exception
46890,,exception
46891,,exception
46892,,exception
46893,,exception
46894,,exception
46895,,exception
46896,,exception
46897,,exception
46898,,exception
46899,,exception
46900,,exception
46901,,exception
46902,,exception
46903,,exception
46904,,exception
46905,,exception
46906,,exception
46907,,exception
46908,,exception
46909,,exception
46910,,exception
46911,,exception
46912,,exception
46913,,exception
46914,,exception
46915,,exception
46916,,exception
46917,,exception
46918,,exception
46919,,exception
46920,,exception
46921,,exception
46922,,exception
46923,,exception
46924,,exception
46925,,exception
46926,,exception
46927,,exception
46928,,exception
46929,,exception
46930,,exception
46931,,exception
46932,,exception
46933,,exception
46934,,exception
46935,,exception
46936,,exception
46937,,exception
46938,,exception
46939,,exception
46940,,exception
46941,,exception
46942,,exception
46943,,exception
46944,,exception
46945,,exception
46946,,exception
46947,,exception
46948,,exception
46949,,exception
46950,,exception
46951,,exception
46952,,exception
46953,,exception
46954,,exception
46955,,exception
46956,,exception
46957,,exception
46958,,exception
46959,,exception
46960,,exception
46961,,exception
46962,,exception
46963,,exception
46964,,exception
46965,,exception
46966,,exception
46967,,exception
46968,,exception
46969,,exception
46970,,exception
46971,,exception
46972,,exception
46973,,exception
46974,,exception
46975,,exception
46976,,exception
46977,,exception
46978,,exception
46979,,exception
46980,,exception
46981,,exception
46982,,exception
46983,,exception
46984,,exception
46985,,exception
46986,,exception
46987,,exception
46988,,exception
46989,,exception
46990,,exception
46991,,exception
46992,,exception
46993,,exception
46994,,exception
46995,,exception
46996,,exception
46997,,exception
46998,,exception
46999,,exception
47000,,exception
47001,,exception
47002,,exception
47003,,exception
47004,,exception
47005,,exception
47006,,exception
47007,,exception
47008,,exception
47009,,exception
47010,,exception
47011,,exception
47012,,exception
47013,,exception
47014,,exception
47015,,exception
47016,,exception
47017,,exception
47018,,exception
47019,,exception
47020,,exception
47021,,exception
47022,,exception
47023,,exception
47024,,exception
47025,,exception
47026,,exception
47027,,exception
47028,,exception
47029,,exception
47030,,exception
47031,,exception
47032,,exception
47033,,exception
47034,,exception
47035,,exception
47036,,exception
47037,,exception
47038,,exception
47039,,exception
47040,,exception
47041,,exception
47042,,exception
47043,,exception
47044,,exception
47045,,exception
47046,,exception
47047,,exception
47048,,exception
47049,,exception
47050,,exception
47051,,exception
47052,,exception
47053,,exception
47054,,exception
47055,,exception
47056,,exception
47057,,exception
47058,,exception
47059,,exception
47060,,exception
47061,,exception
47062,,exception
47063,,exception
47064,,exception
47065,,exception
47066,,exception
47067,,exception
47068,,exception
47069,,exception
47070,,exception
47071,,exception
47072,,exception
47073,,exception
47074,,exception
47075,,exception
47076,,exception
47077,,exception
47078,,exception
47079,,exception
47080,,exception
47081,,exception
47082,,exception
47083,,exception
47084,,exception
47085,,exception
47086,,exception
47087,,exception
47088,,exception
47089,,exception
47090,,exception
47091,,exception
47092,,exception
47093,,exception
47094,,exception
47095,,exception
47096,,exception
47097,,exception
47098,,exception
47099,,exception
47100,,exception
47101,,exception
47102,,exception
47103,,exception
47104,,exception
47105,,exception
47106,,exception
47107,,exception
47108,,exception
47109,,exception
47110,,exception
47111,,exception
47112,,exception
47113,,exception
47114,,exception
47115,,exception
47116,,exception
47117,,exception
47118,,exception
47119,,exception
47120,,exception
47121,,exception
47122,,exception
47123,,exception
47124,,exception
47125,,exception
47126,,exception
47127,,exception
47128,,exception
47129,,exception
47130,,exception
47131,,exception
47132,,exception
47133,,exception
47134,,exception
47135,,exception
47136,,exception
47137,,exception
47138,,exception
47139,,exception
47140,,exception
47141,,exception
47142,,exception
47143,,exception
47144,,exception
47145,,exception
47146,,exception
47147,,exception
47148,,exception
47149,,exception
47150,,exception
47151,,exception
47152,,exception
47153,,exception
47154,,exception
47155,,exception
47156,,exception
47157,,exception
47158,,exception
47159,,exception
47160,,exception
47161,,exception
47162,,exception
47163,,exception
47164,,exception
47165,,exception
47166,,exception
47167,,exception
47168,,exception
47169,,exception
47170,,exception
47171,,exception
47172,,exception
47173,,exception
47174,,exception
47175,,exception
47176,,exception
47177,,exception
47178,,exception
47179,,exception
47180,,exception
47181,,exception
47182,,exception
47183,,exception
47184,,exception
47185,,exception
47186,,exception
47187,,exception
47188,,exception
47189,,exception
47190,,exception
47191,,exception
47192,,exception
47193,,exception
47194,,exception
47195,,exception
47196,,exception
47197,,exception
47198,,exception
47199,,exception
47200,,exception
47201,,exception
47202,,exception
47203,,exception
47204,,exception
47205,,exception
47206,,exception
47207,,exception
47208,,exception
47209,,exception
47210,,exception
47211,,exception
47212,,exception
47213,,exception
47214,,exception
47215,,exception
47216,,exception
47217,,exception
47218,,exception
47219,,exception
47220,,exception
47221,,exception
47222,,exception
47223,,exception
47224,,exception
47225,,exception
47226,,exception
47227,,exception
47228,,exception
47229,,exception
47230,,exception
47231,,exception
47232,,exception
47233,,exception
47234,,exception
47235,,exception
47236,,exception
47237,,exception
47238,,exception
47239,,exception
47240,,exception
47241,,exception
47242,,exception
47243,,exception
47244,,exception
47245,,exception
47246,,exception
47247,,exception
47248,,exception
47249,,exception
47250,,exception
47251,,exception
47252,,exception
47253,,exception
47254,,exception
47255,,exception
47256,,exception
47257,,exception
47258,,exception
47259,,exception
47260,,exception
47261,,exception
47262,,exception
47263,,exception
47264,,exception
47265,,exception
47266,,exception
47267,,exception
47268,,exception
47269,,exception
47270,,exception
47271,,exception
47272,,exception
47273,,exception
47274,,exception
47275,,exception
47276,,exception
47277,,exception
47278,,exception
47279,,exception
47280,,exception
47281,,exception
47282,,exception
47283,,exception
47284,,exception
47285,,exception
47286,,exception
47287,,exception
47288,,exception
47289,,exception
47290,,exception
47291,,exception
47292,,exception
47293,,exception
47294,,exception
47295,,exception
47296,,exception
47297,,exception
47298,,exception
47299,,exception
47300,,exception
47301,,exception
47302,,exception
47303,,exception
47304,,exception
47305,,exception
47306,,exception
47307,,exception
47308,,exception
47309,,exception
47310,,exception
47311,,exception
47312,,exception
47313,,exception
47314,,exception
47315,,exception
47316,,exception
47317,,exception
47318,,exception
47319,,exception
47320,,exception
47321,,exception
47322,,exception
47323,,exception
47324,,exception
47325,,exception
47326,,exception
47327,,exception
47328,,exception
47329,,exception
47330,,exception
47331,,exception
47332,,exception
47333,,exception
47334,,exception
47335,,exception
47336,,exception
47337,,exception
47338,,exception
47339,,exception
47340,,exception
47341,,exception
47342,,exception
47343,,exception
47344,,exception
47345,,exception
47346,,exception
47347,,exception
47348,,exception
47349,,exception
47350,,exception
47351,,exception
47352,,exception
47353,,exception
47354,,exception
47355,,exception
47356,,exception
47357,,exception
47358,,exception
47359,,exception
47360,,exception
47361,,exception
47362,,exception
47363,,exception
47364,,exception
47365,,exception
47366,,exception
47367,,exception
47368,,exception
47369,,exception
47370,,exception
47371,,exception
47372,,exception
47373,,exception
47374,,exception
47375,,exception
47376,,exception
47377,,exception
47378,,exception
47379,,exception
47380,,exception
47381,,exception
47382,,exception
47383,,exception
47384,,exception
47385,,exception
47386,,exception
47387,,exception
47388,,exception
47389,,exception
47390,,exception
47391,,exception
47392,,exception
47393,,exception
47394,,exception
47395,,exception
47396,,exception
47397,,exception
47398,,exception
47399,,exception
47400,,exception
47401,,exception
47402,,exception
47403,,exception
47404,,exception
47405,,exception
47406,,exception
47407,,exception
47408,,exception
47409,,exception
47410,,exception
47411,,exception
47412,,exception
47413,,exception
47414,,exception
47415,,exception
47416,,exception
47417,,exception
47418,,exception
47419,,exception
47420,,exception
47421,,exception
47422,,exception
47423,,exception
47424,,exception
47425,,exception
47426,,exception
47427,,exception
47428,,exception
47429,,exception
47430,,exception
47431,,exception
47432,,exception
47433,,exception
47434,,exception
47435,,exception
47436,,exception
47437,,exception
47438,,exception
47439,,exception
47440,,exception
47441,,exception
47442,,exception
47443,,exception
47444,,exception
47445,,exception
47446,,exception
47447,,exception
47448,,exception
47449,,exception
47450,,exception
47451,,exception
47452,,exception
47453,,exception
47454,,exception
47455,,exception
47456,,exception
47457,,exception
47458,,exception
47459,,exception
47460,,exception
47461,,exception
47462,,exception
47463,,exception
47464,,exception
47465,,exception
47466,,exception
47467,,exception
47468,,exception
47469,,exception
47470,,exception
47471,,exception
47472,,exception
47473,,exception
47474,,exception
47475,,exception
47476,,exception
47477,,exception
47478,,exception
47479,,exception
47480,,exception
47481,,exception
47482,,exception
47483,,exception
47484,,exception
47485,,exception
47486,,exception
47487,,exception
47488,,exception
47489,,exception
47490,,exception
47491,,exception
47492,,exception
47493,,exception
47494,,exception
47495,,exception
47496,,exception
47497,,exception
47498,,exception
47499,,exception
47500,,exception
47501,,exception
47502,,exception
47503,,exception
47504,,exception
47505,,exception
47506,,exception
47507,,exception
47508,,exception
47509,,exception
47510,,exception
47511,,exception
47512,,exception
47513,,exception
47514,,exception
47515,,exception
47516,,exception
47517,,exception
47518,,exception
47519,,exception
47520,,exception
47521,,exception
47522,,exception
47523,,exception
47524,,exception
47525,,exception
47526,,exception
47527,,exception
47528,,exception
47529,,exception
47530,,exception
47531,,exception
47532,,exception
47533,,exception
47534,,exception
47535,,exception
47536,,exception
47537,,exception
47538,,exception
47539,,exception
47540,,exception
47541,,exception
47542,,exception
47543,,exception
47544,,exception
47545,,exception
47546,,exception
47547,,exception
47548,,exception
47549,,exception
47550,,exception
47551,,exception
47552,,exception
47553,,exception
47554,,exception
47555,,exception
47556,,exception
47557,,exception
47558,,exception
47559,,exception
47560,,exception
47561,,exception
47562,,exception
47563,,exception
47564,,exception
47565,,exception
47566,,exception
47567,,exception
47568,,exception
47569,,exception
47570,,exception
47571,,exception
47572,,exception
47573,,exception
47574,,exception
47575,,exception
47576,,exception
47577,,exception
47578,,exception
47579,,exception
47580,,exception
47581,,exception
47582,,exception
47583,,exception
47584,,exception
47585,,exception
47586,,exception
47587,,exception
47588,,exception
47589,,exception
47590,,exception
47591,,exception
47592,,exception
47593,,exception
47594,,exception
47595,,exception
47596,,exception
47597,,exception
47598,,exception
47599,,exception
47600,,exception
47601,,exception
47602,,exception
47603,,exception
47604,,exception
47605,,exception
47606,,exception
47607,,exception
47608,,exception
47609,,exception
47610,,exception
47611,,exception
47612,,exception
47613,,exception
47614,,exception
47615,,exception
47616,,exception
47617,,exception
47618,,exception
47619,,exception
47620,,exception
47621,,exception
47622,,exception
47623,,exception
47624,,exception
47625,,exception
47626,,exception
47627,,exception
47628,,exception
47629,,exception
47630,,exception
47631,,exception
47632,,exception
47633,,exception
47634,,exception
47635,,exception
47636,,exception
47637,,exception
47638,,exception
47639,,exception
47640,,exception
47641,,exception
47642,,exception
47643,,exception
47644,,exception
47645,,exception
47646,,exception
47647,,exception
47648,,exception
47649,,exception
47650,,exception
47651,,exception
47652,,exception
47653,,exception
47654,,exception
47655,,exception
47656,,exception
47657,,exception
47658,,exception
47659,,exception
47660,,exception
47661,,exception
47662,,exception
47663,,exception
47664,,exception
47665,,exception
47666,,exception
47667,,exception
47668,,exception
47669,,exception
47670,,exception
47671,,exception
47672,,exception
47673,,exception
47674,,exception
47675,,exception
47676,,exception
47677,,exception
47678,,exception
47679,,exception
47680,,exception
47681,,exception
47682,,exception
47683,,exception
47684,,exception
47685,,exception
47686,,exception
47687,,exception
47688,,exception
47689,,exception
47690,,exception
47691,,exception
47692,,exception
47693,,exception
47694,,exception
47695,,exception
47696,,exception
47697,,exception
47698,,exception
47699,,exception
47700,,exception
47701,,exception
47702,,exception
47703,,exception
47704,,exception
47705,,exception
47706,,exception
47707,,exception
47708,,exception
47709,,exception
47710,,exception
47711,,exception
47712,,exception
47713,,exception
47714,,exception
47715,,exception
47716,,exception
47717,,exception
47718,,exception
47719,,exception
47720,,exception
47721,,exception
47722,,exception
47723,,exception
47724,,exception
47725,,exception
47726,,exception
47727,,exception
47728,,exception
47729,,exception
47730,,exception
47731,,exception
47732,,exception
47733,,exception
47734,,exception
47735,,exception
47736,,exception
47737,,exception
47738,,exception
47739,,exception
47740,,exception
47741,,exception
47742,,exception
47743,,exception
47744,,exception
47745,,exception
47746,,exception
47747,,exception
47748,,exception
47749,,exception
47750,,exception
47751,,exception
47752,,exception
47753,,exception
47754,,exception
47755,,exception
47756,,exception
47757,,exception
47758,,exception
47759,,exception
47760,,exception
47761,,exception
47762,,exception
47763,,exception
47764,,exception
47765,,exception
47766,,exception
47767,,exception
47768,,exception
47769,,exception
47770,,exception
47771,,exception
47772,,exception
47773,,exception
47774,,exception
47775,,exception
47776,,exception
47777,,exception
47778,,exception
47779,,exception
47780,,exception
47781,,exception
47782,,exception
47783,,exception
47784,,exception
47785,,exception
47786,,exception
47787,,exception
47788,,exception
47789,,exception
47790,,exception
47791,,exception
47792,,exception
47793,,exception
47794,,exception
47795,,exception
47796,,exception
47797,,exception
47798,,exception
47799,,exception
47800,,exception
47801,,exception
47802,,exception
47803,,exception
47804,,exception
47805,,exception
47806,,exception
47807,,exception
47808,,exception
47809,,exception
47810,,exception
47811,,exception
47812,,exception
47813,,exception
47814,,exception
47815,,exception
47816,,exception
47817,,exception
47818,,exception
47819,,exception
47820,,exception
47821,,exception
47822,,exception
47823,,exception
47824,,exception
47825,,exception
47826,,exception
47827,,exception
47828,,exception
47829,,exception
47830,,exception
47831,,exception
47832,,exception
47833,,exception
47834,,exception
47835,,exception
47836,,exception
47837,,exception
47838,,exception
47839,,exception
47840,,exception
47841,,exception
47842,,exception
47843,,exception
47844,,exception
47845,,exception
47846,,exception
47847,,exception
47848,,exception
47849,,exception
47850,,exception
47851,,exception
47852,,exception
47853,,exception
47854,,exception
47855,,exception
47856,,exception
47857,,exception
47858,,exception
47859,,exception
47860,,exception
47861,,exception
47862,,exception
47863,,exception
47864,,exception
47865,,exception
47866,,exception
47867,,exception
47868,,exception
47869,,exception
47870,,exception
47871,,exception
47872,,exception
47873,,exception
47874,,exception
47875,,exception
47876,,exception
47877,,exception
47878,,exception
47879,,exception
47880,,exception
47881,,exception
47882,,exception
47883,,exception
47884,,exception
47885,,exception
47886,,exception
47887,,exception
47888,,exception
47889,,exception
47890,,exception
47891,,exception
47892,,exception
47893,,exception
47894,,exception
47895,,exception
47896,,exception
47897,,exception
47898,,exception
47899,,exception
47900,,exception
47901,,exception
47902,,exception
47903,,exception
47904,,exception
47905,,exception
47906,,exception
47907,,exception
47908,,exception
47909,,exception
47910,,exception
47911,,exception
47912,,exception
47913,,exception
47914,,exception
47915,,exception
47916,,exception
47917,,exception
47918,,exception
47919,,exception
47920,,exception
47921,,exception
47922,,exception
47923,,exception
47924,,exception
47925,,exception
47926,,exception
47927,,exception
47928,,exception
47929,,exception
47930,,exception
47931,,exception
47932,,exception
47933,,exception
47934,,exception
47935,,exception
47936,,exception
47937,,exception
47938,,exception
47939,,exception
47940,,exception
47941,,exception
47942,,exception
47943,,exception
47944,,exception
47945,,exception
47946,,exception
47947,,exception
47948,,exception
47949,,exception
47950,,exception
47951,,exception
47952,,exception
47953,,exception
47954,,exception
47955,,exception
47956,,exception
47957,,exception
47958,,exception
47959,,exception
47960,,exception
47961,,exception
47962,,exception
47963,,exception
47964,,exception
47965,,exception
47966,,exception
47967,,exception
47968,,exception
47969,,exception
47970,,exception
47971,,exception
47972,,exception
47973,,exception
47974,,exception
47975,,exception
47976,,exception
47977,,exception
47978,,exception
47979,,exception
47980,,exception
47981,,exception
47982,,exception
47983,,exception
47984,,exception
47985,,exception
47986,,exception
47987,,exception
47988,,exception
47989,,exception
47990,,exception
47991,,exception
47992,,exception
47993,,exception
47994,,exception
47995,,exception
47996,,exception
47997,,exception
47998,,exception
47999,,exception
48000,,exception
48001,,exception
48002,,exception
48003,,exception
48004,,exception
48005,,exception
48006,,exception
48007,,exception
48008,,exception
48009,,exception
48010,,exception
48011,,exception
48012,,exception
48013,,exception
48014,,exception
48015,,exception
48016,,exception
48017,,exception
48018,,exception
48019,,exception
48020,,exception
48021,,exception
48022,,exception
48023,,exception
48024,,exception
48025,,exception
48026,,exception
48027,,exception
48028,,exception
48029,,exception
48030,,exception
48031,,exception
48032,,exception
48033,,exception
48034,,exception
48035,,exception
48036,,exception
48037,,exception
48038,,exception
48039,,exception
48040,,exception
48041,,exception
48042,,exception
48043,,exception
48044,,exception
48045,,exception
48046,,exception
48047,,exception
48048,,exception
48049,,exception
48050,,exception
48051,,exception
48052,,exception
48053,,exception
48054,,exception
48055,,exception
48056,,exception
48057,,exception
48058,,exception
48059,,exception
48060,,exception
48061,,exception
48062,,exception
48063,,exception
48064,,exception
48065,,exception
48066,,exception
48067,,exception
48068,,exception
48069,,exception
48070,,exception
48071,,exception
48072,,exception
48073,,exception
48074,,exception
48075,,exception
48076,,exception
48077,,exception
48078,,exception
48079,,exception
48080,,exception
48081,,exception
48082,,exception
48083,,exception
48084,,exception
48085,,exception
48086,,exception
48087,,exception
48088,,exception
48089,,exception
48090,,exception
48091,,exception
48092,,exception
48093,,exception
48094,,exception
48095,,exception
48096,,exception
48097,,exception
48098,,exception
48099,,exception
48100,,exception
48101,,exception
48102,,exception
48103,,exception
48104,,exception
48105,,exception
48106,,exception
48107,,exception
48108,,exception
48109,,exception
48110,,exception
48111,,exception
48112,,exception
48113,,exception
48114,,exception
48115,,exception
48116,,exception
48117,,exception
48118,,exception
48119,,exception
48120,,exception
48121,,exception
48122,,exception
48123,,exception
48124,,exception
48125,,exception
48126,,exception
48127,,exception
48128,,exception
48129,,exception
48130,,exception
48131,,exception
48132,,exception
48133,,exception
48134,,exception
48135,,exception
48136,,exception
48137,,exception
48138,,exception
48139,,exception
48140,,exception
48141,,exception
48142,,exception
48143,,exception
48144,,exception
48145,,exception
48146,,exception
48147,,exception
48148,,exception
48149,,exception
48150,,exception
48151,,exception
48152,,exception
48153,,exception
48154,,exception
48155,,exception
48156,,exception
48157,,exception
48158,,exception
48159,,exception
48160,,exception
48161,,exception
48162,,exception
48163,,exception
48164,,exception
48165,,exception
48166,,exception
48167,,exception
48168,,exception
48169,,exception
48170,,exception
48171,,exception
48172,,exception
48173,,exception
48174,,exception
48175,,exception
48176,,exception
48177,,exception
48178,,exception
48179,,exception
48180,,exception
48181,,exception
48182,,exception
48183,,exception
48184,,exception
48185,,exception
48186,,exception
48187,,exception
48188,,exception
48189,,exception
48190,,exception
48191,,exception
48192,,exception
48193,,exception
48194,,exception
48195,,exception
48196,,exception
48197,,exception
48198,,exception
48199,,exception
48200,,exception
48201,,exception
48202,,exception
48203,,exception
48204,,exception
48205,,exception
48206,,exception
48207,,exception
48208,,exception
48209,,exception
48210,,exception
48211,,exception
48212,,exception
48213,,exception
48214,,exception
48215,,exception
48216,,exception
48217,,exception
48218,,exception
48219,,exception
48220,,exception
48221,,exception
48222,,exception
48223,,exception
48224,,exception
48225,,exception
48226,,exception
48227,,exception
48228,,exception
48229,,exception
48230,,exception
48231,,exception
48232,,exception
48233,,exception
48234,,exception
48235,,exception
48236,,exception
48237,,exception
48238,,exception
48239,,exception
48240,,exception
48241,,exception
48242,,exception
48243,,exception
48244,,exception
48245,,exception
48246,,exception
48247,,exception
48248,,exception
48249,,exception
48250,,exception
48251,,exception
48252,,exception
48253,,exception
48254,,exception
48255,,exception
48256,,exception
48257,,exception
48258,,exception
48259,,exception
48260,,exception
48261,,exception
48262,,exception
48263,,exception
48264,,exception
48265,,exception
48266,,exception
48267,,exception
48268,,exception
48269,,exception
48270,,exception
48271,,exception
48272,,exception
48273,,exception
48274,,exception
48275,,exception
48276,,exception
48277,,exception
48278,,exception
48279,,exception
48280,,exception
48281,,exception
48282,,exception
48283,,exception
48284,,exception
48285,,exception
48286,,exception
48287,,exception
48288,,exception
48289,,exception
48290,,exception
48291,,exception
48292,,exception
48293,,exception
48294,,exception
48295,,exception
48296,,exception
48297,,exception
48298,,exception
48299,,exception
48300,,exception
48301,,exception
48302,,exception
48303,,exception
48304,,exception
48305,,exception
48306,,exception
48307,,exception
48308,,exception
48309,,exception
48310,,exception
48311,,exception
48312,,exception
48313,,exception
48314,,exception
48315,,exception
48316,,exception
48317,,exception
48318,,exception
48319,,exception
48320,,exception
48321,,exception
48322,,exception
48323,,exception
48324,,exception
48325,,exception
48326,,exception
48327,,exception
48328,,exception
48329,,exception
48330,,exception
48331,,exception
48332,,exception
48333,,exception
48334,,exception
48335,,exception
48336,,exception
48337,,exception
48338,,exception
48339,,exception
48340,,exception
48341,,exception
48342,,exception
48343,,exception
48344,,exception
48345,,exception
48346,,exception
48347,,exception
48348,,exception
48349,,exception
48350,,exception
48351,,exception
48352,,exception
48353,,exception
48354,,exception
48355,,exception
48356,,exception
48357,,exception
48358,,exception
48359,,exception
48360,,exception
48361,,exception
48362,,exception
48363,,exception
48364,,exception
48365,,exception
48366,,exception
48367,,exception
48368,,exception
48369,,exception
48370,,exception
48371,,exception
48372,,exception
48373,,exception
48374,,exception
48375,,exception
48376,,exception
48377,,exception
48378,,exception
48379,,exception
48380,,exception
48381,,exception
48382,,exception
48383,,exception
48384,,exception
48385,,exception
48386,,exception
48387,,exception
48388,,exception
48389,,exception
48390,,exception
48391,,exception
48392,,exception
48393,,exception
48394,,exception
48395,,exception
48396,,exception
48397,,exception
48398,,exception
48399,,exception
48400,,exception
48401,,exception
48402,,exception
48403,,exception
48404,,exception
48405,,exception
48406,,exception
48407,,exception
48408,,exception
48409,,exception
48410,,exception
48411,,exception
48412,,exception
48413,,exception
48414,,exception
48415,,exception
48416,,exception
48417,,exception
48418,,exception
48419,,exception
48420,,exception
48421,,exception
48422,,exception
48423,,exception
48424,,exception
48425,,exception
48426,,exception
48427,,exception
48428,,exception
48429,,exception
48430,,exception
48431,,exception
48432,,exception
48433,,exception
48434,,exception
48435,,exception
48436,,exception
48437,,exception
48438,,exception
48439,,exception
48440,,exception
48441,,exception
48442,,exception
48443,,exception
48444,,exception
48445,,exception
48446,,exception
48447,,exception
48448,,exception
48449,,exception
48450,,exception
48451,,exception
48452,,exception
48453,,exception
48454,,exception
48455,,exception
48456,,exception
48457,,exception
48458,,exception
48459,,exception
48460,,exception
48461,,exception
48462,,exception
48463,,exception
48464,,exception
48465,,exception
48466,,exception
48467,,exception
48468,,exception
48469,,exception
48470,,exception
48471,,exception
48472,,exception
48473,,exception
48474,,exception
48475,,exception
48476,,exception
48477,,exception
48478,,exception
48479,,exception
48480,,exception
48481,,exception
48482,,exception
48483,,exception
48484,,exception
48485,,exception
48486,,exception
48487,,exception
48488,,exception
48489,,exception
48490,,exception
48491,,exception
48492,,exception
48493,,exception
48494,,exception
48495,,exception
48496,,exception
48497,,exception
48498,,exception
48499,,exception
48500,,exception
48501,,exception
48502,,exception
48503,,exception
48504,,exception
48505,,exception
48506,,exception
48507,,exception
48508,,exception
48509,,exception
48510,,exception
48511,,exception
48512,,exception
48513,,exception
48514,,exception
48515,,exception
48516,,exception
48517,,exception
48518,,exception
48519,,exception
48520,,exception
48521,,exception
48522,,exception
48523,,exception
48524,,exception
48525,,exception
48526,,exception
48527,,exception
48528,,exception
48529,,exception
48530,,exception
48531,,exception
48532,,exception
48533,,exception
48534,,exception
48535,,exception
48536,,exception
48537,,exception
48538,,exception
48539,,exception
48540,,exception
48541,,exception
48542,,exception
48543,,exception
48544,,exception
48545,,exception
48546,,exception
48547,,exception
48548,,exception
48549,,exception
48550,,exception
48551,,exception
48552,,exception
48553,,exception
48554,,exception
48555,,exception
48556,,exception
48557,,exception
48558,,exception
48559,,exception
48560,,exception
48561,,exception
48562,,exception
48563,,exception
48564,,exception
48565,,exception
48566,,exception
48567,,exception
48568,,exception
48569,,exception
48570,,exception
48571,,exception
48572,,exception
48573,,exception
48574,,exception
48575,,exception
48576,,exception
48577,,exception
48578,,exception
48579,,exception
48580,,exception
48581,,exception
48582,,exception
48583,,exception
48584,,exception
48585,,exception
48586,,exception
48587,,exception
48588,,exception
48589,,exception
48590,,exception
48591,,exception
48592,,exception
48593,,exception
48594,,exception
48595,,exception
48596,,exception
48597,,exception
48598,,exception
48599,,exception
48600,,exception
48601,,exception
48602,,exception
48603,,exception
48604,,exception
48605,,exception
48606,,exception
48607,,exception
48608,,exception
48609,,exception
48610,,exception
48611,,exception
48612,,exception
48613,,exception
48614,,exception
48615,,exception
48616,,exception
48617,,exception
48618,,exception
48619,,exception
48620,,exception
48621,,exception
48622,,exception
48623,,exception
48624,,exception
48625,,exception
48626,,exception
48627,,exception
48628,,exception
48629,,exception
48630,,exception
48631,,exception
48632,,exception
48633,,exception
48634,,exception
48635,,exception
48636,,exception
48637,,exception
48638,,exception
48639,,exception
48640,,exception
48641,,exception
48642,,exception
48643,,exception
48644,,exception
48645,,exception
48646,,exception
48647,,exception
48648,,exception
48649,,exception
48650,,exception
48651,,exception
48652,,exception
48653,,exception
48654,,exception
48655,,exception
48656,,exception
48657,,exception
48658,,exception
48659,,exception
48660,,exception
48661,,exception
48662,,exception
48663,,exception
48664,,exception
48665,,exception
48666,,exception
48667,,exception
48668,,exception
48669,,exception
48670,,exception
48671,,exception
48672,,exception
48673,,exception
48674,,exception
48675,,exception
48676,,exception
48677,,exception
48678,,exception
48679,,exception
48680,,exception
48681,,exception
48682,,exception
48683,,exception
48684,,exception
48685,,exception
48686,,exception
48687,,exception
48688,,exception
48689,,exception
48690,,exception
48691,,exception
48692,,exception
48693,,exception
48694,,exception
48695,,exception
48696,,exception
48697,,exception
48698,,exception
48699,,exception
48700,,exception
48701,,exception
48702,,exception
48703,,exception
48704,,exception
48705,,exception
48706,,exception
48707,,exception
48708,,exception
48709,,exception
48710,,exception
48711,,exception
48712,,exception
48713,,exception
48714,,exception
48715,,exception
48716,,exception
48717,,exception
48718,,exception
48719,,exception
48720,,exception
48721,,exception
48722,,exception
48723,,exception
48724,,exception
48725,,exception
48726,,exception
48727,,exception
48728,,exception
48729,,exception
48730,,exception
48731,,exception
48732,,exception
48733,,exception
48734,,exception
48735,,exception
48736,,exception
48737,,exception
48738,,exception
48739,,exception
48740,,exception
48741,,exception
48742,,exception
48743,,exception
48744,,exception
48745,,exception
48746,,exception
48747,,exception
48748,,exception
48749,,exception
48750,,exception
48751,,exception
48752,,exception
48753,,exception
48754,,exception
48755,,exception
48756,,exception
48757,,exception
48758,,exception
48759,,exception
48760,,exception
48761,,exception
48762,,exception
48763,,exception
48764,,exception
48765,,exception
48766,,exception
48767,,exception
48768,,exception
48769,,exception
48770,,exception
48771,,exception
48772,,exception
48773,,exception
48774,,exception
48775,,exception
48776,,exception
48777,,exception
48778,,exception
48779,,exception
48780,,exception
48781,,exception
48782,,exception
48783,,exception
48784,,exception
48785,,exception
48786,,exception
48787,,exception
48788,,exception
48789,,exception
48790,,exception
48791,,exception
48792,,exception
48793,,exception
48794,,exception
48795,,exception
48796,,exception
48797,,exception
48798,,exception
48799,,exception
48800,,exception
48801,,exception
48802,,exception
48803,,exception
48804,,exception
48805,,exception
48806,,exception
48807,,exception
48808,,exception
48809,,exception
48810,,exception
48811,,exception
48812,,exception
48813,,exception
48814,,exception
48815,,exception
48816,,exception
48817,,exception
48818,,exception
48819,,exception
48820,,exception
48821,,exception
48822,,exception
48823,,exception
48824,,exception
48825,,exception
48826,,exception
48827,,exception
48828,,exception
48829,,exception
48830,,exception
48831,,exception
48832,,exception
48833,,exception
48834,,exception
48835,,exception
48836,,exception
48837,,exception
48838,,exception
48839,,exception
48840,,exception
48841,,exception
48842,,exception
48843,,exception
48844,,exception
48845,,exception
48846,,exception
48847,,exception
48848,,exception
48849,,exception
48850,,exception
48851,,exception
48852,,exception
48853,,exception
48854,,exception
48855,,exception
48856,,exception
48857,,exception
48858,,exception
48859,,exception
48860,,exception
48861,,exception
48862,,exception
48863,,exception
48864,,exception
48865,,exception
48866,,exception
48867,,exception
48868,,exception
48869,,exception
48870,,exception
48871,,exception
48872,,exception
48873,,exception
48874,,exception
48875,,exception
48876,,exception
48877,,exception
48878,,exception
48879,,exception
48880,,exception
48881,,exception
48882,,exception
48883,,exception
48884,,exception
48885,,exception
48886,,exception
48887,,exception
48888,,exception
48889,,exception
48890,,exception
48891,,exception
48892,,exception
48893,,exception
48894,,exception
48895,,exception
48896,,exception
48897,,exception
48898,,exception
48899,,exception
48900,,exception
48901,,exception
48902,,exception
48903,,exception
48904,,exception
48905,,exception
48906,,exception
48907,,exception
48908,,exception
48909,,exception
48910,,exception
48911,,exception
48912,,exception
48913,,exception
48914,,exception
48915,,exception
48916,,exception
48917,,exception
48918,,exception
48919,,exception
48920,,exception
48921,,exception
48922,,exception
48923,,exception
48924,,exception
48925,,exception
48926,,exception
48927,,exception
48928,,exception
48929,,exception
48930,,exception
48931,,exception
48932,,exception
48933,,exception
48934,,exception
48935,,exception
48936,,exception
48937,,exception
48938,,exception
48939,,exception
48940,,exception
48941,,exception
48942,,exception
48943,,exception
48944,,exception
48945,,exception
48946,,exception
48947,,exception
48948,,exception
48949,,exception
48950,,exception
48951,,exception
48952,,exception
48953,,exception
48954,,exception
48955,,exception
48956,,exception
48957,,exception
48958,,exception
48959,,exception
48960,,exception
48961,,exception
48962,,exception
48963,,exception
48964,,exception
48965,,exception
48966,,exception
48967,,exception
48968,,exception
48969,,exception
48970,,exception
48971,,exception
48972,,exception
48973,,exception
48974,,exception
48975,,exception
48976,,exception
48977,,exception
48978,,exception
48979,,exception
48980,,exception
48981,,exception
48982,,exception
48983,,exception
48984,,exception
48985,,exception
48986,,exception
48987,,exception
48988,,exception
48989,,exception
48990,,exception
48991,,exception
48992,,exception
48993,,exception
48994,,exception
48995,,exception
48996,,exception
48997,,exception
48998,,exception
48999,,exception
49000,,exception
49001,,exception
49002,,exception
49003,,exception
49004,,exception
49005,,exception
49006,,exception
49007,,exception
49008,,exception
49009,,exception
49010,,exception
49011,,exception
49012,,exception
49013,,exception
49014,,exception
49015,,exception
49016,,exception
49017,,exception
49018,,exception
49019,,exception
49020,,exception
49021,,exception
49022,,exception
49023,,exception
49024,,exception
49025,,exception
49026,,exception
49027,,exception
49028,,exception
49029,,exception
49030,,exception
49031,,exception
49032,,exception
49033,,exception
49034,,exception
49035,,exception
49036,,exception
49037,,exception
49038,,exception
49039,,exception
49040,,exception
49041,,exception
49042,,exception
49043,,exception
49044,,exception
49045,,exception
49046,,exception
49047,,exception
49048,,exception
49049,,exception
49050,,exception
49051,,exception
49052,,exception
49053,,exception
49054,,exception
49055,,exception
49056,,exception
49057,,exception
49058,,exception
49059,,exception
49060,,exception
49061,,exception
49062,,exception
49063,,exception
49064,,exception
49065,,exception
49066,,exception
49067,,exception
49068,,exception
49069,,exception
49070,,exception
49071,,exception
49072,,exception
49073,,exception
49074,,exception
49075,,exception
49076,,exception
49077,,exception
49078,,exception
49079,,exception
49080,,exception
49081,,exception
49082,,exception
49083,,exception
49084,,exception
49085,,exception
49086,,exception
49087,,exception
49088,,exception
49089,,exception
49090,,exception
49091,,exception
49092,,exception
49093,,exception
49094,,exception
49095,,exception
49096,,exception
49097,,exception
49098,,exception
49099,,exception
49100,,exception
49101,,exception
49102,,exception
49103,,exception
49104,,exception
49105,,exception
49106,,exception
49107,,exception
49108,,exception
49109,,exception
49110,,exception
49111,,exception
49112,,exception
49113,,exception
49114,,exception
49115,,exception
49116,,exception
49117,,exception
49118,,exception
49119,,exception
49120,,exception
49121,,exception
49122,,exception
49123,,exception
49124,,exception
49125,,exception
49126,,exception
49127,,exception
49128,,exception
49129,,exception
49130,,exception
49131,,exception
49132,,exception
49133,,exception
49134,,exception
49135,,exception
49136,,exception
49137,,exception
49138,,exception
49139,,exception
49140,,exception
49141,,exception
49142,,exception
49143,,exception
49144,,exception
49145,,exception
49146,,exception
49147,,exception
49148,,exception
49149,,exception
49150,,exception
49151,,exception
49152,,exception
49153,,exception
49154,,exception
49155,,exception
49156,,exception
49157,,exception
49158,,exception
49159,,exception
49160,,exception
49161,,exception
49162,,exception
49163,,exception
49164,,exception
49165,,exception
49166,,exception
49167,,exception
49168,,exception
49169,,exception
49170,,exception
49171,,exception
49172,,exception
49173,,exception
49174,,exception
49175,,exception
49176,,exception
49177,,exception
49178,,exception
49179,,exception
49180,,exception
49181,,exception
49182,,exception
49183,,exception
49184,,exception
49185,,exception
49186,,exception
49187,,exception
49188,,exception
49189,,exception
49190,,exception
49191,,exception
49192,,exception
49193,,exception
49194,,exception
49195,,exception
49196,,exception
49197,,exception
49198,,exception
49199,,exception
49200,,exception
49201,,exception
49202,,exception
49203,,exception
49204,,exception
49205,,exception
49206,,exception
49207,,exception
49208,,exception
49209,,exception
49210,,exception
49211,,exception
49212,,exception
49213,,exception
49214,,exception
49215,,exception
49216,,exception
49217,,exception
49218,,exception
49219,,exception
49220,,exception
49221,,exception
49222,,exception
49223,,exception
49224,,exception
49225,,exception
49226,,exception
49227,,exception
49228,,exception
49229,,exception
49230,,exception
49231,,exception
49232,,exception
49233,,exception
49234,,exception
49235,,exception
49236,,exception
49237,,exception
49238,,exception
49239,,exception
49240,,exception
49241,,exception
49242,,exception
49243,,exception
49244,,exception
49245,,exception
49246,,exception
49247,,exception
49248,,exception
49249,,exception
49250,,exception
49251,,exception
49252,,exception
49253,,exception
49254,,exception
49255,,exception
49256,,exception
49257,,exception
49258,,exception
49259,,exception
49260,,exception
49261,,exception
49262,,exception
49263,,exception
49264,,exception
49265,,exception
49266,,exception
49267,,exception
49268,,exception
49269,,exception
49270,,exception
49271,,exception
49272,,exception
49273,,exception
49274,,exception
49275,,exception
49276,,exception
49277,,exception
49278,,exception
49279,,exception
49280,,exception
49281,,exception
49282,,exception
49283,,exception
49284,,exception
49285,,exception
49286,,exception
49287,,exception
49288,,exception
49289,,exception
49290,,exception
49291,,exception
49292,,exception
49293,,exception
49294,,exception
49295,,exception
49296,,exception
49297,,exception
49298,,exception
49299,,exception
49300,,exception
49301,,exception
49302,,exception
49303,,exception
49304,,exception
49305,,exception
49306,,exception
49307,,exception
49308,,exception
49309,,exception
49310,,exception
49311,,exception
49312,,exception
49313,,exception
49314,,exception
49315,,exception
49316,,exception
49317,,exception
49318,,exception
49319,,exception
49320,,exception
49321,,exception
49322,,exception
49323,,exception
49324,,exception
49325,,exception
49326,,exception
49327,,exception
49328,,exception
49329,,exception
49330,,exception
49331,,exception
49332,,exception
49333,,exception
49334,,exception
49335,,exception
49336,,exception
49337,,exception
49338,,exception
49339,,exception
49340,,exception
49341,,exception
49342,,exception
49343,,exception
49344,,exception
49345,,exception
49346,,exception
49347,,exception
49348,,exception
49349,,exception
49350,,exception
49351,,exception
49352,,exception
49353,,exception
49354,,exception
49355,,exception
49356,,exception
49357,,exception
49358,,exception
49359,,exception
49360,,exception
49361,,exception
49362,,exception
49363,,exception
49364,,exception
49365,,exception
49366,,exception
49367,,exception
49368,,exception
49369,,exception
49370,,exception
49371,,exception
49372,,exception
49373,,exception
49374,,exception
49375,,exception
49376,,exception
49377,,exception
49378,,exception
49379,,exception
49380,,exception
49381,,exception
49382,,exception
49383,,exception
49384,,exception
49385,,exception
49386,,exception
49387,,exception
49388,,exception
49389,,exception
49390,,exception
49391,,exception
49392,,exception
49393,,exception
49394,,exception
49395,,exception
49396,,exception
49397,,exception
49398,,exception
49399,,exception
49400,,exception
49401,,exception
49402,,exception
49403,,exception
49404,,exception
49405,,exception
49406,,exception
49407,,exception
49408,,exception
49409,,exception
49410,,exception
49411,,exception
49412,,exception
49413,,exception
49414,,exception
49415,,exception
49416,,exception
49417,,exception
49418,,exception
49419,,exception
49420,,exception
49421,,exception
49422,,exception
49423,,exception
49424,,exception
49425,,exception
49426,,exception
49427,,exception
49428,,exception
49429,,exception
49430,,exception
49431,,exception
49432,,exception
49433,,exception
49434,,exception
49435,,exception
49436,,exception
49437,,exception
49438,,exception
49439,,exception
49440,,exception
49441,,exception
49442,,exception
49443,,exception
49444,,exception
49445,,exception
49446,,exception
49447,,exception
49448,,exception
49449,,exception
49450,,exception
49451,,exception
49452,,exception
49453,,exception
49454,,exception
49455,,exception
49456,,exception
49457,,exception
49458,,exception
49459,,exception
49460,,exception
49461,,exception
49462,,exception
49463,,exception
49464,,exception
49465,,exception
49466,,exception
49467,,exception
49468,,exception
49469,,exception
49470,,exception
49471,,exception
49472,,exception
49473,,exception
49474,,exception
49475,,exception
49476,,exception
49477,,exception
49478,,exception
49479,,exception
49480,,exception
49481,,exception
49482,,exception
49483,,exception
49484,,exception
49485,,exception
49486,,exception
49487,,exception
49488,,exception
49489,,exception
49490,,exception
49491,,exception
49492,,exception
49493,,exception
49494,,exception
49495,,exception
49496,,exception
49497,,exception
49498,,exception
49499,,exception
49500,,exception
49501,,exception
49502,,exception
49503,,exception
49504,,exception
49505,,exception
49506,,exception
49507,,exception
49508,,exception
49509,,exception
49510,,exception
49511,,exception
49512,,exception
49513,,exception
49514,,exception
49515,,exception
49516,,exception
49517,,exception
49518,,exception
49519,,exception
49520,,exception
49521,,exception
49522,,exception
49523,,exception
49524,,exception
49525,,exception
49526,,exception
49527,,exception
49528,,exception
49529,,exception
49530,,exception
49531,,exception
49532,,exception
49533,,exception
49534,,exception
49535,,exception
49536,,exception
49537,,exception
49538,,exception
49539,,exception
49540,,exception
49541,,exception
49542,,exception
49543,,exception
49544,,exception
49545,,exception
49546,,exception
49547,,exception
49548,,exception
49549,,exception
49550,,exception
49551,,exception
49552,,exception
49553,,exception
49554,,exception
49555,,exception
49556,,exception
49557,,exception
49558,,exception
49559,,exception
49560,,exception
49561,,exception
49562,,exception
49563,,exception
49564,,exception
49565,,exception
49566,,exception
49567,,exception
49568,,exception
49569,,exception
49570,,exception
49571,,exception
49572,,exception
49573,,exception
49574,,exception
49575,,exception
49576,,exception
49577,,exception
49578,,exception
49579,,exception
49580,,exception
49581,,exception
49582,,exception
49583,,exception
49584,,exception
49585,,exception
49586,,exception
49587,,exception
49588,,exception
49589,,exception
49590,,exception
49591,,exception
49592,,exception
49593,,exception
49594,,exception
49595,,exception
49596,,exception
49597,,exception
49598,,exception
49599,,exception
49600,,exception
49601,,exception
49602,,exception
49603,,exception
49604,,exception
49605,,exception
49606,,exception
49607,,exception
49608,,exception
49609,,exception
49610,,exception
49611,,exception
49612,,exception
49613,,exception
49614,,exception
49615,,exception
49616,,exception
49617,,exception
49618,,exception
49619,,exception
49620,,exception
49621,,exception
49622,,exception
49623,,exception
49624,,exception
49625,,exception
49626,,exception
49627,,exception
49628,,exception
49629,,exception
49630,,exception
49631,,exception
49632,,exception
49633,,exception
49634,,exception
49635,,exception
49636,,exception
49637,,exception
49638,,exception
49639,,exception
49640,,exception
49641,,exception
49642,,exception
49643,,exception
49644,,exception
49645,,exception
49646,,exception
49647,,exception
49648,,exception
49649,,exception
49650,,exception
49651,,exception
49652,,exception
49653,,exception
49654,,exception
49655,,exception
49656,,exception
49657,,exception
49658,,exception
49659,,exception
49660,,exception
49661,,exception
49662,,exception
49663,,exception
49664,,exception
49665,,exception
49666,,exception
49667,,exception
49668,,exception
49669,,exception
49670,,exception
49671,,exception
49672,,exception
49673,,exception
49674,,exception
49675,,exception
49676,,exception
49677,,exception
49678,,exception
49679,,exception
49680,,exception
49681,,exception
49682,,exception
49683,,exception
49684,,exception
49685,,exception
49686,,exception
49687,,exception
49688,,exception
49689,,exception
49690,,exception
49691,,exception
49692,,exception
49693,,exception
49694,,exception
49695,,exception
49696,,exception
49697,,exception
49698,,exception
49699,,exception
49700,,exception
49701,,exception
49702,,exception
49703,,exception
49704,,exception
49705,,exception
49706,,exception
49707,,exception
49708,,exception
49709,,exception
49710,,exception
49711,,exception
49712,,exception
49713,,exception
49714,,exception
49715,,exception
49716,,exception
49717,,exception
49718,,exception
49719,,exception
49720,,exception
49721,,exception
49722,,exception
49723,,exception
49724,,exception
49725,,exception
49726,,exception
49727,,exception
49728,,exception
49729,,exception
49730,,exception
49731,,exception
49732,,exception
49733,,exception
49734,,exception
49735,,exception
49736,,exception
49737,,exception
49738,,exception
49739,,exception
49740,,exception
49741,,exception
49742,,exception
49743,,exception
49744,,exception
49745,,exception
49746,,exception
49747,,exception
49748,,exception
49749,,exception
49750,,exception
49751,,exception
49752,,exception
49753,,exception
49754,,exception
49755,,exception
49756,,exception
49757,,exception
49758,,exception
49759,,exception
49760,,exception
49761,,exception
49762,,exception
49763,,exception
49764,,exception
49765,,exception
49766,,exception
49767,,exception
49768,,exception
49769,,exception
49770,,exception
49771,,exception
49772,,exception
49773,,exception
49774,,exception
49775,,exception
49776,,exception
49777,,exception
49778,,exception
49779,,exception
49780,,exception
49781,,exception
49782,,exception
49783,,exception
49784,,exception
49785,,exception
49786,,exception
49787,,exception
49788,,exception
49789,,exception
49790,,exception
49791,,exception
49792,,exception
49793,,exception
49794,,exception
49795,,exception
49796,,exception
49797,,exception
49798,,exception
49799,,exception
49800,,exception
49801,,exception
49802,,exception
49803,,exception
49804,,exception
49805,,exception
49806,,exception
49807,,exception
49808,,exception
49809,,exception
49810,,exception
49811,,exception
49812,,exception
49813,,exception
49814,,exception
49815,,exception
49816,,exception
49817,,exception
49818,,exception
49819,,exception
49820,,exception
49821,,exception
49822,,exception
49823,,exception
49824,,exception
49825,,exception
49826,,exception
49827,,exception
49828,,exception
49829,,exception
49830,,exception
49831,,exception
49832,,exception
49833,,exception
49834,,exception
49835,,exception
49836,,exception
49837,,exception
49838,,exception
49839,,exception
49840,,exception
49841,,exception
49842,,exception
49843,,exception
49844,,exception
49845,,exception
49846,,exception
49847,,exception
49848,,exception
49849,,exception
49850,,exception
49851,,exception
49852,,exception
49853,,exception
49854,,exception
49855,,exception
49856,,exception
49857,,exception
49858,,exception
49859,,exception
49860,,exception
49861,,exception
49862,,exception
49863,,exception
49864,,exception
49865,,exception
49866,,exception
49867,,exception
49868,,exception
49869,,exception
49870,,exception
49871,,exception
49872,,exception
49873,,exception
49874,,exception
49875,,exception
49876,,exception
49877,,exception
49878,,exception
49879,,exception
49880,,exception
49881,,exception
49882,,exception
49883,,exception
49884,,exception
49885,,exception
49886,,exception
49887,,exception
49888,,exception
49889,,exception
49890,,exception
49891,,exception
49892,,exception
49893,,exception
49894,,exception
49895,,exception
49896,,exception
49897,,exception
49898,,exception
49899,,exception
49900,,exception
49901,,exception
49902,,exception
49903,,exception
49904,,exception
49905,,exception
49906,,exception
49907,,exception
49908,,exception
49909,,exception
49910,,exception
49911,,exception
49912,,exception
49913,,exception
49914,,exception
49915,,exception
49916,,exception
49917,,exception
49918,,exception
49919,,exception
49920,,exception
49921,,exception
49922,,exception
49923,,exception
49924,,exception
49925,,exception
49926,,exception
49927,,exception
49928,,exception
49929,,exception
49930,,exception
49931,,exception
49932,,exception
49933,,exception
49934,,exception
49935,,exception
49936,,exception
49937,,exception
49938,,exception
49939,,exception
49940,,exception
49941,,exception
49942,,exception
49943,,exception
49944,,exception
49945,,exception
49946,,exception
49947,,exception
49948,,exception
49949,,exception
49950,,exception
49951,,exception
49952,,exception
49953,,exception
49954,,exception
49955,,exception
49956,,exception
49957,,exception
49958,,exception
49959,,exception
49960,,exception
49961,,exception
49962,,exception
49963,,exception
49964,,exception
49965,,exception
49966,,exception
49967,,exception
49968,,exception
49969,,exception
49970,,exception
49971,,exception
49972,,exception
49973,,exception
49974,,exception
49975,,exception
49976,,exception
49977,,exception
49978,,exception
49979,,exception
49980,,exception
49981,,exception
49982,,exception
49983,,exception
49984,,exception
49985,,exception
49986,,exception
49987,,exception
49988,,exception
49989,,exception
49990,,exception
49991,,exception
49992,,exception
49993,,exception
49994,,exception
49995,,exception
49996,,exception
49997,,exception
49998,,exception
49999,,exception
50000,,exception
50001,,exception
50002,,exception
50003,,exception
50004,,exception
50005,,exception
50006,,exception
50007,,exception
50008,,exception
50009,,exception
50010,,exception
50011,,exception
50012,,exception
50013,,exception
50014,,exception
50015,,exception
50016,,exception
50017,,exception
50018,,exception
50019,,exception
50020,,exception
50021,,exception
50022,,exception
50023,,exception
50024,,exception
50025,,exception
50026,,exception
50027,,exception
50028,,exception
50029,,exception
50030,,exception
50031,,exception
50032,,exception
50033,,exception
50034,,exception
50035,,exception
50036,,exception
50037,,exception
50038,,exception
50039,,exception
50040,,exception
50041,,exception
50042,,exception
50043,,exception
50044,,exception
50045,,exception
50046,,exception
50047,,exception
50048,,exception
50049,,exception
50050,,exception
50051,,exception
50052,,exception
50053,,exception
50054,,exception
50055,,exception
50056,,exception
50057,,exception
50058,,exception
50059,,exception
50060,,exception
50061,,exception
50062,,exception
50063,,exception
50064,,exception
50065,,exception
50066,,exception
50067,,exception
50068,,exception
50069,,exception
50070,,exception
50071,,exception
50072,,exception
50073,,exception
50074,,exception
50075,,exception
50076,,exception
50077,,exception
50078,,exception
50079,,exception
50080,,exception
50081,,exception
50082,,exception
50083,,exception
50084,,exception
50085,,exception
50086,,exception
50087,,exception
50088,,exception
50089,,exception
50090,,exception
50091,,exception
50092,,exception
50093,,exception
50094,,exception
50095,,exception
50096,,exception
50097,,exception
50098,,exception
50099,,exception
50100,,exception
50101,,exception
50102,,exception
50103,,exception
50104,,exception
50105,,exception
50106,,exception
50107,,exception
50108,,exception
50109,,exception
50110,,exception
50111,,exception
50112,,exception
50113,,exception
50114,,exception
50115,,exception
50116,,exception
50117,,exception
50118,,exception
50119,,exception
50120,,exception
50121,,exception
50122,,exception
50123,,exception
50124,,exception
50125,,exception
50126,,exception
50127,,exception
50128,,exception
50129,,exception
50130,,exception
50131,,exception
50132,,exception
50133,,exception
50134,,exception
50135,,exception
50136,,exception
50137,,exception
50138,,exception
50139,,exception
50140,,exception
50141,,exception
50142,,exception
50143,,exception
50144,,exception
50145,,exception
50146,,exception
50147,,exception
50148,,exception
50149,,exception
50150,,exception
50151,,exception
50152,,exception
50153,,exception
50154,,exception
50155,,exception
50156,,exception
50157,,exception
50158,,exception
50159,,exception
50160,,exception
50161,,exception
50162,,exception
50163,,exception
50164,,exception
50165,,exception
50166,,exception
50167,,exception
50168,,exception
50169,,exception
50170,,exception
50171,,exception
50172,,exception
50173,,exception
50174,,exception
50175,,exception
50176,,exception
50177,,exception
50178,,exception
50179,,exception
50180,,exception
50181,,exception
50182,,exception
50183,,exception
50184,,exception
50185,,exception
50186,,exception
50187,,exception
50188,,exception
50189,,exception
50190,,exception
50191,,exception
50192,,exception
50193,,exception
50194,,exception
50195,,exception
50196,,exception
50197,,exception
50198,,exception
50199,,exception
50200,,exception
50201,,exception
50202,,exception
50203,,exception
50204,,exception
50205,,exception
50206,,exception
50207,,exception
50208,,exception
50209,,exception
50210,,exception
50211,,exception
50212,,exception
50213,,exception
50214,,exception
50215,,exception
50216,,exception
50217,,exception
50218,,exception
50219,,exception
50220,,exception
50221,,exception
50222,,exception
50223,,exception
50224,,exception
50225,,exception
50226,,exception
50227,,exception
50228,,exception
50229,,exception
50230,,exception
50231,,exception
50232,,exception
50233,,exception
50234,,exception
50235,,exception
50236,,exception
50237,,exception
50238,,exception
50239,,exception
50240,,exception
50241,,exception
50242,,exception
50243,,exception
50244,,exception
50245,,exception
50246,,exception
50247,,exception
50248,,exception
50249,,exception
50250,,exception
50251,,exception
50252,,exception
50253,,exception
50254,,exception
50255,,exception
50256,,exception
50257,,exception
50258,,exception
50259,,exception
50260,,exception
50261,,exception
50262,,exception
50263,,exception
50264,,exception
50265,,exception
50266,,exception
50267,,exception
50268,,exception
50269,,exception
50270,,exception
50271,,exception
50272,,exception
50273,,exception
50274,,exception
50275,,exception
50276,,exception
50277,,exception
50278,,exception
50279,,exception
50280,,exception
50281,,exception
50282,,exception
50283,,exception
50284,,exception
50285,,exception
50286,,exception
50287,,exception
50288,,exception
50289,,exception
50290,,exception
50291,,exception
50292,,exception
50293,,exception
50294,,exception
50295,,exception
50296,,exception
50297,,exception
50298,,exception
50299,,exception
50300,,exception
50301,,exception
50302,,exception
50303,,exception
50304,,exception
50305,,exception
50306,,exception
50307,,exception
50308,,exception
50309,,exception
50310,,exception
50311,,exception
50312,,exception
50313,,exception
50314,,exception
50315,,exception
50316,,exception
50317,,exception
50318,,exception
50319,,exception
50320,,exception
50321,,exception
50322,,exception
50323,,exception
50324,,exception
50325,,exception
50326,,exception
50327,,exception
50328,,exception
50329,,exception
50330,,exception
50331,,exception
50332,,exception
50333,,exception
50334,,exception
50335,,exception
50336,,exception
50337,,exception
50338,,exception
50339,,exception
50340,,exception
50341,,exception
50342,,exception
50343,,exception
50344,,exception
50345,,exception
50346,,exception
50347,,exception
50348,,exception
50349,,exception
50350,,exception
50351,,exception
50352,,exception
50353,,exception
50354,,exception
50355,,exception
50356,,exception
50357,,exception
50358,,exception
50359,,exception
50360,,exception
50361,,exception
50362,,exception
50363,,exception
50364,,exception
50365,,exception
50366,,exception
50367,,exception
50368,,exception
50369,,exception
50370,,exception
50371,,exception
50372,,exception
50373,,exception
50374,,exception
50375,,exception
50376,,exception
50377,,exception
50378,,exception
50379,,exception
50380,,exception
50381,,exception
50382,,exception
50383,,exception
50384,,exception
50385,,exception
50386,,exception
50387,,exception
50388,,exception
50389,,exception
50390,,exception
50391,,exception
50392,,exception
50393,,exception
50394,,exception
50395,,exception
50396,,exception
50397,,exception
50398,,exception
50399,,exception
50400,,exception
50401,,exception
50402,,exception
50403,,exception
50404,,exception
50405,,exception
50406,,exception
50407,,exception
50408,,exception
50409,,exception
50410,,exception
50411,,exception
50412,,exception
50413,,exception
50414,,exception
50415,,exception
50416,,exception
50417,,exception
50418,,exception
50419,,exception
50420,,exception
50421,,exception
50422,,exception
50423,,exception
50424,,exception
50425,,exception
50426,,exception
50427,,exception
50428,,exception
50429,,exception
50430,,exception
50431,,exception
50432,,exception
50433,,exception
50434,,exception
50435,,exception
50436,,exception
50437,,exception
50438,,exception
50439,,exception
50440,,exception
50441,,exception
50442,,exception
50443,,exception
50444,,exception
50445,,exception
50446,,exception
50447,,exception
50448,,exception
50449,,exception
50450,,exception
50451,,exception
50452,,exception
50453,,exception
50454,,exception
50455,,exception
50456,,exception
50457,,exception
50458,,exception
50459,,exception
50460,,exception
50461,,exception
50462,,exception
50463,,exception
50464,,exception
50465,,exception
50466,,exception
50467,,exception
50468,,exception
50469,,exception
50470,,exception
50471,,exception
50472,,exception
50473,,exception
50474,,exception
50475,,exception
50476,,exception
50477,,exception
50478,,exception
50479,,exception
50480,,exception
50481,,exception
50482,,exception
50483,,exception
50484,,exception
50485,,exception
50486,,exception
50487,,exception
50488,,exception
50489,,exception
50490,,exception
50491,,exception
50492,,exception
50493,,exception
50494,,exception
50495,,exception
50496,,exception
50497,,exception
50498,,exception
50499,,exception
50500,,exception
50501,,exception
50502,,exception
50503,,exception
50504,,exception
50505,,exception
50506,,exception
50507,,exception
50508,,exception
50509,,exception
50510,,exception
50511,,exception
50512,,exception
50513,,exception
50514,,exception
50515,,exception
50516,,exception
50517,,exception
50518,,exception
50519,,exception
50520,,exception
50521,,exception
50522,,exception
50523,,exception
50524,,exception
50525,,exception
50526,,exception
50527,,exception
50528,,exception
50529,,exception
50530,,exception
50531,,exception
50532,,exception
50533,,exception
50534,,exception
50535,,exception
50536,,exception
50537,,exception
50538,,exception
50539,,exception
50540,,exception
50541,,exception
50542,,exception
50543,,exception
50544,,exception
50545,,exception
50546,,exception
50547,,exception
50548,,exception
50549,,exception
50550,,exception
50551,,exception
50552,,exception
50553,,exception
50554,,exception
50555,,exception
50556,,exception
50557,,exception
50558,,exception
50559,,exception
50560,,exception
50561,,exception
50562,,exception
50563,,exception
50564,,exception
50565,,exception
50566,,exception
50567,,exception
50568,,exception
50569,,exception
50570,,exception
50571,,exception
50572,,exception
50573,,exception
50574,,exception
50575,,exception
50576,,exception
50577,,exception
50578,,exception
50579,,exception
50580,,exception
50581,,exception
50582,,exception
50583,,exception
50584,,exception
50585,,exception
50586,,exception
50587,,exception
50588,,exception
50589,,exception
50590,,exception
50591,,exception
50592,,exception
50593,,exception
50594,,exception
50595,,exception
50596,,exception
50597,,exception
50598,,exception
50599,,exception
50600,,exception
50601,,exception
50602,,exception
50603,,exception
50604,,exception
50605,,exception
50606,,exception
50607,,exception
50608,,exception
50609,,exception
50610,,exception
50611,,exception
50612,,exception
50613,,exception
50614,,exception
50615,,exception
50616,,exception
50617,,exception
50618,,exception
50619,,exception
50620,,exception
50621,,exception
50622,,exception
50623,,exception
50624,,exception
50625,,exception
50626,,exception
50627,,exception
50628,,exception
50629,,exception
50630,,exception
50631,,exception
50632,,exception
50633,,exception
50634,,exception
50635,,exception
50636,,exception
50637,,exception
50638,,exception
50639,,exception
50640,,exception
50641,,exception
50642,,exception
50643,,exception
50644,,exception
50645,,exception
50646,,exception
50647,,exception
50648,,exception
50649,,exception
50650,,exception
50651,,exception
50652,,exception
50653,,exception
50654,,exception
50655,,exception
50656,,exception
50657,,exception
50658,,exception
50659,,exception
50660,,exception
50661,,exception
50662,,exception
50663,,exception
50664,,exception
50665,,exception
50666,,exception
50667,,exception
50668,,exception
50669,,exception
50670,,exception
50671,,exception
50672,,exception
50673,,exception
50674,,exception
50675,,exception
50676,,exception
50677,,exception
50678,,exception
50679,,exception
50680,,exception
50681,,exception
50682,,exception
50683,,exception
50684,,exception
50685,,exception
50686,,exception
50687,,exception
50688,,exception
50689,,exception
50690,,exception
50691,,exception
50692,,exception
50693,,exception
50694,,exception
50695,,exception
50696,,exception
50697,,exception
50698,,exception
50699,,exception
50700,,exception
50701,,exception
50702,,exception
50703,,exception
50704,,exception
50705,,exception
50706,,exception
50707,,exception
50708,,exception
50709,,exception
50710,,exception
50711,,exception
50712,,exception
50713,,exception
50714,,exception
50715,,exception
50716,,exception
50717,,exception
50718,,exception
50719,,exception
50720,,exception
50721,,exception
50722,,exception
50723,,exception
50724,,exception
50725,,exception
50726,,exception
50727,,exception
50728,,exception
50729,,exception
50730,,exception
50731,,exception
50732,,exception
50733,,exception
50734,,exception
50735,,exception
50736,,exception
50737,,exception
50738,,exception
50739,,exception
50740,,exception
50741,,exception
50742,,exception
50743,,exception
50744,,exception
50745,,exception
50746,,exception
50747,,exception
50748,,exception
50749,,exception
50750,,exception
50751,,exception
50752,,exception
50753,,exception
50754,,exception
50755,,exception
50756,,exception
50757,,exception
50758,,exception
50759,,exception
50760,,exception
50761,,exception
50762,,exception
50763,,exception
50764,,exception
50765,,exception
50766,,exception
50767,,exception
50768,,exception
50769,,exception
50770,,exception
50771,,exception
50772,,exception
50773,,exception
50774,,exception
50775,,exception
50776,,exception
50777,,exception
50778,,exception
50779,,exception
50780,,exception
50781,,exception
50782,,exception
50783,,exception
50784,,exception
50785,,exception
50786,,exception
50787,,exception
50788,,exception
50789,,exception
50790,,exception
50791,,exception
50792,,exception
50793,,exception
50794,,exception
50795,,exception
50796,,exception
50797,,exception
50798,,exception
50799,,exception
50800,,exception
50801,,exception
50802,,exception
50803,,exception
50804,,exception
50805,,exception
50806,,exception
50807,,exception
50808,,exception
50809,,exception
50810,,exception
50811,,exception
50812,,exception
50813,,exception
50814,,exception
50815,,exception
50816,,exception
50817,,exception
50818,,exception
50819,,exception
50820,,exception
50821,,exception
50822,,exception
50823,,exception
50824,,exception
50825,,exception
50826,,exception
50827,,exception
50828,,exception
50829,,exception
50830,,exception
50831,,exception
50832,,exception
50833,,exception
50834,,exception
50835,,exception
50836,,exception
50837,,exception
50838,,exception
50839,,exception
50840,,exception
50841,,exception
50842,,exception
50843,,exception
50844,,exception
50845,,exception
50846,,exception
50847,,exception
50848,,exception
50849,,exception
50850,,exception
50851,,exception
50852,,exception
50853,,exception
50854,,exception
50855,,exception
50856,,exception
50857,,exception
50858,,exception
50859,,exception
50860,,exception
50861,,exception
50862,,exception
50863,,exception
50864,,exception
50865,,exception
50866,,exception
50867,,exception
50868,,exception
50869,,exception
50870,,exception
50871,,exception
50872,,exception
50873,,exception
50874,,exception
50875,,exception
50876,,exception
50877,,exception
50878,,exception
50879,,exception
50880,,exception
50881,,exception
50882,,exception
50883,,exception
50884,,exception
50885,,exception
50886,,exception
50887,,exception
50888,,exception
50889,,exception
50890,,exception
50891,,exception
50892,,exception
50893,,exception
50894,,exception
50895,,exception
50896,,exception
50897,,exception
50898,,exception
50899,,exception
50900,,exception
50901,,exception
50902,,exception
50903,,exception
50904,,exception
50905,,exception
50906,,exception
50907,,exception
50908,,exception
50909,,exception
50910,,exception
50911,,exception
50912,,exception
50913,,exception
50914,,exception
50915,,exception
50916,,exception
50917,,exception
50918,,exception
50919,,exception
50920,,exception
50921,,exception
50922,,exception
50923,,exception
50924,,exception
50925,,exception
50926,,exception
50927,,exception
50928,,exception
50929,,exception
50930,,exception
50931,,exception
50932,,exception
50933,,exception
50934,,exception
50935,,exception
50936,,exception
50937,,exception
50938,,exception
50939,,exception
50940,,exception
50941,,exception
50942,,exception
50943,,exception
50944,,exception
50945,,exception
50946,,exception
50947,,exception
50948,,exception
50949,,exception
50950,,exception
50951,,exception
50952,,exception
50953,,exception
50954,,exception
50955,,exception
50956,,exception
50957,,exception
50958,,exception
50959,,exception
50960,,exception
50961,,exception
50962,,exception
50963,,exception
50964,,exception
50965,,exception
50966,,exception
50967,,exception
50968,,exception
50969,,exception
50970,,exception
50971,,exception
50972,,exception
50973,,exception
50974,,exception
50975,,exception
50976,,exception
50977,,exception
50978,,exception
50979,,exception
50980,,exception
50981,,exception
50982,,exception
50983,,exception
50984,,exception
50985,,exception
50986,,exception
50987,,exception
50988,,exception
50989,,exception
50990,,exception
50991,,exception
50992,,exception
50993,,exception
50994,,exception
50995,,exception
50996,,exception
50997,,exception
50998,,exception
50999,,exception
51000,,exception
51001,,exception
51002,,exception
51003,,exception
51004,,exception
51005,,exception
51006,,exception
51007,,exception
51008,,exception
51009,,exception
51010,,exception
51011,,exception
51012,,exception
51013,,exception
51014,,exception
51015,,exception
51016,,exception
51017,,exception
51018,,exception
51019,,exception
51020,,exception
51021,,exception
51022,,exception
51023,,exception
51024,,exception
51025,,exception
51026,,exception
51027,,exception
51028,,exception
51029,,exception
51030,,exception
51031,,exception
51032,,exception
51033,,exception
51034,,exception
51035,,exception
51036,,exception
51037,,exception
51038,,exception
51039,,exception
51040,,exception
51041,,exception
51042,,exception
51043,,exception
51044,,exception
51045,,exception
51046,,exception
51047,,exception
51048,,exception
51049,,exception
51050,,exception
51051,,exception
51052,,exception
51053,,exception
51054,,exception
51055,,exception
51056,,exception
51057,,exception
51058,,exception
51059,,exception
51060,,exception
51061,,exception
51062,,exception
51063,,exception
51064,,exception
51065,,exception
51066,,exception
51067,,exception
51068,,exception
51069,,exception
51070,,exception
51071,,exception
51072,,exception
51073,,exception
51074,,exception
51075,,exception
51076,,exception
51077,,exception
51078,,exception
51079,,exception
51080,,exception
51081,,exception
51082,,exception
51083,,exception
51084,,exception
51085,,exception
51086,,exception
51087,,exception
51088,,exception
51089,,exception
51090,,exception
51091,,exception
51092,,exception
51093,,exception
51094,,exception
51095,,exception
51096,,exception
51097,,exception
51098,,exception
51099,,exception
51100,,exception
51101,,exception
51102,,exception
51103,,exception
51104,,exception
51105,,exception
51106,,exception
51107,,exception
51108,,exception
51109,,exception
51110,,exception
51111,,exception
51112,,exception
51113,,exception
51114,,exception
51115,,exception
51116,,exception
51117,,exception
51118,,exception
51119,,exception
51120,,exception
51121,,exception
51122,,exception
51123,,exception
51124,,exception
51125,,exception
51126,,exception
51127,,exception
51128,,exception
51129,,exception
51130,,exception
51131,,exception
51132,,exception
51133,,exception
51134,,exception
51135,,exception
51136,,exception
51137,,exception
51138,,exception
51139,,exception
51140,,exception
51141,,exception
51142,,exception
51143,,exception
51144,,exception
51145,,exception
51146,,exception
51147,,exception
51148,,exception
51149,,exception
51150,,exception
51151,,exception
51152,,exception
51153,,exception
51154,,exception
51155,,exception
51156,,exception
51157,,exception
51158,,exception
51159,,exception
51160,,exception
51161,,exception
51162,,exception
51163,,exception
51164,,exception
51165,,exception
51166,,exception
51167,,exception
51168,,exception
51169,,exception
51170,,exception
51171,,exception
51172,,exception
51173,,exception
51174,,exception
51175,,exception
51176,,exception
51177,,exception
51178,,exception
51179,,exception
51180,,exception
51181,,exception
51182,,exception
51183,,exception
51184,,exception
51185,,exception
51186,,exception
51187,,exception
51188,,exception
51189,,exception
51190,,exception
51191,,exception
51192,,exception
51193,,exception
51194,,exception
51195,,exception
51196,,exception
51197,,exception
51198,,exception
51199,,exception
51200,,exception
51201,,exception
51202,,exception
51203,,exception
51204,,exception
51205,,exception
51206,,exception
51207,,exception
51208,,exception
51209,,exception
51210,,exception
51211,,exception
51212,,exception
51213,,exception
51214,,exception
51215,,exception
51216,,exception
51217,,exception
51218,,exception
51219,,exception
51220,,exception
51221,,exception
51222,,exception
51223,,exception
51224,,exception
51225,,exception
51226,,exception
51227,,exception
51228,,exception
51229,,exception
51230,,exception
51231,,exception
51232,,exception
51233,,exception
51234,,exception
51235,,exception
51236,,exception
51237,,exception
51238,,exception
51239,,exception
51240,,exception
51241,,exception
51242,,exception
51243,,exception
51244,,exception
51245,,exception
51246,,exception
51247,,exception
51248,,exception
51249,,exception
51250,,exception
51251,,exception
51252,,exception
51253,,exception
51254,,exception
51255,,exception
51256,,exception
51257,,exception
51258,,exception
51259,,exception
51260,,exception
51261,,exception
51262,,exception
51263,,exception
51264,,exception
51265,,exception
51266,,exception
51267,,exception
51268,,exception
51269,,exception
51270,,exception
51271,,exception
51272,,exception
51273,,exception
51274,,exception
51275,,exception
51276,,exception
51277,,exception
51278,,exception
51279,,exception
51280,,exception
51281,,exception
51282,,exception
51283,,exception
51284,,exception
51285,,exception
51286,,exception
51287,,exception
51288,,exception
51289,,exception
51290,,exception
51291,,exception
51292,,exception
51293,,exception
51294,,exception
51295,,exception
51296,,exception
51297,,exception
51298,,exception
51299,,exception
51300,,exception
51301,,exception
51302,,exception
51303,,exception
51304,,exception
51305,,exception
51306,,exception
51307,,exception
51308,,exception
51309,,exception
51310,,exception
51311,,exception
51312,,exception
51313,,exception
51314,,exception
51315,,exception
51316,,exception
51317,,exception
51318,,exception
51319,,exception
51320,,exception
51321,,exception
51322,,exception
51323,,exception
51324,,exception
51325,,exception
51326,,exception
51327,,exception
51328,,exception
51329,,exception
51330,,exception
51331,,exception
51332,,exception
51333,,exception
51334,,exception
51335,,exception
51336,,exception
51337,,exception
51338,,exception
51339,,exception
51340,,exception
51341,,exception
51342,,exception
51343,,exception
51344,,exception
51345,,exception
51346,,exception
51347,,exception
51348,,exception
51349,,exception
51350,,exception
51351,,exception
51352,,exception
51353,,exception
51354,,exception
51355,,exception
51356,,exception
51357,,exception
51358,,exception
51359,,exception
51360,,exception
51361,,exception
51362,,exception
51363,,exception
51364,,exception
51365,,exception
51366,,exception
51367,,exception
51368,,exception
51369,,exception
51370,,exception
51371,,exception
51372,,exception
51373,,exception
51374,,exception
51375,,exception
51376,,exception
51377,,exception
51378,,exception
51379,,exception
51380,,exception
51381,,exception
51382,,exception
51383,,exception
51384,,exception
51385,,exception
51386,,exception
51387,,exception
51388,,exception
51389,,exception
51390,,exception
51391,,exception
51392,,exception
51393,,exception
51394,,exception
51395,,exception
51396,,exception
51397,,exception
51398,,exception
51399,,exception
51400,,exception
51401,,exception
51402,,exception
51403,,exception
51404,,exception
51405,,exception
51406,,exception
51407,,exception
51408,,exception
51409,,exception
51410,,exception
51411,,exception
51412,,exception
51413,,exception
51414,,exception
51415,,exception
51416,,exception
51417,,exception
51418,,exception
51419,,exception
51420,,exception
51421,,exception
51422,,exception
51423,,exception
51424,,exception
51425,,exception
51426,,exception
51427,,exception
51428,,exception
51429,,exception
51430,,exception
51431,,exception
51432,,exception
51433,,exception
51434,,exception
51435,,exception
51436,,exception
51437,,exception
51438,,exception
51439,,exception
51440,,exception
51441,,exception
51442,,exception
51443,,exception
51444,,exception
51445,,exception
51446,,exception
51447,,exception
51448,,exception
51449,,exception
51450,,exception
51451,,exception
51452,,exception
51453,,exception
51454,,exception
51455,,exception
51456,,exception
51457,,exception
51458,,exception
51459,,exception
51460,,exception
51461,,exception
51462,,exception
51463,,exception
51464,,exception
51465,,exception
51466,,exception
51467,,exception
51468,,exception
51469,,exception
51470,,exception
51471,,exception
51472,,exception
51473,,exception
51474,,exception
51475,,exception
51476,,exception
51477,,exception
51478,,exception
51479,,exception
51480,,exception
51481,,exception
51482,,exception
51483,,exception
51484,,exception
51485,,exception
51486,,exception
51487,,exception
51488,,exception
51489,,exception
51490,,exception
51491,,exception
51492,,exception
51493,,exception
51494,,exception
51495,,exception
51496,,exception
51497,,exception
51498,,exception
51499,,exception
51500,,exception
51501,,exception
51502,,exception
51503,,exception
51504,,exception
51505,,exception
51506,,exception
51507,,exception
51508,,exception
51509,,exception
51510,,exception
51511,,exception
51512,,exception
51513,,exception
51514,,exception
51515,,exception
51516,,exception
51517,,exception
51518,,exception
51519,,exception
51520,,exception
51521,,exception
51522,,exception
51523,,exception
51524,,exception
51525,,exception
51526,,exception
51527,,exception
51528,,exception
51529,,exception
51530,,exception
51531,,exception
51532,,exception
51533,,exception
51534,,exception
51535,,exception
51536,,exception
51537,,exception
51538,,exception
51539,,exception
51540,,exception
51541,,exception
51542,,exception
51543,,exception
51544,,exception
51545,,exception
51546,,exception
51547,,exception
51548,,exception
51549,,exception
51550,,exception
51551,,exception
51552,,exception
51553,,exception
51554,,exception
51555,,exception
51556,,exception
51557,,exception
51558,,exception
51559,,exception
51560,,exception
51561,,exception
51562,,exception
51563,,exception
51564,,exception
51565,,exception
51566,,exception
51567,,exception
51568,,exception
51569,,exception
51570,,exception
51571,,exception
51572,,exception
51573,,exception
51574,,exception
51575,,exception
51576,,exception
51577,,exception
51578,,exception
51579,,exception
51580,,exception
51581,,exception
51582,,exception
51583,,exception
51584,,exception
51585,,exception
51586,,exception
51587,,exception
51588,,exception
51589,,exception
51590,,exception
51591,,exception
51592,,exception
51593,,exception
51594,,exception
51595,,exception
51596,,exception
51597,,exception
51598,,exception
51599,,exception
51600,,exception
51601,,exception
51602,,exception
51603,,exception
51604,,exception
51605,,exception
51606,,exception
51607,,exception
51608,,exception
51609,,exception
51610,,exception
51611,,exception
51612,,exception
51613,,exception
51614,,exception
51615,,exception
51616,,exception
51617,,exception
51618,,exception
51619,,exception
51620,,exception
51621,,exception
51622,,exception
51623,,exception
51624,,exception
51625,,exception
51626,,exception
51627,,exception
51628,,exception
51629,,exception
51630,,exception
51631,,exception
51632,,exception
51633,,exception
51634,,exception
51635,,exception
51636,,exception
51637,,exception
51638,,exception
51639,,exception
51640,,exception
51641,,exception
51642,,exception
51643,,exception
51644,,exception
51645,,exception
51646,,exception
51647,,exception
51648,,exception
51649,,exception
51650,,exception
51651,,exception
51652,,exception
51653,,exception
51654,,exception
51655,,exception
51656,,exception
51657,,exception
51658,,exception
51659,,exception
51660,,exception
51661,,exception
51662,,exception
51663,,exception
51664,,exception
51665,,exception
51666,,exception
51667,,exception
51668,,exception
51669,,exception
51670,,exception
51671,,exception
51672,,exception
51673,,exception
51674,,exception
51675,,exception
51676,,exception
51677,,exception
51678,,exception
51679,,exception
51680,,exception
51681,,exception
51682,,exception
51683,,exception
51684,,exception
51685,,exception
51686,,exception
51687,,exception
51688,,exception
51689,,exception
51690,,exception
51691,,exception
51692,,exception
51693,,exception
51694,,exception
51695,,exception
51696,,exception
51697,,exception
51698,,exception
51699,,exception
51700,,exception
51701,,exception
51702,,exception
51703,,exception
51704,,exception
51705,,exception
51706,,exception
51707,,exception
51708,,exception
51709,,exception
51710,,exception
51711,,exception
51712,,exception
51713,,exception
51714,,exception
51715,,exception
51716,,exception
51717,,exception
51718,,exception
51719,,exception
51720,,exception
51721,,exception
51722,,exception
51723,,exception
51724,,exception
51725,,exception
51726,,exception
51727,,exception
51728,,exception
51729,,exception
51730,,exception
51731,,exception
51732,,exception
51733,,exception
51734,,exception
51735,,exception
51736,,exception
51737,,exception
51738,,exception
51739,,exception
51740,,exception
51741,,exception
51742,,exception
51743,,exception
51744,,exception
51745,,exception
51746,,exception
51747,,exception
51748,,exception
51749,,exception
51750,,exception
51751,,exception
51752,,exception
51753,,exception
51754,,exception
51755,,exception
51756,,exception
51757,,exception
51758,,exception
51759,,exception
51760,,exception
51761,,exception
51762,,exception
51763,,exception
51764,,exception
51765,,exception
51766,,exception
51767,,exception
51768,,exception
51769,,exception
51770,,exception
51771,,exception
51772,,exception
51773,,exception
51774,,exception
51775,,exception
51776,,exception
51777,,exception
51778,,exception
51779,,exception
51780,,exception
51781,,exception
51782,,exception
51783,,exception
51784,,exception
51785,,exception
51786,,exception
51787,,exception
51788,,exception
51789,,exception
51790,,exception
51791,,exception
51792,,exception
51793,,exception
51794,,exception
51795,,exception
51796,,exception
51797,,exception
51798,,exception
51799,,exception
51800,,exception
51801,,exception
51802,,exception
51803,,exception
51804,,exception
51805,,exception
51806,,exception
51807,,exception
51808,,exception
51809,,exception
51810,,exception
51811,,exception
51812,,exception
51813,,exception
51814,,exception
51815,,exception
51816,,exception
51817,,exception
51818,,exception
51819,,exception
51820,,exception
51821,,exception
51822,,exception
51823,,exception
51824,,exception
51825,,exception
51826,,exception
51827,,exception
51828,,exception
51829,,exception
51830,,exception
51831,,exception
51832,,exception
51833,,exception
51834,,exception
51835,,exception
51836,,exception
51837,,exception
51838,,exception
51839,,exception
51840,,exception
51841,,exception
51842,,exception
51843,,exception
51844,,exception
51845,,exception
51846,,exception
51847,,exception
51848,,exception
51849,,exception
51850,,exception
51851,,exception
51852,,exception
51853,,exception
51854,,exception
51855,,exception
51856,,exception
51857,,exception
51858,,exception
51859,,exception
51860,,exception
51861,,exception
51862,,exception
51863,,exception
51864,,exception
51865,,exception
51866,,exception
51867,,exception
51868,,exception
51869,,exception
51870,,exception
51871,,exception
51872,,exception
51873,,exception
51874,,exception
51875,,exception
51876,,exception
51877,,exception
51878,,exception
51879,,exception
51880,,exception
51881,,exception
51882,,exception
51883,,exception
51884,,exception
51885,,exception
51886,,exception
51887,,exception
51888,,exception
51889,,exception
51890,,exception
51891,,exception
51892,,exception
51893,,exception
51894,,exception
51895,,exception
51896,,exception
51897,,exception
51898,,exception
51899,,exception
51900,,exception
51901,,exception
51902,,exception
51903,,exception
51904,,exception
51905,,exception
51906,,exception
51907,,exception
51908,,exception
51909,,exception
51910,,exception
51911,,exception
51912,,exception
51913,,exception
51914,,exception
51915,,exception
51916,,exception
51917,,exception
51918,,exception
51919,,exception
51920,,exception
51921,,exception
51922,,exception
51923,,exception
51924,,exception
51925,,exception
51926,,exception
51927,,exception
51928,,exception
51929,,exception
51930,,exception
51931,,exception
51932,,exception
51933,,exception
51934,,exception
51935,,exception
51936,,exception
51937,,exception
51938,,exception
51939,,exception
51940,,exception
51941,,exception
51942,,exception
51943,,exception
51944,,exception
51945,,exception
51946,,exception
51947,,exception
51948,,exception
51949,,exception
51950,,exception
51951,,exception
51952,,exception
51953,,exception
51954,,exception
51955,,exception
51956,,exception
51957,,exception
51958,,exception
51959,,exception
51960,,exception
51961,,exception
51962,,exception
51963,,exception
51964,,exception
51965,,exception
51966,,exception
51967,,exception
51968,,exception
51969,,exception
51970,,exception
51971,,exception
51972,,exception
51973,,exception
51974,,exception
51975,,exception
51976,,exception
51977,,exception
51978,,exception
51979,,exception
51980,,exception
51981,,exception
51982,,exception
51983,,exception
51984,,exception
51985,,exception
51986,,exception
51987,,exception
51988,,exception
51989,,exception
51990,,exception
51991,,exception
51992,,exception
51993,,exception
51994,,exception
51995,,exception
51996,,exception
51997,,exception
51998,,exception
51999,,exception
52000,,exception
52001,,exception
52002,,exception
52003,,exception
52004,,exception
52005,,exception
52006,,exception
52007,,exception
52008,,exception
52009,,exception
52010,,exception
52011,,exception
52012,,exception
52013,,exception
52014,,exception
52015,,exception
52016,,exception
52017,,exception
52018,,exception
52019,,exception
52020,,exception
52021,,exception
52022,,exception
52023,,exception
52024,,exception
52025,,exception
52026,,exception
52027,,exception
52028,,exception
52029,,exception
52030,,exception
52031,,exception
52032,,exception
52033,,exception
52034,,exception
52035,,exception
52036,,exception
52037,,exception
52038,,exception
52039,,exception
52040,,exception
52041,,exception
52042,,exception
52043,,exception
52044,,exception
52045,,exception
52046,,exception
52047,,exception
52048,,exception
52049,,exception
52050,,exception
52051,,exception
52052,,exception
52053,,exception
52054,,exception
52055,,exception
52056,,exception
52057,,exception
52058,,exception
52059,,exception
52060,,exception
52061,,exception
52062,,exception
52063,,exception
52064,,exception
52065,,exception
52066,,exception
52067,,exception
52068,,exception
52069,,exception
52070,,exception
52071,,exception
52072,,exception
52073,,exception
52074,,exception
52075,,exception
52076,,exception
52077,,exception
52078,,exception
52079,,exception
52080,,exception
52081,,exception
52082,,exception
52083,,exception
52084,,exception
52085,,exception
52086,,exception
52087,,exception
52088,,exception
52089,,exception
52090,,exception
52091,,exception
52092,,exception
52093,,exception
52094,,exception
52095,,exception
52096,,exception
52097,,exception
52098,,exception
52099,,exception
52100,,exception
52101,,exception
52102,,exception
52103,,exception
52104,,exception
52105,,exception
52106,,exception
52107,,exception
52108,,exception
52109,,exception
52110,,exception
52111,,exception
52112,,exception
52113,,exception
52114,,exception
52115,,exception
52116,,exception
52117,,exception
52118,,exception
52119,,exception
52120,,exception
52121,,exception
52122,,exception
52123,,exception
52124,,exception
52125,,exception
52126,,exception
52127,,exception
52128,,exception
52129,,exception
52130,,exception
52131,,exception
52132,,exception
52133,,exception
52134,,exception
52135,,exception
52136,,exception
52137,,exception
52138,,exception
52139,,exception
52140,,exception
52141,,exception
52142,,exception
52143,,exception
52144,,exception
52145,,exception
52146,,exception
52147,,exception
52148,,exception
52149,,exception
52150,,exception
52151,,exception
52152,,exception
52153,,exception
52154,,exception
52155,,exception
52156,,exception
52157,,exception
52158,,exception
52159,,exception
52160,,exception
52161,,exception
52162,,exception
52163,,exception
52164,,exception
52165,,exception
52166,,exception
52167,,exception
52168,,exception
52169,,exception
52170,,exception
52171,,exception
52172,,exception
52173,,exception
52174,,exception
52175,,exception
52176,,exception
52177,,exception
52178,,exception
52179,,exception
52180,,exception
52181,,exception
52182,,exception
52183,,exception
52184,,exception
52185,,exception
52186,,exception
52187,,exception
52188,,exception
52189,,exception
52190,,exception
52191,,exception
52192,,exception
52193,,exception
52194,,exception
52195,,exception
52196,,exception
52197,,exception
52198,,exception
52199,,exception
52200,,exception
52201,,exception
52202,,exception
52203,,exception
52204,,exception
52205,,exception
52206,,exception
52207,,exception
52208,,exception
52209,,exception
52210,,exception
52211,,exception
52212,,exception
52213,,exception
52214,,exception
52215,,exception
52216,,exception
52217,,exception
52218,,exception
52219,,exception
52220,,exception
52221,,exception
52222,,exception
52223,,exception
52224,,exception
52225,,exception
52226,,exception
52227,,exception
52228,,exception
52229,,exception
52230,,exception
52231,,exception
52232,,exception
52233,,exception
52234,,exception
52235,,exception
52236,,exception
52237,,exception
52238,,exception
52239,,exception
52240,,exception
52241,,exception
52242,,exception
52243,,exception
52244,,exception
52245,,exception
52246,,exception
52247,,exception
52248,,exception
52249,,exception
52250,,exception
52251,,exception
52252,,exception
52253,,exception
52254,,exception
52255,,exception
52256,,exception
52257,,exception
52258,,exception
52259,,exception
52260,,exception
52261,,exception
52262,,exception
52263,,exception
52264,,exception
52265,,exception
52266,,exception
52267,,exception
52268,,exception
52269,,exception
52270,,exception
52271,,exception
52272,,exception
52273,,exception
52274,,exception
52275,,exception
52276,,exception
52277,,exception
52278,,exception
52279,,exception
52280,,exception
52281,,exception
52282,,exception
52283,,exception
52284,,exception
52285,,exception
52286,,exception
52287,,exception
52288,,exception
52289,,exception
52290,,exception
52291,,exception
52292,,exception
52293,,exception
52294,,exception
52295,,exception
52296,,exception
52297,,exception
52298,,exception
52299,,exception
52300,,exception
52301,,exception
52302,,exception
52303,,exception
52304,,exception
52305,,exception
52306,,exception
52307,,exception
52308,,exception
52309,,exception
52310,,exception
52311,,exception
52312,,exception
52313,,exception
52314,,exception
52315,,exception
52316,,exception
52317,,exception
52318,,exception
52319,,exception
52320,,exception
52321,,exception
52322,,exception
52323,,exception
52324,,exception
52325,,exception
52326,,exception
52327,,exception
52328,,exception
52329,,exception
52330,,exception
52331,,exception
52332,,exception
52333,,exception
52334,,exception
52335,,exception
52336,,exception
52337,,exception
52338,,exception
52339,,exception
52340,,exception
52341,,exception
52342,,exception
52343,,exception
52344,,exception
52345,,exception
52346,,exception
52347,,exception
52348,,exception
52349,,exception
52350,,exception
52351,,exception
52352,,exception
52353,,exception
52354,,exception
52355,,exception
52356,,exception
52357,,exception
52358,,exception
52359,,exception
52360,,exception
52361,,exception
52362,,exception
52363,,exception
52364,,exception
52365,,exception
52366,,exception
52367,,exception
52368,,exception
52369,,exception
52370,,exception
52371,,exception
52372,,exception
52373,,exception
52374,,exception
52375,,exception
52376,,exception
52377,,exception
52378,,exception
52379,,exception
52380,,exception
52381,,exception
52382,,exception
52383,,exception
52384,,exception
52385,,exception
52386,,exception
52387,,exception
52388,,exception
52389,,exception
52390,,exception
52391,,exception
52392,,exception
52393,,exception
52394,,exception
52395,,exception
52396,,exception
52397,,exception
52398,,exception
52399,,exception
52400,,exception
52401,,exception
52402,,exception
52403,,exception
52404,,exception
52405,,exception
52406,,exception
52407,,exception
52408,,exception
52409,,exception
52410,,exception
52411,,exception
52412,,exception
52413,,exception
52414,,exception
52415,,exception
52416,,exception
52417,,exception
52418,,exception
52419,,exception
52420,,exception
52421,,exception
52422,,exception
52423,,exception
52424,,exception
52425,,exception
52426,,exception
52427,,exception
52428,,exception
52429,,exception
52430,,exception
52431,,exception
52432,,exception
52433,,exception
52434,,exception
52435,,exception
52436,,exception
52437,,exception
52438,,exception
52439,,exception
52440,,exception
52441,,exception
52442,,exception
52443,,exception
52444,,exception
52445,,exception
52446,,exception
52447,,exception
52448,,exception
52449,,exception
52450,,exception
52451,,exception
52452,,exception
52453,,exception
52454,,exception
52455,,exception
52456,,exception
52457,,exception
52458,,exception
52459,,exception
52460,,exception
52461,,exception
52462,,exception
52463,,exception
52464,,exception
52465,,exception
52466,,exception
52467,,exception
52468,,exception
52469,,exception
52470,,exception
52471,,exception
52472,,exception
52473,,exception
52474,,exception
52475,,exception
52476,,exception
52477,,exception
52478,,exception
52479,,exception
52480,,exception
52481,,exception
52482,,exception
52483,,exception
52484,,exception
52485,,exception
52486,,exception
52487,,exception
52488,,exception
52489,,exception
52490,,exception
52491,,exception
52492,,exception
52493,,exception
52494,,exception
52495,,exception
52496,,exception
52497,,exception
52498,,exception
52499,,exception
52500,,exception
52501,,exception
52502,,exception
52503,,exception
52504,,exception
52505,,exception
52506,,exception
52507,,exception
52508,,exception
52509,,exception
52510,,exception
52511,,exception
52512,,exception
52513,,exception
52514,,exception
52515,,exception
52516,,exception
52517,,exception
52518,,exception
52519,,exception
52520,,exception
52521,,exception
52522,,exception
52523,,exception
52524,,exception
52525,,exception
52526,,exception
52527,,exception
52528,,exception
52529,,exception
52530,,exception
52531,,exception
52532,,exception
52533,,exception
52534,,exception
52535,,exception
52536,,exception
52537,,exception
52538,,exception
52539,,exception
52540,,exception
52541,,exception
52542,,exception
52543,,exception
52544,,exception
52545,,exception
52546,,exception
52547,,exception
52548,,exception
52549,,exception
52550,,exception
52551,,exception
52552,,exception
52553,,exception
52554,,exception
52555,,exception
52556,,exception
52557,,exception
52558,,exception
52559,,exception
52560,,exception
52561,,exception
52562,,exception
52563,,exception
52564,,exception
52565,,exception
52566,,exception
52567,,exception
52568,,exception
52569,,exception
52570,,exception
52571,,exception
52572,,exception
52573,,exception
52574,,exception
52575,,exception
52576,,exception
52577,,exception
52578,,exception
52579,,exception
52580,,exception
52581,,exception
52582,,exception
52583,,exception
52584,,exception
52585,,exception
52586,,exception
52587,,exception
52588,,exception
52589,,exception
52590,,exception
52591,,exception
52592,,exception
52593,,exception
52594,,exception
52595,,exception
52596,,exception
52597,,exception
52598,,exception
52599,,exception
52600,,exception
52601,,exception
52602,,exception
52603,,exception
52604,,exception
52605,,exception
52606,,exception
52607,,exception
52608,,exception
52609,,exception
52610,,exception
52611,,exception
52612,,exception
52613,,exception
52614,,exception
52615,,exception
52616,,exception
52617,,exception
52618,,exception
52619,,exception
52620,,exception
52621,,exception
52622,,exception
52623,,exception
52624,,exception
52625,,exception
52626,,exception
52627,,exception
52628,,exception
52629,,exception
52630,,exception
52631,,exception
52632,,exception
52633,,exception
52634,,exception
52635,,exception
52636,,exception
52637,,exception
52638,,exception
52639,,exception
52640,,exception
52641,,exception
52642,,exception
52643,,exception
52644,,exception
52645,,exception
52646,,exception
52647,,exception
52648,,exception
52649,,exception
52650,,exception
52651,,exception
52652,,exception
52653,,exception
52654,,exception
52655,,exception
52656,,exception
52657,,exception
52658,,exception
52659,,exception
52660,,exception
52661,,exception
52662,,exception
52663,,exception
52664,,exception
52665,,exception
52666,,exception
52667,,exception
52668,,exception
52669,,exception
52670,,exception
52671,,exception
52672,,exception
52673,,exception
52674,,exception
52675,,exception
52676,,exception
52677,,exception
52678,,exception
52679,,exception
52680,,exception
52681,,exception
52682,,exception
52683,,exception
52684,,exception
52685,,exception
52686,,exception
52687,,exception
52688,,exception
52689,,exception
52690,,exception
52691,,exception
52692,,exception
52693,,exception
52694,,exception
52695,,exception
52696,,exception
52697,,exception
52698,,exception
52699,,exception
52700,,exception
52701,,exception
52702,,exception
52703,,exception
52704,,exception
52705,,exception
52706,,exception
52707,,exception
52708,,exception
52709,,exception
52710,,exception
52711,,exception
52712,,exception
52713,,exception
52714,,exception
52715,,exception
52716,,exception
52717,,exception
52718,,exception
52719,,exception
52720,,exception
52721,,exception
52722,,exception
52723,,exception
52724,,exception
52725,,exception
52726,,exception
52727,,exception
52728,,exception
52729,,exception
52730,,exception
52731,,exception
52732,,exception
52733,,exception
52734,,exception
52735,,exception
52736,,exception
52737,,exception
52738,,exception
52739,,exception
52740,,exception
52741,,exception
52742,,exception
52743,,exception
52744,,exception
52745,,exception
52746,,exception
52747,,exception
52748,,exception
52749,,exception
52750,,exception
52751,,exception
52752,,exception
52753,,exception
52754,,exception
52755,,exception
52756,,exception
52757,,exception
52758,,exception
52759,,exception
52760,,exception
52761,,exception
52762,,exception
52763,,exception
52764,,exception
52765,,exception
52766,,exception
52767,,exception
52768,,exception
52769,,exception
52770,,exception
52771,,exception
52772,,exception
52773,,exception
52774,,exception
52775,,exception
52776,,exception
52777,,exception
52778,,exception
52779,,exception
52780,,exception
52781,,exception
52782,,exception
52783,,exception
52784,,exception
52785,,exception
52786,,exception
52787,,exception
52788,,exception
52789,,exception
52790,,exception
52791,,exception
52792,,exception
52793,,exception
52794,,exception
52795,,exception
52796,,exception
52797,,exception
52798,,exception
52799,,exception
52800,,exception
52801,,exception
52802,,exception
52803,,exception
52804,,exception
52805,,exception
52806,,exception
52807,,exception
52808,,exception
52809,,exception
52810,,exception
52811,,exception
52812,,exception
52813,,exception
52814,,exception
52815,,exception
52816,,exception
52817,,exception
52818,,exception
52819,,exception
52820,,exception
52821,,exception
52822,,exception
52823,,exception
52824,,exception
52825,,exception
52826,,exception
52827,,exception
52828,,exception
52829,,exception
52830,,exception
52831,,exception
52832,,exception
52833,,exception
52834,,exception
52835,,exception
52836,,exception
52837,,exception
52838,,exception
52839,,exception
52840,,exception
52841,,exception
52842,,exception
52843,,exception
52844,,exception
52845,,exception
52846,,exception
52847,,exception
52848,,exception
52849,,exception
52850,,exception
52851,,exception
52852,,exception
52853,,exception
52854,,exception
52855,,exception
52856,,exception
52857,,exception
52858,,exception
52859,,exception
52860,,exception
52861,,exception
52862,,exception
52863,,exception
52864,,exception
52865,,exception
52866,,exception
52867,,exception
52868,,exception
52869,,exception
52870,,exception
52871,,exception
52872,,exception
52873,,exception
52874,,exception
52875,,exception
52876,,exception
52877,,exception
52878,,exception
52879,,exception
52880,,exception
52881,,exception
52882,,exception
52883,,exception
52884,,exception
52885,,exception
52886,,exception
52887,,exception
52888,,exception
52889,,exception
52890,,exception
52891,,exception
52892,,exception
52893,,exception
52894,,exception
52895,,exception
52896,,exception
52897,,exception
52898,,exception
52899,,exception
52900,,exception
52901,,exception
52902,,exception
52903,,exception
52904,,exception
52905,,exception
52906,,exception
52907,,exception
52908,,exception
52909,,exception
52910,,exception
52911,,exception
52912,,exception
52913,,exception
52914,,exception
52915,,exception
52916,,exception
52917,,exception
52918,,exception
52919,,exception
52920,,exception
52921,,exception
52922,,exception
52923,,exception
52924,,exception
52925,,exception
52926,,exception
52927,,exception
52928,,exception
52929,,exception
52930,,exception
52931,,exception
52932,,exception
52933,,exception
52934,,exception
52935,,exception
52936,,exception
52937,,exception
52938,,exception
52939,,exception
52940,,exception
52941,,exception
52942,,exception
52943,,exception
52944,,exception
52945,,exception
52946,,exception
52947,,exception
52948,,exception
52949,,exception
52950,,exception
52951,,exception
52952,,exception
52953,,exception
52954,,exception
52955,,exception
52956,,exception
52957,,exception
52958,,exception
52959,,exception
52960,,exception
52961,,exception
52962,,exception
52963,,exception
52964,,exception
52965,,exception
52966,,exception
52967,,exception
52968,,exception
52969,,exception
52970,,exception
52971,,exception
52972,,exception
52973,,exception
52974,,exception
52975,,exception
52976,,exception
52977,,exception
52978,,exception
52979,,exception
52980,,exception
52981,,exception
52982,,exception
52983,,exception
52984,,exception
52985,,exception
52986,,exception
52987,,exception
52988,,exception
52989,,exception
52990,,exception
52991,,exception
52992,,exception
52993,,exception
52994,,exception
52995,,exception
52996,,exception
52997,,exception
52998,,exception
52999,,exception
53000,,exception
53001,,exception
53002,,exception
53003,,exception
53004,,exception
53005,,exception
53006,,exception
53007,,exception
53008,,exception
53009,,exception
53010,,exception
53011,,exception
53012,,exception
53013,,exception
53014,,exception
53015,,exception
53016,,exception
53017,,exception
53018,,exception
53019,,exception
53020,,exception
53021,,exception
53022,,exception
53023,,exception
53024,,exception
53025,,exception
53026,,exception
53027,,exception
53028,,exception
53029,,exception
53030,,exception
53031,,exception
53032,,exception
53033,,exception
53034,,exception
53035,,exception
53036,,exception
53037,,exception
53038,,exception
53039,,exception
53040,,exception
53041,,exception
53042,,exception
53043,,exception
53044,,exception
53045,,exception
53046,,exception
53047,,exception
53048,,exception
53049,,exception
53050,,exception
53051,,exception
53052,,exception
53053,,exception
53054,,exception
53055,,exception
53056,,exception
53057,,exception
53058,,exception
53059,,exception
53060,,exception
53061,,exception
53062,,exception
53063,,exception
53064,,exception
53065,,exception
53066,,exception
53067,,exception
53068,,exception
53069,,exception
53070,,exception
53071,,exception
53072,,exception
53073,,exception
53074,,exception
53075,,exception
53076,,exception
53077,,exception
53078,,exception
53079,,exception
53080,,exception
53081,,exception
53082,,exception
53083,,exception
53084,,exception
53085,,exception
53086,,exception
53087,,exception
53088,,exception
53089,,exception
53090,,exception
53091,,exception
53092,,exception
53093,,exception
53094,,exception
53095,,exception
53096,,exception
53097,,exception
53098,,exception
53099,,exception
53100,,exception
53101,,exception
53102,,exception
53103,,exception
53104,,exception
53105,,exception
53106,,exception
53107,,exception
53108,,exception
53109,,exception
53110,,exception
53111,,exception
53112,,exception
53113,,exception
53114,,exception
53115,,exception
53116,,exception
53117,,exception
53118,,exception
53119,,exception
53120,,exception
53121,,exception
53122,,exception
53123,,exception
53124,,exception
53125,,exception
53126,,exception
53127,,exception
53128,,exception
53129,,exception
53130,,exception
53131,,exception
53132,,exception
53133,,exception
53134,,exception
53135,,exception
53136,,exception
53137,,exception
53138,,exception
53139,,exception
53140,,exception
53141,,exception
53142,,exception
53143,,exception
53144,,exception
53145,,exception
53146,,exception
53147,,exception
53148,,exception
53149,,exception
53150,,exception
53151,,exception
53152,,exception
53153,,exception
53154,,exception
53155,,exception
53156,,exception
53157,,exception
53158,,exception
53159,,exception
53160,,exception
53161,,exception
53162,,exception
53163,,exception
53164,,exception
53165,,exception
53166,,exception
53167,,exception
53168,,exception
53169,,exception
53170,,exception
53171,,exception
53172,,exception
53173,,exception
53174,,exception
53175,,exception
53176,,exception
53177,,exception
53178,,exception
53179,,exception
53180,,exception
53181,,exception
53182,,exception
53183,,exception
53184,,exception
53185,,exception
53186,,exception
53187,,exception
53188,,exception
53189,,exception
53190,,exception
53191,,exception
53192,,exception
53193,,exception
53194,,exception
53195,,exception
53196,,exception
53197,,exception
53198,,exception
53199,,exception
53200,,exception
53201,,exception
53202,,exception
53203,,exception
53204,,exception
53205,,exception
53206,,exception
53207,,exception
53208,,exception
53209,,exception
53210,,exception
53211,,exception
53212,,exception
53213,,exception
53214,,exception
53215,,exception
53216,,exception
53217,,exception
53218,,exception
53219,,exception
53220,,exception
53221,,exception
53222,,exception
53223,,exception
53224,,exception
53225,,exception
53226,,exception
53227,,exception
53228,,exception
53229,,exception
53230,,exception
53231,,exception
53232,,exception
53233,,exception
53234,,exception
53235,,exception
53236,,exception
53237,,exception
53238,,exception
53239,,exception
53240,,exception
53241,,exception
53242,,exception
53243,,exception
53244,,exception
53245,,exception
53246,,exception
53247,,exception
53248,,exception
53249,,exception
53250,,exception
53251,,exception
53252,,exception
53253,,exception
53254,,exception
53255,,exception
53256,,exception
53257,,exception
53258,,exception
53259,,exception
53260,,exception
53261,,exception
53262,,exception
53263,,exception
53264,,exception
53265,,exception
53266,,exception
53267,,exception
53268,,exception
53269,,exception
53270,,exception
53271,,exception
53272,,exception
53273,,exception
53274,,exception
53275,,exception
53276,,exception
53277,,exception
53278,,exception
53279,,exception
53280,,exception
53281,,exception
53282,,exception
53283,,exception
53284,,exception
53285,,exception
53286,,exception
53287,,exception
53288,,exception
53289,,exception
53290,,exception
53291,,exception
53292,,exception
53293,,exception
53294,,exception
53295,,exception
53296,,exception
53297,,exception
53298,,exception
53299,,exception
53300,,exception
53301,,exception
53302,,exception
53303,,exception
53304,,exception
53305,,exception
53306,,exception
53307,,exception
53308,,exception
53309,,exception
53310,,exception
53311,,exception
53312,,exception
53313,,exception
53314,,exception
53315,,exception
53316,,exception
53317,,exception
53318,,exception
53319,,exception
53320,,exception
53321,,exception
53322,,exception
53323,,exception
53324,,exception
53325,,exception
53326,,exception
53327,,exception
53328,,exception
53329,,exception
53330,,exception
53331,,exception
53332,,exception
53333,,exception
53334,,exception
53335,,exception
53336,,exception
53337,,exception
53338,,exception
53339,,exception
53340,,exception
53341,,exception
53342,,exception
53343,,exception
53344,,exception
53345,,exception
53346,,exception
53347,,exception
53348,,exception
53349,,exception
53350,,exception
53351,,exception
53352,,exception
53353,,exception
53354,,exception
53355,,exception
53356,,exception
53357,,exception
53358,,exception
53359,,exception
53360,,exception
53361,,exception
53362,,exception
53363,,exception
53364,,exception
53365,,exception
53366,,exception
53367,,exception
53368,,exception
53369,,exception
53370,,exception
53371,,exception
53372,,exception
53373,,exception
53374,,exception
53375,,exception
53376,,exception
53377,,exception
53378,,exception
53379,,exception
53380,,exception
53381,,exception
53382,,exception
53383,,exception
53384,,exception
53385,,exception
53386,,exception
53387,,exception
53388,,exception
53389,,exception
53390,,exception
53391,,exception
53392,,exception
53393,,exception
53394,,exception
53395,,exception
53396,,exception
53397,,exception
53398,,exception
53399,,exception
53400,,exception
53401,,exception
53402,,exception
53403,,exception
53404,,exception
53405,,exception
53406,,exception
53407,,exception
53408,,exception
53409,,exception
53410,,exception
53411,,exception
53412,,exception
53413,,exception
53414,,exception
53415,,exception
53416,,exception
53417,,exception
53418,,exception
53419,,exception
53420,,exception
53421,,exception
53422,,exception
53423,,exception
53424,,exception
53425,,exception
53426,,exception
53427,,exception
53428,,exception
53429,,exception
53430,,exception
53431,,exception
53432,,exception
53433,,exception
53434,,exception
53435,,exception
53436,,exception
53437,,exception
53438,,exception
53439,,exception
53440,,exception
53441,,exception
53442,,exception
53443,,exception
53444,,exception
53445,,exception
53446,,exception
53447,,exception
53448,,exception
53449,,exception
53450,,exception
53451,,exception
53452,,exception
53453,,exception
53454,,exception
53455,,exception
53456,,exception
53457,,exception
53458,,exception
53459,,exception
53460,,exception
53461,,exception
53462,,exception
53463,,exception
53464,,exception
53465,,exception
53466,,exception
53467,,exception
53468,,exception
53469,,exception
53470,,exception
53471,,exception
53472,,exception
53473,,exception
53474,,exception
53475,,exception
53476,,exception
53477,,exception
53478,,exception
53479,,exception
53480,,exception
53481,,exception
53482,,exception
53483,,exception
53484,,exception
53485,,exception
53486,,exception
53487,,exception
53488,,exception
53489,,exception
53490,,exception
53491,,exception
53492,,exception
53493,,exception
53494,,exception
53495,,exception
53496,,exception
53497,,exception
53498,,exception
53499,,exception
53500,,exception
53501,,exception
53502,,exception
53503,,exception
53504,,exception
53505,,exception
53506,,exception
53507,,exception
53508,,exception
53509,,exception
53510,,exception
53511,,exception
53512,,exception
53513,,exception
53514,,exception
53515,,exception
53516,,exception
53517,,exception
53518,,exception
53519,,exception
53520,,exception
53521,,exception
53522,,exception
53523,,exception
53524,,exception
53525,,exception
53526,,exception
53527,,exception
53528,,exception
53529,,exception
53530,,exception
53531,,exception
53532,,exception
53533,,exception
53534,,exception
53535,,exception
53536,,exception
53537,,exception
53538,,exception
53539,,exception
53540,,exception
53541,,exception
53542,,exception
53543,,exception
53544,,exception
53545,,exception
53546,,exception
53547,,exception
53548,,exception
53549,,exception
53550,,exception
53551,,exception
53552,,exception
53553,,exception
53554,,exception
53555,,exception
53556,,exception
53557,,exception
53558,,exception
53559,,exception
53560,,exception
53561,,exception
53562,,exception
53563,,exception
53564,,exception
53565,,exception
53566,,exception
53567,,exception
53568,,exception
53569,,exception
53570,,exception
53571,,exception
53572,,exception
53573,,exception
53574,,exception
53575,,exception
53576,,exception
53577,,exception
53578,,exception
53579,,exception
53580,,exception
53581,,exception
53582,,exception
53583,,exception
53584,,exception
53585,,exception
53586,,exception
53587,,exception
53588,,exception
53589,,exception
53590,,exception
53591,,exception
53592,,exception
53593,,exception
53594,,exception
53595,,exception
53596,,exception
53597,,exception
53598,,exception
53599,,exception
53600,,exception
53601,,exception
53602,,exception
53603,,exception
53604,,exception
53605,,exception
53606,,exception
53607,,exception
53608,,exception
53609,,exception
53610,,exception
53611,,exception
53612,,exception
53613,,exception
53614,,exception
53615,,exception
53616,,exception
53617,,exception
53618,,exception
53619,,exception
53620,,exception
53621,,exception
53622,,exception
53623,,exception
53624,,exception
53625,,exception
53626,,exception
53627,,exception
53628,,exception
53629,,exception
53630,,exception
53631,,exception
53632,,exception
53633,,exception
53634,,exception
53635,,exception
53636,,exception
53637,,exception
53638,,exception
53639,,exception
53640,,exception
53641,,exception
53642,,exception
53643,,exception
53644,,exception
53645,,exception
53646,,exception
53647,,exception
53648,,exception
53649,,exception
53650,,exception
53651,,exception
53652,,exception
53653,,exception
53654,,exception
53655,,exception
53656,,exception
53657,,exception
53658,,exception
53659,,exception
53660,,exception
53661,,exception
53662,,exception
53663,,exception
53664,,exception
53665,,exception
53666,,exception
53667,,exception
53668,,exception
53669,,exception
53670,,exception
53671,,exception
53672,,exception
53673,,exception
53674,,exception
53675,,exception
53676,,exception
53677,,exception
53678,,exception
53679,,exception
53680,,exception
53681,,exception
53682,,exception
53683,,exception
53684,,exception
53685,,exception
53686,,exception
53687,,exception
53688,,exception
53689,,exception
53690,,exception
53691,,exception
53692,,exception
53693,,exception
53694,,exception
53695,,exception
53696,,exception
53697,,exception
53698,,exception
53699,,exception
53700,,exception
53701,,exception
53702,,exception
53703,,exception
53704,,exception
53705,,exception
53706,,exception
53707,,exception
53708,,exception
53709,,exception
53710,,exception
53711,,exception
53712,,exception
53713,,exception
53714,,exception
53715,,exception
53716,,exception
53717,,exception
53718,,exception
53719,,exception
53720,,exception
53721,,exception
53722,,exception
53723,,exception
53724,,exception
53725,,exception
53726,,exception
53727,,exception
53728,,exception
53729,,exception
53730,,exception
53731,,exception
53732,,exception
53733,,exception
53734,,exception
53735,,exception
53736,,exception
53737,,exception
53738,,exception
53739,,exception
53740,,exception
53741,,exception
53742,,exception
53743,,exception
53744,,exception
53745,,exception
53746,,exception
53747,,exception
53748,,exception
53749,,exception
53750,,exception
53751,,exception
53752,,exception
53753,,exception
53754,,exception
53755,,exception
53756,,exception
53757,,exception
53758,,exception
53759,,exception
53760,,exception
53761,,exception
53762,,exception
53763,,exception
53764,,exception
53765,,exception
53766,,exception
53767,,exception
53768,,exception
53769,,exception
53770,,exception
53771,,exception
53772,,exception
53773,,exception
53774,,exception
53775,,exception
53776,,exception
53777,,exception
53778,,exception
53779,,exception
53780,,exception
53781,,exception
53782,,exception
53783,,exception
53784,,exception
53785,,exception
53786,,exception
53787,,exception
53788,,exception
53789,,exception
53790,,exception
53791,,exception
53792,,exception
53793,,exception
53794,,exception
53795,,exception
53796,,exception
53797,,exception
53798,,exception
53799,,exception
53800,,exception
53801,,exception
53802,,exception
53803,,exception
53804,,exception
53805,,exception
53806,,exception
53807,,exception
53808,,exception
53809,,exception
53810,,exception
53811,,exception
53812,,exception
53813,,exception
53814,,exception
53815,,exception
53816,,exception
53817,,exception
53818,,exception
53819,,exception
53820,,exception
53821,,exception
53822,,exception
53823,,exception
53824,,exception
53825,,exception
53826,,exception
53827,,exception
53828,,exception
53829,,exception
53830,,exception
53831,,exception
53832,,exception
53833,,exception
53834,,exception
53835,,exception
53836,,exception
53837,,exception
53838,,exception
53839,,exception
53840,,exception
53841,,exception
53842,,exception
53843,,exception
53844,,exception
53845,,exception
53846,,exception
53847,,exception
53848,,exception
53849,,exception
53850,,exception
53851,,exception
53852,,exception
53853,,exception
53854,,exception
53855,,exception
53856,,exception
53857,,exception
53858,,exception
53859,,exception
53860,,exception
53861,,exception
53862,,exception
53863,,exception
53864,,exception
53865,,exception
53866,,exception
53867,,exception
53868,,exception
53869,,exception
53870,,exception
53871,,exception
53872,,exception
53873,,exception
53874,,exception
53875,,exception
53876,,exception
53877,,exception
53878,,exception
53879,,exception
53880,,exception
53881,,exception
53882,,exception
53883,,exception
53884,,exception
53885,,exception
53886,,exception
53887,,exception
53888,,exception
53889,,exception
53890,,exception
53891,,exception
53892,,exception
53893,,exception
53894,,exception
53895,,exception
53896,,exception
53897,,exception
53898,,exception
53899,,exception
53900,,exception
53901,,exception
53902,,exception
53903,,exception
53904,,exception
53905,,exception
53906,,exception
53907,,exception
53908,,exception
53909,,exception
53910,,exception
53911,,exception
53912,,exception
53913,,exception
53914,,exception
53915,,exception
53916,,exception
53917,,exception
53918,,exception
53919,,exception
53920,,exception
53921,,exception
53922,,exception
53923,,exception
53924,,exception
53925,,exception
53926,,exception
53927,,exception
53928,,exception
53929,,exception
53930,,exception
53931,,exception
53932,,exception
53933,,exception
53934,,exception
53935,,exception
53936,,exception
53937,,exception
53938,,exception
53939,,exception
53940,,exception
53941,,exception
53942,,exception
53943,,exception
53944,,exception
53945,,exception
53946,,exception
53947,,exception
53948,,exception
53949,,exception
53950,,exception
53951,,exception
53952,,exception
53953,,exception
53954,,exception
53955,,exception
53956,,exception
53957,,exception
53958,,exception
53959,,exception
53960,,exception
53961,,exception
53962,,exception
53963,,exception
53964,,exception
53965,,exception
53966,,exception
53967,,exception
53968,,exception
53969,,exception
53970,,exception
53971,,exception
53972,,exception
53973,,exception
53974,,exception
53975,,exception
53976,,exception
53977,,exception
53978,,exception
53979,,exception
53980,,exception
53981,,exception
53982,,exception
53983,,exception
53984,,exception
53985,,exception
53986,,exception
53987,,exception
53988,,exception
53989,,exception
53990,,exception
53991,,exception
53992,,exception
53993,,exception
53994,,exception
53995,,exception
53996,,exception
53997,,exception
53998,,exception
53999,,exception
54000,,exception
54001,,exception
54002,,exception
54003,,exception
54004,,exception
54005,,exception
54006,,exception
54007,,exception
54008,,exception
54009,,exception
54010,,exception
54011,,exception
54012,,exception
54013,,exception
54014,,exception
54015,,exception
54016,,exception
54017,,exception
54018,,exception
54019,,exception
54020,,exception
54021,,exception
54022,,exception
54023,,exception
54024,,exception
54025,,exception
54026,,exception
54027,,exception
54028,,exception
54029,,exception
54030,,exception
54031,,exception
54032,,exception
54033,,exception
54034,,exception
54035,,exception
54036,,exception
54037,,exception
54038,,exception
54039,,exception
54040,,exception
54041,,exception
54042,,exception
54043,,exception
54044,,exception
54045,,exception
54046,,exception
54047,,exception
54048,,exception
54049,,exception
54050,,exception
54051,,exception
54052,,exception
54053,,exception
54054,,exception
54055,,exception
54056,,exception
54057,,exception
54058,,exception
54059,,exception
54060,,exception
54061,,exception
54062,,exception
54063,,exception
54064,,exception
54065,,exception
54066,,exception
54067,,exception
54068,,exception
54069,,exception
54070,,exception
54071,,exception
54072,,exception
54073,,exception
54074,,exception
54075,,exception
54076,,exception
54077,,exception
54078,,exception
54079,,exception
54080,,exception
54081,,exception
54082,,exception
54083,,exception
54084,,exception
54085,,exception
54086,,exception
54087,,exception
54088,,exception
54089,,exception
54090,,exception
54091,,exception
54092,,exception
54093,,exception
54094,,exception
54095,,exception
54096,,exception
54097,,exception
54098,,exception
54099,,exception
54100,,exception
54101,,exception
54102,,exception
54103,,exception
54104,,exception
54105,,exception
54106,,exception
54107,,exception
54108,,exception
54109,,exception
54110,,exception
54111,,exception
54112,,exception
54113,,exception
54114,,exception
54115,,exception
54116,,exception
54117,,exception
54118,,exception
54119,,exception
54120,,exception
54121,,exception
54122,,exception
54123,,exception
54124,,exception
54125,,exception
54126,,exception
54127,,exception
54128,,exception
54129,,exception
54130,,exception
54131,,exception
54132,,exception
54133,,exception
54134,,exception
54135,,exception
54136,,exception
54137,,exception
54138,,exception
54139,,exception
54140,,exception
54141,,exception
54142,,exception
54143,,exception
54144,,exception
54145,,exception
54146,,exception
54147,,exception
54148,,exception
54149,,exception
54150,,exception
54151,,exception
54152,,exception
54153,,exception
54154,,exception
54155,,exception
54156,,exception
54157,,exception
54158,,exception
54159,,exception
54160,,exception
54161,,exception
54162,,exception
54163,,exception
54164,,exception
54165,,exception
54166,,exception
54167,,exception
54168,,exception
54169,,exception
54170,,exception
54171,,exception
54172,,exception
54173,,exception
54174,,exception
54175,,exception
54176,,exception
54177,,exception
54178,,exception
54179,,exception
54180,,exception
54181,,exception
54182,,exception
54183,,exception
54184,,exception
54185,,exception
54186,,exception
54187,,exception
54188,,exception
54189,,exception
54190,,exception
54191,,exception
54192,,exception
54193,,exception
54194,,exception
54195,,exception
54196,,exception
54197,,exception
54198,,exception
54199,,exception
54200,,exception
54201,,exception
54202,,exception
54203,,exception
54204,,exception
54205,,exception
54206,,exception
54207,,exception
54208,,exception
54209,,exception
54210,,exception
54211,,exception
54212,,exception
54213,,exception
54214,,exception
54215,,exception
54216,,exception
54217,,exception
54218,,exception
54219,,exception
54220,,exception
54221,,exception
54222,,exception
54223,,exception
54224,,exception
54225,,exception
54226,,exception
54227,,exception
54228,,exception
54229,,exception
54230,,exception
54231,,exception
54232,,exception
54233,,exception
54234,,exception
54235,,exception
54236,,exception
54237,,exception
54238,,exception
54239,,exception
54240,,exception
54241,,exception
54242,,exception
54243,,exception
54244,,exception
54245,,exception
54246,,exception
54247,,exception
54248,,exception
54249,,exception
54250,,exception
54251,,exception
54252,,exception
54253,,exception
54254,,exception
54255,,exception
54256,,exception
54257,,exception
54258,,exception
54259,,exception
54260,,exception
54261,,exception
54262,,exception
54263,,exception
54264,,exception
54265,,exception
54266,,exception
54267,,exception
54268,,exception
54269,,exception
54270,,exception
54271,,exception
54272,,exception
54273,,exception
54274,,exception
54275,,exception
54276,,exception
54277,,exception
54278,,exception
54279,,exception
54280,,exception
54281,,exception
54282,,exception
54283,,exception
54284,,exception
54285,,exception
54286,,exception
54287,,exception
54288,,exception
54289,,exception
54290,,exception
54291,,exception
54292,,exception
54293,,exception
54294,,exception
54295,,exception
54296,,exception
54297,,exception
54298,,exception
54299,,exception
54300,,exception
54301,,exception
54302,,exception
54303,,exception
54304,,exception
54305,,exception
54306,,exception
54307,,exception
54308,,exception
54309,,exception
54310,,exception
54311,,exception
54312,,exception
54313,,exception
54314,,exception
54315,,exception
54316,,exception
54317,,exception
54318,,exception
54319,,exception
54320,,exception
54321,,exception
54322,,exception
54323,,exception
54324,,exception
54325,,exception
54326,,exception
54327,,exception
54328,,exception
54329,,exception
54330,,exception
54331,,exception
54332,,exception
54333,,exception
54334,,exception
54335,,exception
54336,,exception
54337,,exception
54338,,exception
54339,,exception
54340,,exception
54341,,exception
54342,,exception
54343,,exception
54344,,exception
54345,,exception
54346,,exception
54347,,exception
54348,,exception
54349,,exception
54350,,exception
54351,,exception
54352,,exception
54353,,exception
54354,,exception
54355,,exception
54356,,exception
54357,,exception
54358,,exception
54359,,exception
54360,,exception
54361,,exception
54362,,exception
54363,,exception
54364,,exception
54365,,exception
54366,,exception
54367,,exception
54368,,exception
54369,,exception
54370,,exception
54371,,exception
54372,,exception
54373,,exception
54374,,exception
54375,,exception
54376,,exception
54377,,exception
54378,,exception
54379,,exception
54380,,exception
54381,,exception
54382,,exception
54383,,exception
54384,,exception
54385,,exception
54386,,exception
54387,,exception
54388,,exception
54389,,exception
54390,,exception
54391,,exception
54392,,exception
54393,,exception
54394,,exception
54395,,exception
54396,,exception
54397,,exception
54398,,exception
54399,,exception
54400,,exception
54401,,exception
54402,,exception
54403,,exception
54404,,exception
54405,,exception
54406,,exception
54407,,exception
54408,,exception
54409,,exception
54410,,exception
54411,,exception
54412,,exception
54413,,exception
54414,,exception
54415,,exception
54416,,exception
54417,,exception
54418,,exception
54419,,exception
54420,,exception
54421,,exception
54422,,exception
54423,,exception
54424,,exception
54425,,exception
54426,,exception
54427,,exception
54428,,exception
54429,,exception
54430,,exception
54431,,exception
54432,,exception
54433,,exception
54434,,exception
54435,,exception
54436,,exception
54437,,exception
54438,,exception
54439,,exception
54440,,exception
54441,,exception
54442,,exception
54443,,exception
54444,,exception
54445,,exception
54446,,exception
54447,,exception
54448,,exception
54449,,exception
54450,,exception
54451,,exception
54452,,exception
54453,,exception
54454,,exception
54455,,exception
54456,,exception
54457,,exception
54458,,exception
54459,,exception
54460,,exception
54461,,exception
54462,,exception
54463,,exception
54464,,exception
54465,,exception
54466,,exception
54467,,exception
54468,,exception
54469,,exception
54470,,exception
54471,,exception
54472,,exception
54473,,exception
54474,,exception
54475,,exception
54476,,exception
54477,,exception
54478,,exception
54479,,exception
54480,,exception
54481,,exception
54482,,exception
54483,,exception
54484,,exception
54485,,exception
54486,,exception
54487,,exception
54488,,exception
54489,,exception
54490,,exception
54491,,exception
54492,,exception
54493,,exception
54494,,exception
54495,,exception
54496,,exception
54497,,exception
54498,,exception
54499,,exception
54500,,exception
54501,,exception
54502,,exception
54503,,exception
54504,,exception
54505,,exception
54506,,exception
54507,,exception
54508,,exception
54509,,exception
54510,,exception
54511,,exception
54512,,exception
54513,,exception
54514,,exception
54515,,exception
54516,,exception
54517,,exception
54518,,exception
54519,,exception
54520,,exception
54521,,exception
54522,,exception
54523,,exception
54524,,exception
54525,,exception
54526,,exception
54527,,exception
54528,,exception
54529,,exception
54530,,exception
54531,,exception
54532,,exception
54533,,exception
54534,,exception
54535,,exception
54536,,exception
54537,,exception
54538,,exception
54539,,exception
54540,,exception
54541,,exception
54542,,exception
54543,,exception
54544,,exception
54545,,exception
54546,,exception
54547,,exception
54548,,exception
54549,,exception
54550,,exception
54551,,exception
54552,,exception
54553,,exception
54554,,exception
54555,,exception
54556,,exception
54557,,exception
54558,,exception
54559,,exception
54560,,exception
54561,,exception
54562,,exception
54563,,exception
54564,,exception
54565,,exception
54566,,exception
54567,,exception
54568,,exception
54569,,exception
54570,,exception
54571,,exception
54572,,exception
54573,,exception
54574,,exception
54575,,exception
54576,,exception
54577,,exception
54578,,exception
54579,,exception
54580,,exception
54581,,exception
54582,,exception
54583,,exception
54584,,exception
54585,,exception
54586,,exception
54587,,exception
54588,,exception
54589,,exception
54590,,exception
54591,,exception
54592,,exception
54593,,exception
54594,,exception
54595,,exception
54596,,exception
54597,,exception
54598,,exception
54599,,exception
54600,,exception
54601,,exception
54602,,exception
54603,,exception
54604,,exception
54605,,exception
54606,,exception
54607,,exception
54608,,exception
54609,,exception
54610,,exception
54611,,exception
54612,,exception
54613,,exception
54614,,exception
54615,,exception
54616,,exception
54617,,exception
54618,,exception
54619,,exception
54620,,exception
54621,,exception
54622,,exception
54623,,exception
54624,,exception
54625,,exception
54626,,exception
54627,,exception
54628,,exception
54629,,exception
54630,,exception
54631,,exception
54632,,exception
54633,,exception
54634,,exception
54635,,exception
54636,,exception
54637,,exception
54638,,exception
54639,,exception
54640,,exception
54641,,exception
54642,,exception
54643,,exception
54644,,exception
54645,,exception
54646,,exception
54647,,exception
54648,,exception
54649,,exception
54650,,exception
54651,,exception
54652,,exception
54653,,exception
54654,,exception
54655,,exception
54656,,exception
54657,,exception
54658,,exception
54659,,exception
54660,,exception
54661,,exception
54662,,exception
54663,,exception
54664,,exception
54665,,exception
54666,,exception
54667,,exception
54668,,exception
54669,,exception
54670,,exception
54671,,exception
54672,,exception
54673,,exception
54674,,exception
54675,,exception
54676,,exception
54677,,exception
54678,,exception
54679,,exception
54680,,exception
54681,,exception
54682,,exception
54683,,exception
54684,,exception
54685,,exception
54686,,exception
54687,,exception
54688,,exception
54689,,exception
54690,,exception
54691,,exception
54692,,exception
54693,,exception
54694,,exception
54695,,exception
54696,,exception
54697,,exception
54698,,exception
54699,,exception
54700,,exception
54701,,exception
54702,,exception
54703,,exception
54704,,exception
54705,,exception
54706,,exception
54707,,exception
54708,,exception
54709,,exception
54710,,exception
54711,,exception
54712,,exception
54713,,exception
54714,,exception
54715,,exception
54716,,exception
54717,,exception
54718,,exception
54719,,exception
54720,,exception
54721,,exception
54722,,exception
54723,,exception
54724,,exception
54725,,exception
54726,,exception
54727,,exception
54728,,exception
54729,,exception
54730,,exception
54731,,exception
54732,,exception
54733,,exception
54734,,exception
54735,,exception
54736,,exception
54737,,exception
54738,,exception
54739,,exception
54740,,exception
54741,,exception
54742,,exception
54743,,exception
54744,,exception
54745,,exception
54746,,exception
54747,,exception
54748,,exception
54749,,exception
54750,,exception
54751,,exception
54752,,exception
54753,,exception
54754,,exception
54755,,exception
54756,,exception
54757,,exception
54758,,exception
54759,,exception
54760,,exception
54761,,exception
54762,,exception
54763,,exception
54764,,exception
54765,,exception
54766,,exception
54767,,exception
54768,,exception
54769,,exception
54770,,exception
54771,,exception
54772,,exception
54773,,exception
54774,,exception
54775,,exception
54776,,exception
54777,,exception
54778,,exception
54779,,exception
54780,,exception
54781,,exception
54782,,exception
54783,,exception
54784,,exception
54785,,exception
54786,,exception
54787,,exception
54788,,exception
54789,,exception
54790,,exception
54791,,exception
54792,,exception
54793,,exception
54794,,exception
54795,,exception
54796,,exception
54797,,exception
54798,,exception
54799,,exception
54800,,exception
54801,,exception
54802,,exception
54803,,exception
54804,,exception
54805,,exception
54806,,exception
54807,,exception
54808,,exception
54809,,exception
54810,,exception
54811,,exception
54812,,exception
54813,,exception
54814,,exception
54815,,exception
54816,,exception
54817,,exception
54818,,exception
54819,,exception
54820,,exception
54821,,exception
54822,,exception
54823,,exception
54824,,exception
54825,,exception
54826,,exception
54827,,exception
54828,,exception
54829,,exception
54830,,exception
54831,,exception
54832,,exception
54833,,exception
54834,,exception
54835,,exception
54836,,exception
54837,,exception
54838,,exception
54839,,exception
54840,,exception
54841,,exception
54842,,exception
54843,,exception
54844,,exception
54845,,exception
54846,,exception
54847,,exception
54848,,exception
54849,,exception
54850,,exception
54851,,exception
54852,,exception
54853,,exception
54854,,exception
54855,,exception
54856,,exception
54857,,exception
54858,,exception
54859,,exception
54860,,exception
54861,,exception
54862,,exception
54863,,exception
54864,,exception
54865,,exception
54866,,exception
54867,,exception
54868,,exception
54869,,exception
54870,,exception
54871,,exception
54872,,exception
54873,,exception
54874,,exception
54875,,exception
54876,,exception
54877,,exception
54878,,exception
54879,,exception
54880,,exception
54881,,exception
54882,,exception
54883,,exception
54884,,exception
54885,,exception
54886,,exception
54887,,exception
54888,,exception
54889,,exception
54890,,exception
54891,,exception
54892,,exception
54893,,exception
54894,,exception
54895,,exception
54896,,exception
54897,,exception
54898,,exception
54899,,exception
54900,,exception
54901,,exception
54902,,exception
54903,,exception
54904,,exception
54905,,exception
54906,,exception
54907,,exception
54908,,exception
54909,,exception
54910,,exception
54911,,exception
54912,,exception
54913,,exception
54914,,exception
54915,,exception
54916,,exception
54917,,exception
54918,,exception
54919,,exception
54920,,exception
54921,,exception
54922,,exception
54923,,exception
54924,,exception
54925,,exception
54926,,exception
54927,,exception
54928,,exception
54929,,exception
54930,,exception
54931,,exception
54932,,exception
54933,,exception
54934,,exception
54935,,exception
54936,,exception
54937,,exception
54938,,exception
54939,,exception
54940,,exception
54941,,exception
54942,,exception
54943,,exception
54944,,exception
54945,,exception
54946,,exception
54947,,exception
54948,,exception
54949,,exception
54950,,exception
54951,,exception
54952,,exception
54953,,exception
54954,,exception
54955,,exception
54956,,exception
54957,,exception
54958,,exception
54959,,exception
54960,,exception
54961,,exception
54962,,exception
54963,,exception
54964,,exception
54965,,exception
54966,,exception
54967,,exception
54968,,exception
54969,,exception
54970,,exception
54971,,exception
54972,,exception
54973,,exception
54974,,exception
54975,,exception
54976,,exception
54977,,exception
54978,,exception
54979,,exception
54980,,exception
54981,,exception
54982,,exception
54983,,exception
54984,,exception
54985,,exception
54986,,exception
54987,,exception
54988,,exception
54989,,exception
54990,,exception
54991,,exception
54992,,exception
54993,,exception
54994,,exception
54995,,exception
54996,,exception
54997,,exception
54998,,exception
54999,,exception
55000,,exception
55001,,exception
55002,,exception
55003,,exception
55004,,exception
55005,,exception
55006,,exception
55007,,exception
55008,,exception
55009,,exception
55010,,exception
55011,,exception
55012,,exception
55013,,exception
55014,,exception
55015,,exception
55016,,exception
55017,,exception
55018,,exception
55019,,exception
55020,,exception
55021,,exception
55022,,exception
55023,,exception
55024,,exception
55025,,exception
55026,,exception
55027,,exception
55028,,exception
55029,,exception
55030,,exception
55031,,exception
55032,,exception
55033,,exception
55034,,exception
55035,,exception
55036,,exception
55037,,exception
55038,,exception
55039,,exception
55040,,exception
55041,,exception
55042,,exception
55043,,exception
55044,,exception
55045,,exception
55046,,exception
55047,,exception
55048,,exception
55049,,exception
55050,,exception
55051,,exception
55052,,exception
55053,,exception
55054,,exception
55055,,exception
55056,,exception
55057,,exception
55058,,exception
55059,,exception
55060,,exception
55061,,exception
55062,,exception
55063,,exception
55064,,exception
55065,,exception
55066,,exception
55067,,exception
55068,,exception
55069,,exception
55070,,exception
55071,,exception
55072,,exception
55073,,exception
55074,,exception
55075,,exception
55076,,exception
55077,,exception
55078,,exception
55079,,exception
55080,,exception
55081,,exception
55082,,exception
55083,,exception
55084,,exception
55085,,exception
55086,,exception
55087,,exception
55088,,exception
55089,,exception
55090,,exception
55091,,exception
55092,,exception
55093,,exception
55094,,exception
55095,,exception
55096,,exception
55097,,exception
55098,,exception
55099,,exception
55100,,exception
55101,,exception
55102,,exception
55103,,exception
55104,,exception
55105,,exception
55106,,exception
55107,,exception
55108,,exception
55109,,exception
55110,,exception
55111,,exception
55112,,exception
55113,,exception
55114,,exception
55115,,exception
55116,,exception
55117,,exception
55118,,exception
55119,,exception
55120,,exception
55121,,exception
55122,,exception
55123,,exception
55124,,exception
55125,,exception
55126,,exception
55127,,exception
55128,,exception
55129,,exception
55130,,exception
55131,,exception
55132,,exception
55133,,exception
55134,,exception
55135,,exception
55136,,exception
55137,,exception
55138,,exception
55139,,exception
55140,,exception
55141,,exception
55142,,exception
55143,,exception
55144,,exception
55145,,exception
55146,,exception
55147,,exception
55148,,exception
55149,,exception
55150,,exception
55151,,exception
55152,,exception
55153,,exception
55154,,exception
55155,,exception
55156,,exception
55157,,exception
55158,,exception
55159,,exception
55160,,exception
55161,,exception
55162,,exception
55163,,exception
55164,,exception
55165,,exception
55166,,exception
55167,,exception
55168,,exception
55169,,exception
55170,,exception
55171,,exception
55172,,exception
55173,,exception
55174,,exception
55175,,exception
55176,,exception
55177,,exception
55178,,exception
55179,,exception
55180,,exception
55181,,exception
55182,,exception
55183,,exception
55184,,exception
55185,,exception
55186,,exception
55187,,exception
55188,,exception
55189,,exception
55190,,exception
55191,,exception
55192,,exception
55193,,exception
55194,,exception
55195,,exception
55196,,exception
55197,,exception
55198,,exception
55199,,exception
55200,,exception
55201,,exception
55202,,exception
55203,,exception
55204,,exception
55205,,exception
55206,,exception
55207,,exception
55208,,exception
55209,,exception
55210,,exception
55211,,exception
55212,,exception
55213,,exception
55214,,exception
55215,,exception
55216,,exception
55217,,exception
55218,,exception
55219,,exception
55220,,exception
55221,,exception
55222,,exception
55223,,exception
55224,,exception
55225,,exception
55226,,exception
55227,,exception
55228,,exception
55229,,exception
55230,,exception
55231,,exception
55232,,exception
55233,,exception
55234,,exception
55235,,exception
55236,,exception
55237,,exception
55238,,exception
55239,,exception
55240,,exception
55241,,exception
55242,,exception
55243,,exception
55244,,exception
55245,,exception
55246,,exception
55247,,exception
55248,,exception
55249,,exception
55250,,exception
55251,,exception
55252,,exception
55253,,exception
55254,,exception
55255,,exception
55256,,exception
55257,,exception
55258,,exception
55259,,exception
55260,,exception
55261,,exception
55262,,exception
55263,,exception
55264,,exception
55265,,exception
55266,,exception
55267,,exception
55268,,exception
55269,,exception
55270,,exception
55271,,exception
55272,,exception
55273,,exception
55274,,exception
55275,,exception
55276,,exception
55277,,exception
55278,,exception
55279,,exception
55280,,exception
55281,,exception
55282,,exception
55283,,exception
55284,,exception
55285,,exception
55286,,exception
55287,,exception
55288,,exception
55289,,exception
55290,,exception
55291,,exception
55292,,exception
55293,,exception
55294,,exception
55295,,exception
55296,,exception
55297,,exception
55298,,exception
55299,,exception
55300,,exception
55301,,exception
55302,,exception
55303,,exception
55304,,exception
55305,,exception
55306,,exception
55307,,exception
55308,,exception
55309,,exception
55310,,exception
55311,,exception
55312,,exception
55313,,exception
55314,,exception
55315,,exception
55316,,exception
55317,,exception
55318,,exception
55319,,exception
55320,,exception
55321,,exception
55322,,exception
55323,,exception
55324,,exception
55325,,exception
55326,,exception
55327,,exception
55328,,exception
55329,,exception
55330,,exception
55331,,exception
55332,,exception
55333,,exception
55334,,exception
55335,,exception
55336,,exception
55337,,exception
55338,,exception
55339,,exception
55340,,exception
55341,,exception
55342,,exception
55343,,exception
55344,,exception
55345,,exception
55346,,exception
55347,,exception
55348,,exception
55349,,exception
55350,,exception
55351,,exception
55352,,exception
55353,,exception
55354,,exception
55355,,exception
55356,,exception
55357,,exception
55358,,exception
55359,,exception
55360,,exception
55361,,exception
55362,,exception
55363,,exception
55364,,exception
55365,,exception
55366,,exception
55367,,exception
55368,,exception
55369,,exception
55370,,exception
55371,,exception
55372,,exception
55373,,exception
55374,,exception
55375,,exception
55376,,exception
55377,,exception
55378,,exception
55379,,exception
55380,,exception
55381,,exception
55382,,exception
55383,,exception
55384,,exception
55385,,exception
55386,,exception
55387,,exception
55388,,exception
55389,,exception
55390,,exception
55391,,exception
55392,,exception
55393,,exception
55394,,exception
55395,,exception
55396,,exception
55397,,exception
55398,,exception
55399,,exception
55400,,exception
55401,,exception
55402,,exception
55403,,exception
55404,,exception
55405,,exception
55406,,exception
55407,,exception
55408,,exception
55409,,exception
55410,,exception
55411,,exception
55412,,exception
55413,,exception
55414,,exception
55415,,exception
55416,,exception
55417,,exception
55418,,exception
55419,,exception
55420,,exception
55421,,exception
55422,,exception
55423,,exception
55424,,exception
55425,,exception
55426,,exception
55427,,exception
55428,,exception
55429,,exception
55430,,exception
55431,,exception
55432,,exception
55433,,exception
55434,,exception
55435,,exception
55436,,exception
55437,,exception
55438,,exception
55439,,exception
55440,,exception
55441,,exception
55442,,exception
55443,,exception
55444,,exception
55445,,exception
55446,,exception
55447,,exception
55448,,exception
55449,,exception
55450,,exception
55451,,exception
55452,,exception
55453,,exception
55454,,exception
55455,,exception
55456,,exception
55457,,exception
55458,,exception
55459,,exception
55460,,exception
55461,,exception
55462,,exception
55463,,exception
55464,,exception
55465,,exception
55466,,exception
55467,,exception
55468,,exception
55469,,exception
55470,,exception
55471,,exception
55472,,exception
55473,,exception
55474,,exception
55475,,exception
55476,,exception
55477,,exception
55478,,exception
55479,,exception
55480,,exception
55481,,exception
55482,,exception
55483,,exception
55484,,exception
55485,,exception
55486,,exception
55487,,exception
55488,,exception
55489,,exception
55490,,exception
55491,,exception
55492,,exception
55493,,exception
55494,,exception
55495,,exception
55496,,exception
55497,,exception
55498,,exception
55499,,exception
55500,,exception
55501,,exception
55502,,exception
55503,,exception
55504,,exception
55505,,exception
55506,,exception
55507,,exception
55508,,exception
55509,,exception
55510,,exception
55511,,exception
55512,,exception
55513,,exception
55514,,exception
55515,,exception
55516,,exception
55517,,exception
55518,,exception
55519,,exception
55520,,exception
55521,,exception
55522,,exception
55523,,exception
55524,,exception
55525,,exception
55526,,exception
55527,,exception
55528,,exception
55529,,exception
55530,,exception
55531,,exception
55532,,exception
55533,,exception
55534,,exception
55535,,exception
55536,,exception
55537,,exception
55538,,exception
55539,,exception
55540,,exception
55541,,exception
55542,,exception
55543,,exception
55544,,exception
55545,,exception
55546,,exception
55547,,exception
55548,,exception
55549,,exception
55550,,exception
55551,,exception
55552,,exception
55553,,exception
55554,,exception
55555,,exception
55556,,exception
55557,,exception
55558,,exception
55559,,exception
55560,,exception
55561,,exception
55562,,exception
55563,,exception
55564,,exception
55565,,exception
55566,,exception
55567,,exception
55568,,exception
55569,,exception
55570,,exception
55571,,exception
55572,,exception
55573,,exception
55574,,exception
55575,,exception
55576,,exception
55577,,exception
55578,,exception
55579,,exception
55580,,exception
55581,,exception
55582,,exception
55583,,exception
55584,,exception
55585,,exception
55586,,exception
55587,,exception
55588,,exception
55589,,exception
55590,,exception
55591,,exception
55592,,exception
55593,,exception
55594,,exception
55595,,exception
55596,,exception
55597,,exception
55598,,exception
55599,,exception
55600,,exception
55601,,exception
55602,,exception
55603,,exception
55604,,exception
55605,,exception
55606,,exception
55607,,exception
55608,,exception
55609,,exception
55610,,exception
55611,,exception
55612,,exception
55613,,exception
55614,,exception
55615,,exception
55616,,exception
55617,,exception
55618,,exception
55619,,exception
55620,,exception
55621,,exception
55622,,exception
55623,,exception
55624,,exception
55625,,exception
55626,,exception
55627,,exception
55628,,exception
55629,,exception
55630,,exception
55631,,exception
55632,,exception
55633,,exception
55634,,exception
55635,,exception
55636,,exception
55637,,exception
55638,,exception
55639,,exception
55640,,exception
55641,,exception
55642,,exception
55643,,exception
55644,,exception
55645,,exception
55646,,exception
55647,,exception
55648,,exception
55649,,exception
55650,,exception
55651,,exception
55652,,exception
55653,,exception
55654,,exception
55655,,exception
55656,,exception
55657,,exception
55658,,exception
55659,,exception
55660,,exception
55661,,exception
55662,,exception
55663,,exception
55664,,exception
55665,,exception
55666,,exception
55667,,exception
55668,,exception
55669,,exception
55670,,exception
55671,,exception
55672,,exception
55673,,exception
55674,,exception
55675,,exception
55676,,exception
55677,,exception
55678,,exception
55679,,exception
55680,,exception
55681,,exception
55682,,exception
55683,,exception
55684,,exception
55685,,exception
55686,,exception
55687,,exception
55688,,exception
55689,,exception
55690,,exception
55691,,exception
55692,,exception
55693,,exception
55694,,exception
55695,,exception
55696,,exception
55697,,exception
55698,,exception
55699,,exception
55700,,exception
55701,,exception
55702,,exception
55703,,exception
55704,,exception
55705,,exception
55706,,exception
55707,,exception
55708,,exception
55709,,exception
55710,,exception
55711,,exception
55712,,exception
55713,,exception
55714,,exception
55715,,exception
55716,,exception
55717,,exception
55718,,exception
55719,,exception
55720,,exception
55721,,exception
55722,,exception
55723,,exception
55724,,exception
55725,,exception
55726,,exception
55727,,exception
55728,,exception
55729,,exception
55730,,exception
55731,,exception
55732,,exception
55733,,exception
55734,,exception
55735,,exception
55736,,exception
55737,,exception
55738,,exception
55739,,exception
55740,,exception
55741,,exception
55742,,exception
55743,,exception
55744,,exception
55745,,exception
55746,,exception
55747,,exception
55748,,exception
55749,,exception
55750,,exception
55751,,exception
55752,,exception
55753,,exception
55754,,exception
55755,,exception
55756,,exception
55757,,exception
55758,,exception
55759,,exception
55760,,exception
55761,,exception
55762,,exception
55763,,exception
55764,,exception
55765,,exception
55766,,exception
55767,,exception
55768,,exception
55769,,exception
55770,,exception
55771,,exception
55772,,exception
55773,,exception
55774,,exception
55775,,exception
55776,,exception
55777,,exception
55778,,exception
55779,,exception
55780,,exception
55781,,exception
55782,,exception
55783,,exception
55784,,exception
55785,,exception
55786,,exception
55787,,exception
55788,,exception
55789,,exception
55790,,exception
55791,,exception
55792,,exception
55793,,exception
55794,,exception
55795,,exception
55796,,exception
55797,,exception
55798,,exception
55799,,exception
55800,,exception
55801,,exception
55802,,exception
55803,,exception
55804,,exception
55805,,exception
55806,,exception
55807,,exception
55808,,exception
55809,,exception
55810,,exception
55811,,exception
55812,,exception
55813,,exception
55814,,exception
55815,,exception
55816,,exception
55817,,exception
55818,,exception
55819,,exception
55820,,exception
55821,,exception
55822,,exception
55823,,exception
55824,,exception
55825,,exception
55826,,exception
55827,,exception
55828,,exception
55829,,exception
55830,,exception
55831,,exception
55832,,exception
55833,,exception
55834,,exception
55835,,exception
55836,,exception
55837,,exception
55838,,exception
55839,,exception
55840,,exception
55841,,exception
55842,,exception
55843,,exception
55844,,exception
55845,,exception
55846,,exception
55847,,exception
55848,,exception
55849,,exception
55850,,exception
55851,,exception
55852,,exception
55853,,exception
55854,,exception
55855,,exception
55856,,exception
55857,,exception
55858,,exception
55859,,exception
55860,,exception
55861,,exception
55862,,exception
55863,,exception
55864,,exception
55865,,exception
55866,,exception
55867,,exception
55868,,exception
55869,,exception
55870,,exception
55871,,exception
55872,,exception
55873,,exception
55874,,exception
55875,,exception
55876,,exception
55877,,exception
55878,,exception
55879,,exception
55880,,exception
55881,,exception
55882,,exception
55883,,exception
55884,,exception
55885,,exception
55886,,exception
55887,,exception
55888,,exception
55889,,exception
55890,,exception
55891,,exception
55892,,exception
55893,,exception
55894,,exception
55895,,exception
55896,,exception
55897,,exception
55898,,exception
55899,,exception
55900,,exception
55901,,exception
55902,,exception
55903,,exception
55904,,exception
55905,,exception
55906,,exception
55907,,exception
55908,,exception
55909,,exception
55910,,exception
55911,,exception
55912,,exception
55913,,exception
55914,,exception
55915,,exception
55916,,exception
55917,,exception
55918,,exception
55919,,exception
55920,,exception
55921,,exception
55922,,exception
55923,,exception
55924,,exception
55925,,exception
55926,,exception
55927,,exception
55928,,exception
55929,,exception
55930,,exception
55931,,exception
55932,,exception
55933,,exception
55934,,exception
55935,,exception
55936,,exception
55937,,exception
55938,,exception
55939,,exception
55940,,exception
55941,,exception
55942,,exception
55943,,exception
55944,,exception
55945,,exception
55946,,exception
55947,,exception
55948,,exception
55949,,exception
55950,,exception
55951,,exception
55952,,exception
55953,,exception
55954,,exception
55955,,exception
55956,,exception
55957,,exception
55958,,exception
55959,,exception
55960,,exception
55961,,exception
55962,,exception
55963,,exception
55964,,exception
55965,,exception
55966,,exception
55967,,exception
55968,,exception
55969,,exception
55970,,exception
55971,,exception
55972,,exception
55973,,exception
55974,,exception
55975,,exception
55976,,exception
55977,,exception
55978,,exception
55979,,exception
55980,,exception
55981,,exception
55982,,exception
55983,,exception
55984,,exception
55985,,exception
55986,,exception
55987,,exception
55988,,exception
55989,,exception
55990,,exception
55991,,exception
55992,,exception
55993,,exception
55994,,exception
55995,,exception
55996,,exception
55997,,exception
55998,,exception
55999,,exception
56000,,exception
56001,,exception
56002,,exception
56003,,exception
56004,,exception
56005,,exception
56006,,exception
56007,,exception
56008,,exception
56009,,exception
56010,,exception
56011,,exception
56012,,exception
56013,,exception
56014,,exception
56015,,exception
56016,,exception
56017,,exception
56018,,exception
56019,,exception
56020,,exception
56021,,exception
56022,,exception
56023,,exception
56024,,exception
56025,,exception
56026,,exception
56027,,exception
56028,,exception
56029,,exception
56030,,exception
56031,,exception
56032,,exception
56033,,exception
56034,,exception
56035,,exception
56036,,exception
56037,,exception
56038,,exception
56039,,exception
56040,,exception
56041,,exception
56042,,exception
56043,,exception
56044,,exception
56045,,exception
56046,,exception
56047,,exception
56048,,exception
56049,,exception
56050,,exception
56051,,exception
56052,,exception
56053,,exception
56054,,exception
56055,,exception
56056,,exception
56057,,exception
56058,,exception
56059,,exception
56060,,exception
56061,,exception
56062,,exception
56063,,exception
56064,,exception
56065,,exception
56066,,exception
56067,,exception
56068,,exception
56069,,exception
56070,,exception
56071,,exception
56072,,exception
56073,,exception
56074,,exception
56075,,exception
56076,,exception
56077,,exception
56078,,exception
56079,,exception
56080,,exception
56081,,exception
56082,,exception
56083,,exception
56084,,exception
56085,,exception
56086,,exception
56087,,exception
56088,,exception
56089,,exception
56090,,exception
56091,,exception
56092,,exception
56093,,exception
56094,,exception
56095,,exception
56096,,exception
56097,,exception
56098,,exception
56099,,exception
56100,,exception
56101,,exception
56102,,exception
56103,,exception
56104,,exception
56105,,exception
56106,,exception
56107,,exception
56108,,exception
56109,,exception
56110,,exception
56111,,exception
56112,,exception
56113,,exception
56114,,exception
56115,,exception
56116,,exception
56117,,exception
56118,,exception
56119,,exception
56120,,exception
56121,,exception
56122,,exception
56123,,exception
56124,,exception
56125,,exception
56126,,exception
56127,,exception
56128,,exception
56129,,exception
56130,,exception
56131,,exception
56132,,exception
56133,,exception
56134,,exception
56135,,exception
56136,,exception
56137,,exception
56138,,exception
56139,,exception
56140,,exception
56141,,exception
56142,,exception
56143,,exception
56144,,exception
56145,,exception
56146,,exception
56147,,exception
56148,,exception
56149,,exception
56150,,exception
56151,,exception
56152,,exception
56153,,exception
56154,,exception
56155,,exception
56156,,exception
56157,,exception
56158,,exception
56159,,exception
56160,,exception
56161,,exception
56162,,exception
56163,,exception
56164,,exception
56165,,exception
56166,,exception
56167,,exception
56168,,exception
56169,,exception
56170,,exception
56171,,exception
56172,,exception
56173,,exception
56174,,exception
56175,,exception
56176,,exception
56177,,exception
56178,,exception
56179,,exception
56180,,exception
56181,,exception
56182,,exception
56183,,exception
56184,,exception
56185,,exception
56186,,exception
56187,,exception
56188,,exception
56189,,exception
56190,,exception
56191,,exception
56192,,exception
56193,,exception
56194,,exception
56195,,exception
56196,,exception
56197,,exception
56198,,exception
56199,,exception
56200,,exception
56201,,exception
56202,,exception
56203,,exception
56204,,exception
56205,,exception
56206,,exception
56207,,exception
56208,,exception
56209,,exception
56210,,exception
56211,,exception
56212,,exception
56213,,exception
56214,,exception
56215,,exception
56216,,exception
56217,,exception
56218,,exception
56219,,exception
56220,,exception
56221,,exception
56222,,exception
56223,,exception
56224,,exception
56225,,exception
56226,,exception
56227,,exception
56228,,exception
56229,,exception
56230,,exception
56231,,exception
56232,,exception
56233,,exception
56234,,exception
56235,,exception
56236,,exception
56237,,exception
56238,,exception
56239,,exception
56240,,exception
56241,,exception
56242,,exception
56243,,exception
56244,,exception
56245,,exception
56246,,exception
56247,,exception
56248,,exception
56249,,exception
56250,,exception
56251,,exception
56252,,exception
56253,,exception
56254,,exception
56255,,exception
56256,,exception
56257,,exception
56258,,exception
56259,,exception
56260,,exception
56261,,exception
56262,,exception
56263,,exception
56264,,exception
56265,,exception
56266,,exception
56267,,exception
56268,,exception
56269,,exception
56270,,exception
56271,,exception
56272,,exception
56273,,exception
56274,,exception
56275,,exception
56276,,exception
56277,,exception
56278,,exception
56279,,exception
56280,,exception
56281,,exception
56282,,exception
56283,,exception
56284,,exception
56285,,exception
56286,,exception
56287,,exception
56288,,exception
56289,,exception
56290,,exception
56291,,exception
56292,,exception
56293,,exception
56294,,exception
56295,,exception
56296,,exception
56297,,exception
56298,,exception
56299,,exception
56300,,exception
56301,,exception
56302,,exception
56303,,exception
56304,,exception
56305,,exception
56306,,exception
56307,,exception
56308,,exception
56309,,exception
56310,,exception
56311,,exception
56312,,exception
56313,,exception
56314,,exception
56315,,exception
56316,,exception
56317,,exception
56318,,exception
56319,,exception
56320,,exception
56321,,exception
56322,,exception
56323,,exception
56324,,exception
56325,,exception
56326,,exception
56327,,exception
56328,,exception
56329,,exception
56330,,exception
56331,,exception
56332,,exception
56333,,exception
56334,,exception
56335,,exception
56336,,exception
56337,,exception
56338,,exception
56339,,exception
56340,,exception
56341,,exception
56342,,exception
56343,,exception
56344,,exception
56345,,exception
56346,,exception
56347,,exception
56348,,exception
56349,,exception
56350,,exception
56351,,exception
56352,,exception
56353,,exception
56354,,exception
56355,,exception
56356,,exception
56357,,exception
56358,,exception
56359,,exception
56360,,exception
56361,,exception
56362,,exception
56363,,exception
56364,,exception
56365,,exception
56366,,exception
56367,,exception
56368,,exception
56369,,exception
56370,,exception
56371,,exception
56372,,exception
56373,,exception
56374,,exception
56375,,exception
56376,,exception
56377,,exception
56378,,exception
56379,,exception
56380,,exception
56381,,exception
56382,,exception
56383,,exception
56384,,exception
56385,,exception
56386,,exception
56387,,exception
56388,,exception
56389,,exception
56390,,exception
56391,,exception
56392,,exception
56393,,exception
56394,,exception
56395,,exception
56396,,exception
56397,,exception
56398,,exception
56399,,exception
56400,,exception
56401,,exception
56402,,exception
56403,,exception
56404,,exception
56405,,exception
56406,,exception
56407,,exception
56408,,exception
56409,,exception
56410,,exception
56411,,exception
56412,,exception
56413,,exception
56414,,exception
56415,,exception
56416,,exception
56417,,exception
56418,,exception
56419,,exception
56420,,exception
56421,,exception
56422,,exception
56423,,exception
56424,,exception
56425,,exception
56426,,exception
56427,,exception
56428,,exception
56429,,exception
56430,,exception
56431,,exception
56432,,exception
56433,,exception
56434,,exception
56435,,exception
56436,,exception
56437,,exception
56438,,exception
56439,,exception
56440,,exception
56441,,exception
56442,,exception
56443,,exception
56444,,exception
56445,,exception
56446,,exception
56447,,exception
56448,,exception
56449,,exception
56450,,exception
56451,,exception
56452,,exception
56453,,exception
56454,,exception
56455,,exception
56456,,exception
56457,,exception
56458,,exception
56459,,exception
56460,,exception
56461,,exception
56462,,exception
56463,,exception
56464,,exception
56465,,exception
56466,,exception
56467,,exception
56468,,exception
56469,,exception
56470,,exception
56471,,exception
56472,,exception
56473,,exception
56474,,exception
56475,,exception
56476,,exception
56477,,exception
56478,,exception
56479,,exception
56480,,exception
56481,,exception
56482,,exception
56483,,exception
56484,,exception
56485,,exception
56486,,exception
56487,,exception
56488,,exception
56489,,exception
56490,,exception
56491,,exception
56492,,exception
56493,,exception
56494,,exception
56495,,exception
56496,,exception
56497,,exception
56498,,exception
56499,,exception
56500,,exception
56501,,exception
56502,,exception
56503,,exception
56504,,exception
56505,,exception
56506,,exception
56507,,exception
56508,,exception
56509,,exception
56510,,exception
56511,,exception
56512,,exception
56513,,exception
56514,,exception
56515,,exception
56516,,exception
56517,,exception
56518,,exception
56519,,exception
56520,,exception
56521,,exception
56522,,exception
56523,,exception
56524,,exception
56525,,exception
56526,,exception
56527,,exception
56528,,exception
56529,,exception
56530,,exception
56531,,exception
56532,,exception
56533,,exception
56534,,exception
56535,,exception
56536,,exception
56537,,exception
56538,,exception
56539,,exception
56540,,exception
56541,,exception
56542,,exception
56543,,exception
56544,,exception
56545,,exception
56546,,exception
56547,,exception
56548,,exception
56549,,exception
56550,,exception
56551,,exception
56552,,exception
56553,,exception
56554,,exception
56555,,exception
56556,,exception
56557,,exception
56558,,exception
56559,,exception
56560,,exception
56561,,exception
56562,,exception
56563,,exception
56564,,exception
56565,,exception
56566,,exception
56567,,exception
56568,,exception
56569,,exception
56570,,exception
56571,,exception
56572,,exception
56573,,exception
56574,,exception
56575,,exception
56576,,exception
56577,,exception
56578,,exception
56579,,exception
56580,,exception
56581,,exception
56582,,exception
56583,,exception
56584,,exception
56585,,exception
56586,,exception
56587,,exception
56588,,exception
56589,,exception
56590,,exception
56591,,exception
56592,,exception
56593,,exception
56594,,exception
56595,,exception
56596,,exception
56597,,exception
56598,,exception
56599,,exception
56600,,exception
56601,,exception
56602,,exception
56603,,exception
56604,,exception
56605,,exception
56606,,exception
56607,,exception
56608,,exception
56609,,exception
56610,,exception
56611,,exception
56612,,exception
56613,,exception
56614,,exception
56615,,exception
56616,,exception
56617,,exception
56618,,exception
56619,,exception
56620,,exception
56621,,exception
56622,,exception
56623,,exception
56624,,exception
56625,,exception
56626,,exception
56627,,exception
56628,,exception
56629,,exception
56630,,exception
56631,,exception
56632,,exception
56633,,exception
56634,,exception
56635,,exception
56636,,exception
56637,,exception
56638,,exception
56639,,exception
56640,,exception
56641,,exception
56642,,exception
56643,,exception
56644,,exception
56645,,exception
56646,,exception
56647,,exception
56648,,exception
56649,,exception
56650,,exception
56651,,exception
56652,,exception
56653,,exception
56654,,exception
56655,,exception
56656,,exception
56657,,exception
56658,,exception
56659,,exception
56660,,exception
56661,,exception
56662,,exception
56663,,exception
56664,,exception
56665,,exception
56666,,exception
56667,,exception
56668,,exception
56669,,exception
56670,,exception
56671,,exception
56672,,exception
56673,,exception
56674,,exception
56675,,exception
56676,,exception
56677,,exception
56678,,exception
56679,,exception
56680,,exception
56681,,exception
56682,,exception
56683,,exception
56684,,exception
56685,,exception
56686,,exception
56687,,exception
56688,,exception
56689,,exception
56690,,exception
56691,,exception
56692,,exception
56693,,exception
56694,,exception
56695,,exception
56696,,exception
56697,,exception
56698,,exception
56699,,exception
56700,,exception
56701,,exception
56702,,exception
56703,,exception
56704,,exception
56705,,exception
56706,,exception
56707,,exception
56708,,exception
56709,,exception
56710,,exception
56711,,exception
56712,,exception
56713,,exception
56714,,exception
56715,,exception
56716,,exception
56717,,exception
56718,,exception
56719,,exception
56720,,exception
56721,,exception
56722,,exception
56723,,exception
56724,,exception
56725,,exception
56726,,exception
56727,,exception
56728,,exception
56729,,exception
56730,,exception
56731,,exception
56732,,exception
56733,,exception
56734,,exception
56735,,exception
56736,,exception
56737,,exception
56738,,exception
56739,,exception
56740,,exception
56741,,exception
56742,,exception
56743,,exception
56744,,exception
56745,,exception
56746,,exception
56747,,exception
56748,,exception
56749,,exception
56750,,exception
56751,,exception
56752,,exception
56753,,exception
56754,,exception
56755,,exception
56756,,exception
56757,,exception
56758,,exception
56759,,exception
56760,,exception
56761,,exception
56762,,exception
56763,,exception
56764,,exception
56765,,exception
56766,,exception
56767,,exception
56768,,exception
56769,,exception
56770,,exception
56771,,exception
56772,,exception
56773,,exception
56774,,exception
56775,,exception
56776,,exception
56777,,exception
56778,,exception
56779,,exception
56780,,exception
56781,,exception
56782,,exception
56783,,exception
56784,,exception
56785,,exception
56786,,exception
56787,,exception
56788,,exception
56789,,exception
56790,,exception
56791,,exception
56792,,exception
56793,,exception
56794,,exception
56795,,exception
56796,,exception
56797,,exception
56798,,exception
56799,,exception
56800,,exception
56801,,exception
56802,,exception
56803,,exception
56804,,exception
56805,,exception
56806,,exception
56807,,exception
56808,,exception
56809,,exception
56810,,exception
56811,,exception
56812,,exception
56813,,exception
56814,,exception
56815,,exception
56816,,exception
56817,,exception
56818,,exception
56819,,exception
56820,,exception
56821,,exception
56822,,exception
56823,,exception
56824,,exception
56825,,exception
56826,,exception
56827,,exception
56828,,exception
56829,,exception
56830,,exception
56831,,exception
56832,,exception
56833,,exception
56834,,exception
56835,,exception
56836,,exception
56837,,exception
56838,,exception
56839,,exception
56840,,exception
56841,,exception
56842,,exception
56843,,exception
56844,,exception
56845,,exception
56846,,exception
56847,,exception
56848,,exception
56849,,exception
56850,,exception
56851,,exception
56852,,exception
56853,,exception
56854,,exception
56855,,exception
56856,,exception
56857,,exception
56858,,exception
56859,,exception
56860,,exception
56861,,exception
56862,,exception
56863,,exception
56864,,exception
56865,,exception
56866,,exception
56867,,exception
56868,,exception
56869,,exception
56870,,exception
56871,,exception
56872,,exception
56873,,exception
56874,,exception
56875,,exception
56876,,exception
56877,,exception
56878,,exception
56879,,exception
56880,,exception
56881,,exception
56882,,exception
56883,,exception
56884,,exception
56885,,exception
56886,,exception
56887,,exception
56888,,exception
56889,,exception
56890,,exception
56891,,exception
56892,,exception
56893,,exception
56894,,exception
56895,,exception
56896,,exception
56897,,exception
56898,,exception
56899,,exception
56900,,exception
56901,,exception
56902,,exception
56903,,exception
56904,,exception
56905,,exception
56906,,exception
56907,,exception
56908,,exception
56909,,exception
56910,,exception
56911,,exception
56912,,exception
56913,,exception
56914,,exception
56915,,exception
56916,,exception
56917,,exception
56918,,exception
56919,,exception
56920,,exception
56921,,exception
56922,,exception
56923,,exception
56924,,exception
56925,,exception
56926,,exception
56927,,exception
56928,,exception
56929,,exception
56930,,exception
56931,,exception
56932,,exception
56933,,exception
56934,,exception
56935,,exception
56936,,exception
56937,,exception
56938,,exception
56939,,exception
56940,,exception
56941,,exception
56942,,exception
56943,,exception
56944,,exception
56945,,exception
56946,,exception
56947,,exception
56948,,exception
56949,,exception
56950,,exception
56951,,exception
56952,,exception
56953,,exception
56954,,exception
56955,,exception
56956,,exception
56957,,exception
56958,,exception
56959,,exception
56960,,exception
56961,,exception
56962,,exception
56963,,exception
56964,,exception
56965,,exception
56966,,exception
56967,,exception
56968,,exception
56969,,exception
56970,,exception
56971,,exception
56972,,exception
56973,,exception
56974,,exception
56975,,exception
56976,,exception
56977,,exception
56978,,exception
56979,,exception
56980,,exception
56981,,exception
56982,,exception
56983,,exception
56984,,exception
56985,,exception
56986,,exception
56987,,exception
56988,,exception
56989,,exception
56990,,exception
56991,,exception
56992,,exception
56993,,exception
56994,,exception
56995,,exception
56996,,exception
56997,,exception
56998,,exception
56999,,exception
57000,,exception
57001,,exception
57002,,exception
57003,,exception
57004,,exception
57005,,exception
57006,,exception
57007,,exception
57008,,exception
57009,,exception
57010,,exception
57011,,exception
57012,,exception
57013,,exception
57014,,exception
57015,,exception
57016,,exception
57017,,exception
57018,,exception
57019,,exception
57020,,exception
57021,,exception
57022,,exception
57023,,exception
57024,,exception
57025,,exception
57026,,exception
57027,,exception
57028,,exception
57029,,exception
57030,,exception
57031,,exception
57032,,exception
57033,,exception
57034,,exception
57035,,exception
57036,,exception
57037,,exception
57038,,exception
57039,,exception
57040,,exception
57041,,exception
57042,,exception
57043,,exception
57044,,exception
57045,,exception
57046,,exception
57047,,exception
57048,,exception
57049,,exception
57050,,exception
57051,,exception
57052,,exception
57053,,exception
57054,,exception
57055,,exception
57056,,exception
57057,,exception
57058,,exception
57059,,exception
57060,,exception
57061,,exception
57062,,exception
57063,,exception
57064,,exception
57065,,exception
57066,,exception
57067,,exception
57068,,exception
57069,,exception
57070,,exception
57071,,exception
57072,,exception
57073,,exception
57074,,exception
57075,,exception
57076,,exception
57077,,exception
57078,,exception
57079,,exception
57080,,exception
57081,,exception
57082,,exception
57083,,exception
57084,,exception
57085,,exception
57086,,exception
57087,,exception
57088,,exception
57089,,exception
57090,,exception
57091,,exception
57092,,exception
57093,,exception
57094,,exception
57095,,exception
57096,,exception
57097,,exception
57098,,exception
57099,,exception
57100,,exception
57101,,exception
57102,,exception
57103,,exception
57104,,exception
57105,,exception
57106,,exception
57107,,exception
57108,,exception
57109,,exception
57110,,exception
57111,,exception
57112,,exception
57113,,exception
57114,,exception
57115,,exception
57116,,exception
57117,,exception
57118,,exception
57119,,exception
57120,,exception
57121,,exception
57122,,exception
57123,,exception
57124,,exception
57125,,exception
57126,,exception
57127,,exception
57128,,exception
57129,,exception
57130,,exception
57131,,exception
57132,,exception
57133,,exception
57134,,exception
57135,,exception
57136,,exception
57137,,exception
57138,,exception
57139,,exception
57140,,exception
57141,,exception
57142,,exception
57143,,exception
57144,,exception
57145,,exception
57146,,exception
57147,,exception
57148,,exception
57149,,exception
57150,,exception
57151,,exception
57152,,exception
57153,,exception
57154,,exception
57155,,exception
57156,,exception
57157,,exception
57158,,exception
57159,,exception
57160,,exception
57161,,exception
57162,,exception
57163,,exception
57164,,exception
57165,,exception
57166,,exception
57167,,exception
57168,,exception
57169,,exception
57170,,exception
57171,,exception
57172,,exception
57173,,exception
57174,,exception
57175,,exception
57176,,exception
57177,,exception
57178,,exception
57179,,exception
57180,,exception
57181,,exception
57182,,exception
57183,,exception
57184,,exception
57185,,exception
57186,,exception
57187,,exception
57188,,exception
57189,,exception
57190,,exception
57191,,exception
57192,,exception
57193,,exception
57194,,exception
57195,,exception
57196,,exception
57197,,exception
57198,,exception
57199,,exception
57200,,exception
57201,,exception
57202,,exception
57203,,exception
57204,,exception
57205,,exception
57206,,exception
57207,,exception
57208,,exception
57209,,exception
57210,,exception
57211,,exception
57212,,exception
57213,,exception
57214,,exception
57215,,exception
57216,,exception
57217,,exception
57218,,exception
57219,,exception
57220,,exception
57221,,exception
57222,,exception
57223,,exception
57224,,exception
57225,,exception
57226,,exception
57227,,exception
57228,,exception
57229,,exception
57230,,exception
57231,,exception
57232,,exception
57233,,exception
57234,,exception
57235,,exception
57236,,exception
57237,,exception
57238,,exception
57239,,exception
57240,,exception
57241,,exception
57242,,exception
57243,,exception
57244,,exception
57245,,exception
57246,,exception
57247,,exception
57248,,exception
57249,,exception
57250,,exception
57251,,exception
57252,,exception
57253,,exception
57254,,exception
57255,,exception
57256,,exception
57257,,exception
57258,,exception
57259,,exception
57260,,exception
57261,,exception
57262,,exception
57263,,exception
57264,,exception
57265,,exception
57266,,exception
57267,,exception
57268,,exception
57269,,exception
57270,,exception
57271,,exception
57272,,exception
57273,,exception
57274,,exception
57275,,exception
57276,,exception
57277,,exception
57278,,exception
57279,,exception
57280,,exception
57281,,exception
57282,,exception
57283,,exception
57284,,exception
57285,,exception
57286,,exception
57287,,exception
57288,,exception
57289,,exception
57290,,exception
57291,,exception
57292,,exception
57293,,exception
57294,,exception
57295,,exception
57296,,exception
57297,,exception
57298,,exception
57299,,exception
57300,,exception
57301,,exception
57302,,exception
57303,,exception
57304,,exception
57305,,exception
57306,,exception
57307,,exception
57308,,exception
57309,,exception
57310,,exception
57311,,exception
57312,,exception
57313,,exception
57314,,exception
57315,,exception
57316,,exception
57317,,exception
57318,,exception
57319,,exception
57320,,exception
57321,,exception
57322,,exception
57323,,exception
57324,,exception
57325,,exception
57326,,exception
57327,,exception
57328,,exception
57329,,exception
57330,,exception
57331,,exception
57332,,exception
57333,,exception
57334,,exception
57335,,exception
57336,,exception
57337,,exception
57338,,exception
57339,,exception
57340,,exception
57341,,exception
57342,,exception
57343,,exception
57344,,exception
57345,,exception
57346,,exception
57347,,exception
57348,,exception
57349,,exception
57350,,exception
57351,,exception
57352,,exception
57353,,exception
57354,,exception
57355,,exception
57356,,exception
57357,,exception
57358,,exception
57359,,exception
57360,,exception
57361,,exception
57362,,exception
57363,,exception
57364,,exception
57365,,exception
57366,,exception
57367,,exception
57368,,exception
57369,,exception
57370,,exception
57371,,exception
57372,,exception
57373,,exception
57374,,exception
57375,,exception
57376,,exception
57377,,exception
57378,,exception
57379,,exception
57380,,exception
57381,,exception
57382,,exception
57383,,exception
57384,,exception
57385,,exception
57386,,exception
57387,,exception
57388,,exception
57389,,exception
57390,,exception
57391,,exception
57392,,exception
57393,,exception
57394,,exception
57395,,exception
57396,,exception
57397,,exception
57398,,exception
57399,,exception
57400,,exception
57401,,exception
57402,,exception
57403,,exception
57404,,exception
57405,,exception
57406,,exception
57407,,exception
57408,,exception
57409,,exception
57410,,exception
57411,,exception
57412,,exception
57413,,exception
57414,,exception
57415,,exception
57416,,exception
57417,,exception
57418,,exception
57419,,exception
57420,,exception
57421,,exception
57422,,exception
57423,,exception
57424,,exception
57425,,exception
57426,,exception
57427,,exception
57428,,exception
57429,,exception
57430,,exception
57431,,exception
57432,,exception
57433,,exception
57434,,exception
57435,,exception
57436,,exception
57437,,exception
57438,,exception
57439,,exception
57440,,exception
57441,,exception
57442,,exception
57443,,exception
57444,,exception
57445,,exception
57446,,exception
57447,,exception
57448,,exception
57449,,exception
57450,,exception
57451,,exception
57452,,exception
57453,,exception
57454,,exception
57455,,exception
57456,,exception
57457,,exception
57458,,exception
57459,,exception
57460,,exception
57461,,exception
57462,,exception
57463,,exception
57464,,exception
57465,,exception
57466,,exception
57467,,exception
57468,,exception
57469,,exception
57470,,exception
57471,,exception
57472,,exception
57473,,exception
57474,,exception
57475,,exception
57476,,exception
57477,,exception
57478,,exception
57479,,exception
57480,,exception
57481,,exception
57482,,exception
57483,,exception
57484,,exception
57485,,exception
57486,,exception
57487,,exception
57488,,exception
57489,,exception
57490,,exception
57491,,exception
57492,,exception
57493,,exception
57494,,exception
57495,,exception
57496,,exception
57497,,exception
57498,,exception
57499,,exception
57500,,exception
57501,,exception
57502,,exception
57503,,exception
57504,,exception
57505,,exception
57506,,exception
57507,,exception
57508,,exception
57509,,exception
57510,,exception
57511,,exception
57512,,exception
57513,,exception
57514,,exception
57515,,exception
57516,,exception
57517,,exception
57518,,exception
57519,,exception
57520,,exception
57521,,exception
57522,,exception
57523,,exception
57524,,exception
57525,,exception
57526,,exception
57527,,exception
57528,,exception
57529,,exception
57530,,exception
57531,,exception
57532,,exception
57533,,exception
57534,,exception
57535,,exception
57536,,exception
57537,,exception
57538,,exception
57539,,exception
57540,,exception
57541,,exception
57542,,exception
57543,,exception
57544,,exception
57545,,exception
57546,,exception
57547,,exception
57548,,exception
57549,,exception
57550,,exception
57551,,exception
57552,,exception
57553,,exception
57554,,exception
57555,,exception
57556,,exception
57557,,exception
57558,,exception
57559,,exception
57560,,exception
57561,,exception
57562,,exception
57563,,exception
57564,,exception
57565,,exception
57566,,exception
57567,,exception
57568,,exception
57569,,exception
57570,,exception
57571,,exception
57572,,exception
57573,,exception
57574,,exception
57575,,exception
57576,,exception
57577,,exception
57578,,exception
57579,,exception
57580,,exception
57581,,exception
57582,,exception
57583,,exception
57584,,exception
57585,,exception
57586,,exception
57587,,exception
57588,,exception
57589,,exception
57590,,exception
57591,,exception
57592,,exception
57593,,exception
57594,,exception
57595,,exception
57596,,exception
57597,,exception
57598,,exception
57599,,exception
57600,,exception
57601,,exception
57602,,exception
57603,,exception
57604,,exception
57605,,exception
57606,,exception
57607,,exception
57608,,exception
57609,,exception
57610,,exception
57611,,exception
57612,,exception
57613,,exception
57614,,exception
57615,,exception
57616,,exception
57617,,exception
57618,,exception
57619,,exception
57620,,exception
57621,,exception
57622,,exception
57623,,exception
57624,,exception
57625,,exception
57626,,exception
57627,,exception
57628,,exception
57629,,exception
57630,,exception
57631,,exception
57632,,exception
57633,,exception
57634,,exception
57635,,exception
57636,,exception
57637,,exception
57638,,exception
57639,,exception
57640,,exception
57641,,exception
57642,,exception
57643,,exception
57644,,exception
57645,,exception
57646,,exception
57647,,exception
57648,,exception
57649,,exception
57650,,exception
57651,,exception
57652,,exception
57653,,exception
57654,,exception
57655,,exception
57656,,exception
57657,,exception
57658,,exception
57659,,exception
57660,,exception
57661,,exception
57662,,exception
57663,,exception
57664,,exception
57665,,exception
57666,,exception
57667,,exception
57668,,exception
57669,,exception
57670,,exception
57671,,exception
57672,,exception
57673,,exception
57674,,exception
57675,,exception
57676,,exception
57677,,exception
57678,,exception
57679,,exception
57680,,exception
57681,,exception
57682,,exception
57683,,exception
57684,,exception
57685,,exception
57686,,exception
57687,,exception
57688,,exception
57689,,exception
57690,,exception
57691,,exception
57692,,exception
57693,,exception
57694,,exception
57695,,exception
57696,,exception
57697,,exception
57698,,exception
57699,,exception
57700,,exception
57701,,exception
57702,,exception
57703,,exception
57704,,exception
57705,,exception
57706,,exception
57707,,exception
57708,,exception
57709,,exception
57710,,exception
57711,,exception
57712,,exception
57713,,exception
57714,,exception
57715,,exception
57716,,exception
57717,,exception
57718,,exception
57719,,exception
57720,,exception
57721,,exception
57722,,exception
57723,,exception
57724,,exception
57725,,exception
57726,,exception
57727,,exception
57728,,exception
57729,,exception
57730,,exception
57731,,exception
57732,,exception
57733,,exception
57734,,exception
57735,,exception
57736,,exception
57737,,exception
57738,,exception
57739,,exception
57740,,exception
57741,,exception
57742,,exception
57743,,exception
57744,,exception
57745,,exception
57746,,exception
57747,,exception
57748,,exception
57749,,exception
57750,,exception
57751,,exception
57752,,exception
57753,,exception
57754,,exception
57755,,exception
57756,,exception
57757,,exception
57758,,exception
57759,,exception
57760,,exception
57761,,exception
57762,,exception
57763,,exception
57764,,exception
57765,,exception
57766,,exception
57767,,exception
57768,,exception
57769,,exception
57770,,exception
57771,,exception
57772,,exception
57773,,exception
57774,,exception
57775,,exception
57776,,exception
57777,,exception
57778,,exception
57779,,exception
57780,,exception
57781,,exception
57782,,exception
57783,,exception
57784,,exception
57785,,exception
57786,,exception
57787,,exception
57788,,exception
57789,,exception
57790,,exception
57791,,exception
57792,,exception
57793,,exception
57794,,exception
57795,,exception
57796,,exception
57797,,exception
57798,,exception
57799,,exception
57800,,exception
57801,,exception
57802,,exception
57803,,exception
57804,,exception
57805,,exception
57806,,exception
57807,,exception
57808,,exception
57809,,exception
57810,,exception
57811,,exception
57812,,exception
57813,,exception
57814,,exception
57815,,exception
57816,,exception
57817,,exception
57818,,exception
57819,,exception
57820,,exception
57821,,exception
57822,,exception
57823,,exception
57824,,exception
57825,,exception
57826,,exception
57827,,exception
57828,,exception
57829,,exception
57830,,exception
57831,,exception
57832,,exception
57833,,exception
57834,,exception
57835,,exception
57836,,exception
57837,,exception
57838,,exception
57839,,exception
57840,,exception
57841,,exception
57842,,exception
57843,,exception
57844,,exception
57845,,exception
57846,,exception
57847,,exception
57848,,exception
57849,,exception
57850,,exception
57851,,exception
57852,,exception
57853,,exception
57854,,exception
57855,,exception
57856,,exception
57857,,exception
57858,,exception
57859,,exception
57860,,exception
57861,,exception
57862,,exception
57863,,exception
57864,,exception
57865,,exception
57866,,exception
57867,,exception
57868,,exception
57869,,exception
57870,,exception
57871,,exception
57872,,exception
57873,,exception
57874,,exception
57875,,exception
57876,,exception
57877,,exception
57878,,exception
57879,,exception
57880,,exception
57881,,exception
57882,,exception
57883,,exception
57884,,exception
57885,,exception
57886,,exception
57887,,exception
57888,,exception
57889,,exception
57890,,exception
57891,,exception
57892,,exception
57893,,exception
57894,,exception
57895,,exception
57896,,exception
57897,,exception
57898,,exception
57899,,exception
57900,,exception
57901,,exception
57902,,exception
57903,,exception
57904,,exception
57905,,exception
57906,,exception
57907,,exception
57908,,exception
57909,,exception
57910,,exception
57911,,exception
57912,,exception
57913,,exception
57914,,exception
57915,,exception
57916,,exception
57917,,exception
57918,,exception
57919,,exception
57920,,exception
57921,,exception
57922,,exception
57923,,exception
57924,,exception
57925,,exception
57926,,exception
57927,,exception
57928,,exception
57929,,exception
57930,,exception
57931,,exception
57932,,exception
57933,,exception
57934,,exception
57935,,exception
57936,,exception
57937,,exception
57938,,exception
57939,,exception
57940,,exception
57941,,exception
57942,,exception
57943,,exception
57944,,exception
57945,,exception
57946,,exception
57947,,exception
57948,,exception
57949,,exception
57950,,exception
57951,,exception
57952,,exception
57953,,exception
57954,,exception
57955,,exception
57956,,exception
57957,,exception
57958,,exception
57959,,exception
57960,,exception
57961,,exception
57962,,exception
57963,,exception
57964,,exception
57965,,exception
57966,,exception
57967,,exception
57968,,exception
57969,,exception
57970,,exception
57971,,exception
57972,,exception
57973,,exception
57974,,exception
57975,,exception
57976,,exception
57977,,exception
57978,,exception
57979,,exception
57980,,exception
57981,,exception
57982,,exception
57983,,exception
57984,,exception
57985,,exception
57986,,exception
57987,,exception
57988,,exception
57989,,exception
57990,,exception
57991,,exception
57992,,exception
57993,,exception
57994,,exception
57995,,exception
57996,,exception
57997,,exception
57998,,exception
57999,,exception
58000,,exception
58001,,exception
58002,,exception
58003,,exception
58004,,exception
58005,,exception
58006,,exception
58007,,exception
58008,,exception
58009,,exception
58010,,exception
58011,,exception
58012,,exception
58013,,exception
58014,,exception
58015,,exception
58016,,exception
58017,,exception
58018,,exception
58019,,exception
58020,,exception
58021,,exception
58022,,exception
58023,,exception
58024,,exception
58025,,exception
58026,,exception
58027,,exception
58028,,exception
58029,,exception
58030,,exception
58031,,exception
58032,,exception
58033,,exception
58034,,exception
58035,,exception
58036,,exception
58037,,exception
58038,,exception
58039,,exception
58040,,exception
58041,,exception
58042,,exception
58043,,exception
58044,,exception
58045,,exception
58046,,exception
58047,,exception
58048,,exception
58049,,exception
58050,,exception
58051,,exception
58052,,exception
58053,,exception
58054,,exception
58055,,exception
58056,,exception
58057,,exception
58058,,exception
58059,,exception
58060,,exception
58061,,exception
58062,,exception
58063,,exception
58064,,exception
58065,,exception
58066,,exception
58067,,exception
58068,,exception
58069,,exception
58070,,exception
58071,,exception
58072,,exception
58073,,exception
58074,,exception
58075,,exception
58076,,exception
58077,,exception
58078,,exception
58079,,exception
58080,,exception
58081,,exception
58082,,exception
58083,,exception
58084,,exception
58085,,exception
58086,,exception
58087,,exception
58088,,exception
58089,,exception
58090,,exception
58091,,exception
58092,,exception
58093,,exception
58094,,exception
58095,,exception
58096,,exception
58097,,exception
58098,,exception
58099,,exception
58100,,exception
58101,,exception
58102,,exception
58103,,exception
58104,,exception
58105,,exception
58106,,exception
58107,,exception
58108,,exception
58109,,exception
58110,,exception
58111,,exception
58112,,exception
58113,,exception
58114,,exception
58115,,exception
58116,,exception
58117,,exception
58118,,exception
58119,,exception
58120,,exception
58121,,exception
58122,,exception
58123,,exception
58124,,exception
58125,,exception
58126,,exception
58127,,exception
58128,,exception
58129,,exception
58130,,exception
58131,,exception
58132,,exception
58133,,exception
58134,,exception
58135,,exception
58136,,exception
58137,,exception
58138,,exception
58139,,exception
58140,,exception
58141,,exception
58142,,exception
58143,,exception
58144,,exception
58145,,exception
58146,,exception
58147,,exception
58148,,exception
58149,,exception
58150,,exception
58151,,exception
58152,,exception
58153,,exception
58154,,exception
58155,,exception
58156,,exception
58157,,exception
58158,,exception
58159,,exception
58160,,exception
58161,,exception
58162,,exception
58163,,exception
58164,,exception
58165,,exception
58166,,exception
58167,,exception
58168,,exception
58169,,exception
58170,,exception
58171,,exception
58172,,exception
58173,,exception
58174,,exception
58175,,exception
58176,,exception
58177,,exception
58178,,exception
58179,,exception
58180,,exception
58181,,exception
58182,,exception
58183,,exception
58184,,exception
58185,,exception
58186,,exception
58187,,exception
58188,,exception
58189,,exception
58190,,exception
58191,,exception
58192,,exception
58193,,exception
58194,,exception
58195,,exception
58196,,exception
58197,,exception
58198,,exception
58199,,exception
58200,,exception
58201,,exception
58202,,exception
58203,,exception
58204,,exception
58205,,exception
58206,,exception
58207,,exception
58208,,exception
58209,,exception
58210,,exception
58211,,exception
58212,,exception
58213,,exception
58214,,exception
58215,,exception
58216,,exception
58217,,exception
58218,,exception
58219,,exception
58220,,exception
58221,,exception
58222,,exception
58223,,exception
58224,,exception
58225,,exception
58226,,exception
58227,,exception
58228,,exception
58229,,exception
58230,,exception
58231,,exception
58232,,exception
58233,,exception
58234,,exception
58235,,exception
58236,,exception
58237,,exception
58238,,exception
58239,,exception
58240,,exception
58241,,exception
58242,,exception
58243,,exception
58244,,exception
58245,,exception
58246,,exception
58247,,exception
58248,,exception
58249,,exception
58250,,exception
58251,,exception
58252,,exception
58253,,exception
58254,,exception
58255,,exception
58256,,exception
58257,,exception
58258,,exception
58259,,exception
58260,,exception
58261,,exception
58262,,exception
58263,,exception
58264,,exception
58265,,exception
58266,,exception
58267,,exception
58268,,exception
58269,,exception
58270,,exception
58271,,exception
58272,,exception
58273,,exception
58274,,exception
58275,,exception
58276,,exception
58277,,exception
58278,,exception
58279,,exception
58280,,exception
58281,,exception
58282,,exception
58283,,exception
58284,,exception
58285,,exception
58286,,exception
58287,,exception
58288,,exception
58289,,exception
58290,,exception
58291,,exception
58292,,exception
58293,,exception
58294,,exception
58295,,exception
58296,,exception
58297,,exception
58298,,exception
58299,,exception
58300,,exception
58301,,exception
58302,,exception
58303,,exception
58304,,exception
58305,,exception
58306,,exception
58307,,exception
58308,,exception
58309,,exception
58310,,exception
58311,,exception
58312,,exception
58313,,exception
58314,,exception
58315,,exception
58316,,exception
58317,,exception
58318,,exception
58319,,exception
58320,,exception
58321,,exception
58322,,exception
58323,,exception
58324,,exception
58325,,exception
58326,,exception
58327,,exception
58328,,exception
58329,,exception
58330,,exception
58331,,exception
58332,,exception
58333,,exception
58334,,exception
58335,,exception
58336,,exception
58337,,exception
58338,,exception
58339,,exception
58340,,exception
58341,,exception
58342,,exception
58343,,exception
58344,,exception
58345,,exception
58346,,exception
58347,,exception
58348,,exception
58349,,exception
58350,,exception
58351,,exception
58352,,exception
58353,,exception
58354,,exception
58355,,exception
58356,,exception
58357,,exception
58358,,exception
58359,,exception
58360,,exception
58361,,exception
58362,,exception
58363,,exception
58364,,exception
58365,,exception
58366,,exception
58367,,exception
58368,,exception
58369,,exception
58370,,exception
58371,,exception
58372,,exception
58373,,exception
58374,,exception
58375,,exception
58376,,exception
58377,,exception
58378,,exception
58379,,exception
58380,,exception
58381,,exception
58382,,exception
58383,,exception
58384,,exception
58385,,exception
58386,,exception
58387,,exception
58388,,exception
58389,,exception
58390,,exception
58391,,exception
58392,,exception
58393,,exception
58394,,exception
58395,,exception
58396,,exception
58397,,exception
58398,,exception
58399,,exception
58400,,exception
58401,,exception
58402,,exception
58403,,exception
58404,,exception
58405,,exception
58406,,exception
58407,,exception
58408,,exception
58409,,exception
58410,,exception
58411,,exception
58412,,exception
58413,,exception
58414,,exception
58415,,exception
58416,,exception
58417,,exception
58418,,exception
58419,,exception
58420,,exception
58421,,exception
58422,,exception
58423,,exception
58424,,exception
58425,,exception
58426,,exception
58427,,exception
58428,,exception
58429,,exception
58430,,exception
58431,,exception
58432,,exception
58433,,exception
58434,,exception
58435,,exception
58436,,exception
58437,,exception
58438,,exception
58439,,exception
58440,,exception
58441,,exception
58442,,exception
58443,,exception
58444,,exception
58445,,exception
58446,,exception
58447,,exception
58448,,exception
58449,,exception
58450,,exception
58451,,exception
58452,,exception
58453,,exception
58454,,exception
58455,,exception
58456,,exception
58457,,exception
58458,,exception
58459,,exception
58460,,exception
58461,,exception
58462,,exception
58463,,exception
58464,,exception
58465,,exception
58466,,exception
58467,,exception
58468,,exception
58469,,exception
58470,,exception
58471,,exception
58472,,exception
58473,,exception
58474,,exception
58475,,exception
58476,,exception
58477,,exception
58478,,exception
58479,,exception
58480,,exception
58481,,exception
58482,,exception
58483,,exception
58484,,exception
58485,,exception
58486,,exception
58487,,exception
58488,,exception
58489,,exception
58490,,exception
58491,,exception
58492,,exception
58493,,exception
58494,,exception
58495,,exception
58496,,exception
58497,,exception
58498,,exception
58499,,exception
58500,,exception
58501,,exception
58502,,exception
58503,,exception
58504,,exception
58505,,exception
58506,,exception
58507,,exception
58508,,exception
58509,,exception
58510,,exception
58511,,exception
58512,,exception
58513,,exception
58514,,exception
58515,,exception
58516,,exception
58517,,exception
58518,,exception
58519,,exception
58520,,exception
58521,,exception
58522,,exception
58523,,exception
58524,,exception
58525,,exception
58526,,exception
58527,,exception
58528,,exception
58529,,exception
58530,,exception
58531,,exception
58532,,exception
58533,,exception
58534,,exception
58535,,exception
58536,,exception
58537,,exception
58538,,exception
58539,,exception
58540,,exception
58541,,exception
58542,,exception
58543,,exception
58544,,exception
58545,,exception
58546,,exception
58547,,exception
58548,,exception
58549,,exception
58550,,exception
58551,,exception
58552,,exception
58553,,exception
58554,,exception
58555,,exception
58556,,exception
58557,,exception
58558,,exception
58559,,exception
58560,,exception
58561,,exception
58562,,exception
58563,,exception
58564,,exception
58565,,exception
58566,,exception
58567,,exception
58568,,exception
58569,,exception
58570,,exception
58571,,exception
58572,,exception
58573,,exception
58574,,exception
58575,,exception
58576,,exception
58577,,exception
58578,,exception
58579,,exception
58580,,exception
58581,,exception
58582,,exception
58583,,exception
58584,,exception
58585,,exception
58586,,exception
58587,,exception
58588,,exception
58589,,exception
58590,,exception
58591,,exception
58592,,exception
58593,,exception
58594,,exception
58595,,exception
58596,,exception
58597,,exception
58598,,exception
58599,,exception
58600,,exception
58601,,exception
58602,,exception
58603,,exception
58604,,exception
58605,,exception
58606,,exception
58607,,exception
58608,,exception
58609,,exception
58610,,exception
58611,,exception
58612,,exception
58613,,exception
58614,,exception
58615,,exception
58616,,exception
58617,,exception
58618,,exception
58619,,exception
58620,,exception
58621,,exception
58622,,exception
58623,,exception
58624,,exception
58625,,exception
58626,,exception
58627,,exception
58628,,exception
58629,,exception
58630,,exception
58631,,exception
58632,,exception
58633,,exception
58634,,exception
58635,,exception
58636,,exception
58637,,exception
58638,,exception
58639,,exception
58640,,exception
58641,,exception
58642,,exception
58643,,exception
58644,,exception
58645,,exception
58646,,exception
58647,,exception
58648,,exception
58649,,exception
58650,,exception
58651,,exception
58652,,exception
58653,,exception
58654,,exception
58655,,exception
58656,,exception
58657,,exception
58658,,exception
58659,,exception
58660,,exception
58661,,exception
58662,,exception
58663,,exception
58664,,exception
58665,,exception
58666,,exception
58667,,exception
58668,,exception
58669,,exception
58670,,exception
58671,,exception
58672,,exception
58673,,exception
58674,,exception
58675,,exception
58676,,exception
58677,,exception
58678,,exception
58679,,exception
58680,,exception
58681,,exception
58682,,exception
58683,,exception
58684,,exception
58685,,exception
58686,,exception
58687,,exception
58688,,exception
58689,,exception
58690,,exception
58691,,exception
58692,,exception
58693,,exception
58694,,exception
58695,,exception
58696,,exception
58697,,exception
58698,,exception
58699,,exception
58700,,exception
58701,,exception
58702,,exception
58703,,exception
58704,,exception
58705,,exception
58706,,exception
58707,,exception
58708,,exception
58709,,exception
58710,,exception
58711,,exception
58712,,exception
58713,,exception
58714,,exception
58715,,exception
58716,,exception
58717,,exception
58718,,exception
58719,,exception
58720,,exception
58721,,exception
58722,,exception
58723,,exception
58724,,exception
58725,,exception
58726,,exception
58727,,exception
58728,,exception
58729,,exception
58730,,exception
58731,,exception
58732,,exception
58733,,exception
58734,,exception
58735,,exception
58736,,exception
58737,,exception
58738,,exception
58739,,exception
58740,,exception
58741,,exception
58742,,exception
58743,,exception
58744,,exception
58745,,exception
58746,,exception
58747,,exception
58748,,exception
58749,,exception
58750,,exception
58751,,exception
58752,,exception
58753,,exception
58754,,exception
58755,,exception
58756,,exception
58757,,exception
58758,,exception
58759,,exception
58760,,exception
58761,,exception
58762,,exception
58763,,exception
58764,,exception
58765,,exception
58766,,exception
58767,,exception
58768,,exception
58769,,exception
58770,,exception
58771,,exception
58772,,exception
58773,,exception
58774,,exception
58775,,exception
58776,,exception
58777,,exception
58778,,exception
58779,,exception
58780,,exception
58781,,exception
58782,,exception
58783,,exception
58784,,exception
58785,,exception
58786,,exception
58787,,exception
58788,,exception
58789,,exception
58790,,exception
58791,,exception
58792,,exception
58793,,exception
58794,,exception
58795,,exception
58796,,exception
58797,,exception
58798,,exception
58799,,exception
58800,,exception
58801,,exception
58802,,exception
58803,,exception
58804,,exception
58805,,exception
58806,,exception
58807,,exception
58808,,exception
58809,,exception
58810,,exception
58811,,exception
58812,,exception
58813,,exception
58814,,exception
58815,,exception
58816,,exception
58817,,exception
58818,,exception
58819,,exception
58820,,exception
58821,,exception
58822,,exception
58823,,exception
58824,,exception
58825,,exception
58826,,exception
58827,,exception
58828,,exception
58829,,exception
58830,,exception
58831,,exception
58832,,exception
58833,,exception
58834,,exception
58835,,exception
58836,,exception
58837,,exception
58838,,exception
58839,,exception
58840,,exception
58841,,exception
58842,,exception
58843,,exception
58844,,exception
58845,,exception
58846,,exception
58847,,exception
58848,,exception
58849,,exception
58850,,exception
58851,,exception
58852,,exception
58853,,exception
58854,,exception
58855,,exception
58856,,exception
58857,,exception
58858,,exception
58859,,exception
58860,,exception
58861,,exception
58862,,exception
58863,,exception
58864,,exception
58865,,exception
58866,,exception
58867,,exception
58868,,exception
58869,,exception
58870,,exception
58871,,exception
58872,,exception
58873,,exception
58874,,exception
58875,,exception
58876,,exception
58877,,exception
58878,,exception
58879,,exception
58880,,exception
58881,,exception
58882,,exception
58883,,exception
58884,,exception
58885,,exception
58886,,exception
58887,,exception
58888,,exception
58889,,exception
58890,,exception
58891,,exception
58892,,exception
58893,,exception
58894,,exception
58895,,exception
58896,,exception
58897,,exception
58898,,exception
58899,,exception
58900,,exception
58901,,exception
58902,,exception
58903,,exception
58904,,exception
58905,,exception
58906,,exception
58907,,exception
58908,,exception
58909,,exception
58910,,exception
58911,,exception
58912,,exception
58913,,exception
58914,,exception
58915,,exception
58916,,exception
58917,,exception
58918,,exception
58919,,exception
58920,,exception
58921,,exception
58922,,exception
58923,,exception
58924,,exception
58925,,exception
58926,,exception
58927,,exception
58928,,exception
58929,,exception
58930,,exception
58931,,exception
58932,,exception
58933,,exception
58934,,exception
58935,,exception
58936,,exception
58937,,exception
58938,,exception
58939,,exception
58940,,exception
58941,,exception
58942,,exception
58943,,exception
58944,,exception
58945,,exception
58946,,exception
58947,,exception
58948,,exception
58949,,exception
58950,,exception
58951,,exception
58952,,exception
58953,,exception
58954,,exception
58955,,exception
58956,,exception
58957,,exception
58958,,exception
58959,,exception
58960,,exception
58961,,exception
58962,,exception
58963,,exception
58964,,exception
58965,,exception
58966,,exception
58967,,exception
58968,,exception
58969,,exception
58970,,exception
58971,,exception
58972,,exception
58973,,exception
58974,,exception
58975,,exception
58976,,exception
58977,,exception
58978,,exception
58979,,exception
58980,,exception
58981,,exception
58982,,exception
58983,,exception
58984,,exception
58985,,exception
58986,,exception
58987,,exception
58988,,exception
58989,,exception
58990,,exception
58991,,exception
58992,,exception
58993,,exception
58994,,exception
58995,,exception
58996,,exception
58997,,exception
58998,,exception
58999,,exception
59000,,exception
59001,,exception
59002,,exception
59003,,exception
59004,,exception
59005,,exception
59006,,exception
59007,,exception
59008,,exception
59009,,exception
59010,,exception
59011,,exception
59012,,exception
59013,,exception
59014,,exception
59015,,exception
59016,,exception
59017,,exception
59018,,exception
59019,,exception
59020,,exception
59021,,exception
59022,,exception
59023,,exception
59024,,exception
59025,,exception
59026,,exception
59027,,exception
59028,,exception
59029,,exception
59030,,exception
59031,,exception
59032,,exception
59033,,exception
59034,,exception
59035,,exception
59036,,exception
59037,,exception
59038,,exception
59039,,exception
59040,,exception
59041,,exception
59042,,exception
59043,,exception
59044,,exception
59045,,exception
59046,,exception
59047,,exception
59048,,exception
59049,,exception
59050,,exception
59051,,exception
59052,,exception
59053,,exception
59054,,exception
59055,,exception
59056,,exception
59057,,exception
59058,,exception
59059,,exception
59060,,exception
59061,,exception
59062,,exception
59063,,exception
59064,,exception
59065,,exception
59066,,exception
59067,,exception
59068,,exception
59069,,exception
59070,,exception
59071,,exception
59072,,exception
59073,,exception
59074,,exception
59075,,exception
59076,,exception
59077,,exception
59078,,exception
59079,,exception
59080,,exception
59081,,exception
59082,,exception
59083,,exception
59084,,exception
59085,,exception
59086,,exception
59087,,exception
59088,,exception
59089,,exception
59090,,exception
59091,,exception
59092,,exception
59093,,exception
59094,,exception
59095,,exception
59096,,exception
59097,,exception
59098,,exception
59099,,exception
59100,,exception
59101,,exception
59102,,exception
59103,,exception
59104,,exception
59105,,exception
59106,,exception
59107,,exception
59108,,exception
59109,,exception
59110,,exception
59111,,exception
59112,,exception
59113,,exception
59114,,exception
59115,,exception
59116,,exception
59117,,exception
59118,,exception
59119,,exception
59120,,exception
59121,,exception
59122,,exception
59123,,exception
59124,,exception
59125,,exception
59126,,exception
59127,,exception
59128,,exception
59129,,exception
59130,,exception
59131,,exception
59132,,exception
59133,,exception
59134,,exception
59135,,exception
59136,,exception
59137,,exception
59138,,exception
59139,,exception
59140,,exception
59141,,exception
59142,,exception
59143,,exception
59144,,exception
59145,,exception
59146,,exception
59147,,exception
59148,,exception
59149,,exception
59150,,exception
59151,,exception
59152,,exception
59153,,exception
59154,,exception
59155,,exception
59156,,exception
59157,,exception
59158,,exception
59159,,exception
59160,,exception
59161,,exception
59162,,exception
59163,,exception
59164,,exception
59165,,exception
59166,,exception
59167,,exception
59168,,exception
59169,,exception
59170,,exception
59171,,exception
59172,,exception
59173,,exception
59174,,exception
59175,,exception
59176,,exception
59177,,exception
59178,,exception
59179,,exception
59180,,exception
59181,,exception
59182,,exception
59183,,exception
59184,,exception
59185,,exception
59186,,exception
59187,,exception
59188,,exception
59189,,exception
59190,,exception
59191,,exception
59192,,exception
59193,,exception
59194,,exception
59195,,exception
59196,,exception
59197,,exception
59198,,exception
59199,,exception
59200,,exception
59201,,exception
59202,,exception
59203,,exception
59204,,exception
59205,,exception
59206,,exception
59207,,exception
59208,,exception
59209,,exception
59210,,exception
59211,,exception
59212,,exception
59213,,exception
59214,,exception
59215,,exception
59216,,exception
59217,,exception
59218,,exception
59219,,exception
59220,,exception
59221,,exception
59222,,exception
59223,,exception
59224,,exception
59225,,exception
59226,,exception
59227,,exception
59228,,exception
59229,,exception
59230,,exception
59231,,exception
59232,,exception
59233,,exception
59234,,exception
59235,,exception
59236,,exception
59237,,exception
59238,,exception
59239,,exception
59240,,exception
59241,,exception
59242,,exception
59243,,exception
59244,,exception
59245,,exception
59246,,exception
59247,,exception
59248,,exception
59249,,exception
59250,,exception
59251,,exception
59252,,exception
59253,,exception
59254,,exception
59255,,exception
59256,,exception
59257,,exception
59258,,exception
59259,,exception
59260,,exception
59261,,exception
59262,,exception
59263,,exception
59264,,exception
59265,,exception
59266,,exception
59267,,exception
59268,,exception
59269,,exception
59270,,exception
59271,,exception
59272,,exception
59273,,exception
59274,,exception
59275,,exception
59276,,exception
59277,,exception
59278,,exception
59279,,exception
59280,,exception
59281,,exception
59282,,exception
59283,,exception
59284,,exception
59285,,exception
59286,,exception
59287,,exception
59288,,exception
59289,,exception
59290,,exception
59291,,exception
59292,,exception
59293,,exception
59294,,exception
59295,,exception
59296,,exception
59297,,exception
59298,,exception
59299,,exception
59300,,exception
59301,,exception
59302,,exception
59303,,exception
59304,,exception
59305,,exception
59306,,exception
59307,,exception
59308,,exception
59309,,exception
59310,,exception
59311,,exception
59312,,exception
59313,,exception
59314,,exception
59315,,exception
59316,,exception
59317,,exception
59318,,exception
59319,,exception
59320,,exception
59321,,exception
59322,,exception
59323,,exception
59324,,exception
59325,,exception
59326,,exception
59327,,exception
59328,,exception
59329,,exception
59330,,exception
59331,,exception
59332,,exception
59333,,exception
59334,,exception
59335,,exception
59336,,exception
59337,,exception
59338,,exception
59339,,exception
59340,,exception
59341,,exception
59342,,exception
59343,,exception
59344,,exception
59345,,exception
59346,,exception
59347,,exception
59348,,exception
59349,,exception
59350,,exception
59351,,exception
59352,,exception
59353,,exception
59354,,exception
59355,,exception
59356,,exception
59357,,exception
59358,,exception
59359,,exception
59360,,exception
59361,,exception
59362,,exception
59363,,exception
59364,,exception
59365,,exception
59366,,exception
59367,,exception
59368,,exception
59369,,exception
59370,,exception
59371,,exception
59372,,exception
59373,,exception
59374,,exception
59375,,exception
59376,,exception
59377,,exception
59378,,exception
59379,,exception
59380,,exception
59381,,exception
59382,,exception
59383,,exception
59384,,exception
59385,,exception
59386,,exception
59387,,exception
59388,,exception
59389,,exception
59390,,exception
59391,,exception
59392,,exception
59393,,exception
59394,,exception
59395,,exception
59396,,exception
59397,,exception
59398,,exception
59399,,exception
59400,,exception
59401,,exception
59402,,exception
59403,,exception
59404,,exception
59405,,exception
59406,,exception
59407,,exception
59408,,exception
59409,,exception
59410,,exception
59411,,exception
59412,,exception
59413,,exception
59414,,exception
59415,,exception
59416,,exception
59417,,exception
59418,,exception
59419,,exception
59420,,exception
59421,,exception
59422,,exception
59423,,exception
59424,,exception
59425,,exception
59426,,exception
59427,,exception
59428,,exception
59429,,exception
59430,,exception
59431,,exception
59432,,exception
59433,,exception
59434,,exception
59435,,exception
59436,,exception
59437,,exception
59438,,exception
59439,,exception
59440,,exception
59441,,exception
59442,,exception
59443,,exception
59444,,exception
59445,,exception
59446,,exception
59447,,exception
59448,,exception
59449,,exception
59450,,exception
59451,,exception
59452,,exception
59453,,exception
59454,,exception
59455,,exception
59456,,exception
59457,,exception
59458,,exception
59459,,exception
59460,,exception
59461,,exception
59462,,exception
59463,,exception
59464,,exception
59465,,exception
59466,,exception
59467,,exception
59468,,exception
59469,,exception
59470,,exception
59471,,exception
59472,,exception
59473,,exception
59474,,exception
59475,,exception
59476,,exception
59477,,exception
59478,,exception
59479,,exception
59480,,exception
59481,,exception
59482,,exception
59483,,exception
59484,,exception
59485,,exception
59486,,exception
59487,,exception
59488,,exception
59489,,exception
59490,,exception
59491,,exception
59492,,exception
59493,,exception
59494,,exception
59495,,exception
59496,,exception
59497,,exception
59498,,exception
59499,,exception
59500,,exception
59501,,exception
59502,,exception
59503,,exception
59504,,exception
59505,,exception
59506,,exception
59507,,exception
59508,,exception
59509,,exception
59510,,exception
59511,,exception
59512,,exception
59513,,exception
59514,,exception
59515,,exception
59516,,exception
59517,,exception
59518,,exception
59519,,exception
59520,,exception
59521,,exception
59522,,exception
59523,,exception
59524,,exception
59525,,exception
59526,,exception
59527,,exception
59528,,exception
59529,,exception
59530,,exception
59531,,exception
59532,,exception
59533,,exception
59534,,exception
59535,,exception
59536,,exception
59537,,exception
59538,,exception
59539,,exception
59540,,exception
59541,,exception
59542,,exception
59543,,exception
59544,,exception
59545,,exception
59546,,exception
59547,,exception
59548,,exception
59549,,exception
59550,,exception
59551,,exception
59552,,exception
59553,,exception
59554,,exception
59555,,exception
59556,,exception
59557,,exception
59558,,exception
59559,,exception
59560,,exception
59561,,exception
59562,,exception
59563,,exception
59564,,exception
59565,,exception
59566,,exception
59567,,exception
59568,,exception
59569,,exception
59570,,exception
59571,,exception
59572,,exception
59573,,exception
59574,,exception
59575,,exception
59576,,exception
59577,,exception
59578,,exception
59579,,exception
59580,,exception
59581,,exception
59582,,exception
59583,,exception
59584,,exception
59585,,exception
59586,,exception
59587,,exception
59588,,exception
59589,,exception
59590,,exception
59591,,exception
59592,,exception
59593,,exception
59594,,exception
59595,,exception
59596,,exception
59597,,exception
59598,,exception
59599,,exception
59600,,exception
59601,,exception
59602,,exception
59603,,exception
59604,,exception
59605,,exception
59606,,exception
59607,,exception
59608,,exception
59609,,exception
59610,,exception
59611,,exception
59612,,exception
59613,,exception
59614,,exception
59615,,exception
59616,,exception
59617,,exception
59618,,exception
59619,,exception
59620,,exception
59621,,exception
59622,,exception
59623,,exception
59624,,exception
59625,,exception
59626,,exception
59627,,exception
59628,,exception
59629,,exception
59630,,exception
59631,,exception
59632,,exception
59633,,exception
59634,,exception
59635,,exception
59636,,exception
59637,,exception
59638,,exception
59639,,exception
59640,,exception
59641,,exception
59642,,exception
59643,,exception
59644,,exception
59645,,exception
59646,,exception
59647,,exception
59648,,exception
59649,,exception
59650,,exception
59651,,exception
59652,,exception
59653,,exception
59654,,exception
59655,,exception
59656,,exception
59657,,exception
59658,,exception
59659,,exception
59660,,exception
59661,,exception
59662,,exception
59663,,exception
59664,,exception
59665,,exception
59666,,exception
59667,,exception
59668,,exception
59669,,exception
59670,,exception
59671,,exception
59672,,exception
59673,,exception
59674,,exception
59675,,exception
59676,,exception
59677,,exception
59678,,exception
59679,,exception
59680,,exception
59681,,exception
59682,,exception
59683,,exception
59684,,exception
59685,,exception
59686,,exception
59687,,exception
59688,,exception
59689,,exception
59690,,exception
59691,,exception
59692,,exception
59693,,exception
59694,,exception
59695,,exception
59696,,exception
59697,,exception
59698,,exception
59699,,exception
59700,,exception
59701,,exception
59702,,exception
59703,,exception
59704,,exception
59705,,exception
59706,,exception
59707,,exception
59708,,exception
59709,,exception
59710,,exception
59711,,exception
59712,,exception
59713,,exception
59714,,exception
59715,,exception
59716,,exception
59717,,exception
59718,,exception
59719,,exception
59720,,exception
59721,,exception
59722,,exception
59723,,exception
59724,,exception
59725,,exception
59726,,exception
59727,,exception
59728,,exception
59729,,exception
59730,,exception
59731,,exception
59732,,exception
59733,,exception
59734,,exception
59735,,exception
59736,,exception
59737,,exception
59738,,exception
59739,,exception
59740,,exception
59741,,exception
59742,,exception
59743,,exception
59744,,exception
59745,,exception
59746,,exception
59747,,exception
59748,,exception
59749,,exception
59750,,exception
59751,,exception
59752,,exception
59753,,exception
59754,,exception
59755,,exception
59756,,exception
59757,,exception
59758,,exception
59759,,exception
59760,,exception
59761,,exception
59762,,exception
59763,,exception
59764,,exception
59765,,exception
59766,,exception
59767,,exception
59768,,exception
59769,,exception
59770,,exception
59771,,exception
59772,,exception
59773,,exception
59774,,exception
59775,,exception
59776,,exception
59777,,exception
59778,,exception
59779,,exception
59780,,exception
59781,,exception
59782,,exception
59783,,exception
59784,,exception
59785,,exception
59786,,exception
59787,,exception
59788,,exception
59789,,exception
59790,,exception
59791,,exception
59792,,exception
59793,,exception
59794,,exception
59795,,exception
59796,,exception
59797,,exception
59798,,exception
59799,,exception
59800,,exception
59801,,exception
59802,,exception
59803,,exception
59804,,exception
59805,,exception
59806,,exception
59807,,exception
59808,,exception
59809,,exception
59810,,exception
59811,,exception
59812,,exception
59813,,exception
59814,,exception
59815,,exception
59816,,exception
59817,,exception
59818,,exception
59819,,exception
59820,,exception
59821,,exception
59822,,exception
59823,,exception
59824,,exception
59825,,exception
59826,,exception
59827,,exception
59828,,exception
59829,,exception
59830,,exception
59831,,exception
59832,,exception
59833,,exception
59834,,exception
59835,,exception
59836,,exception
59837,,exception
59838,,exception
59839,,exception
59840,,exception
59841,,exception
59842,,exception
59843,,exception
59844,,exception
59845,,exception
59846,,exception
59847,,exception
59848,,exception
59849,,exception
59850,,exception
59851,,exception
59852,,exception
59853,,exception
59854,,exception
59855,,exception
59856,,exception
59857,,exception
59858,,exception
59859,,exception
59860,,exception
59861,,exception
59862,,exception
59863,,exception
59864,,exception
59865,,exception
59866,,exception
59867,,exception
59868,,exception
59869,,exception
59870,,exception
59871,,exception
59872,,exception
59873,,exception
59874,,exception
59875,,exception
59876,,exception
59877,,exception
59878,,exception
59879,,exception
59880,,exception
59881,,exception
59882,,exception
59883,,exception
59884,,exception
59885,,exception
59886,,exception
59887,,exception
59888,,exception
59889,,exception
59890,,exception
59891,,exception
59892,,exception
59893,,exception
59894,,exception
59895,,exception
59896,,exception
59897,,exception
59898,,exception
59899,,exception
59900,,exception
59901,,exception
59902,,exception
59903,,exception
59904,,exception
59905,,exception
59906,,exception
59907,,exception
59908,,exception
59909,,exception
59910,,exception
59911,,exception
59912,,exception
59913,,exception
59914,,exception
59915,,exception
59916,,exception
59917,,exception
59918,,exception
59919,,exception
59920,,exception
59921,,exception
59922,,exception
59923,,exception
59924,,exception
59925,,exception
59926,,exception
59927,,exception
59928,,exception
59929,,exception
59930,,exception
59931,,exception
59932,,exception
59933,,exception
59934,,exception
59935,,exception
59936,,exception
59937,,exception
59938,,exception
59939,,exception
59940,,exception
59941,,exception
59942,,exception
59943,,exception
59944,,exception
59945,,exception
59946,,exception
59947,,exception
59948,,exception
59949,,exception
59950,,exception
59951,,exception
59952,,exception
59953,,exception
59954,,exception
59955,,exception
59956,,exception
59957,,exception
59958,,exception
59959,,exception
59960,,exception
59961,,exception
59962,,exception
59963,,exception
59964,,exception
59965,,exception
59966,,exception
59967,,exception
59968,,exception
59969,,exception
59970,,exception
59971,,exception
59972,,exception
59973,,exception
59974,,exception
59975,,exception
59976,,exception
59977,,exception
59978,,exception
59979,,exception
59980,,exception
59981,,exception
59982,,exception
59983,,exception
59984,,exception
59985,,exception
59986,,exception
59987,,exception
59988,,exception
59989,,exception
59990,,exception
59991,,exception
59992,,exception
59993,,exception
59994,,exception
59995,,exception
59996,,exception
59997,,exception
59998,,exception
59999,,exception
60000,,exception
60001,,exception
60002,,exception
60003,,exception
60004,,exception
60005,,exception
60006,,exception
60007,,exception
60008,,exception
60009,,exception
60010,,exception
60011,,exception
60012,,exception
60013,,exception
60014,,exception
60015,,exception
60016,,exception
60017,,exception
60018,,exception
60019,,exception
60020,,exception
60021,,exception
60022,,exception
60023,,exception
60024,,exception
60025,,exception
60026,,exception
60027,,exception
60028,,exception
60029,,exception
60030,,exception
60031,,exception
60032,,exception
60033,,exception
60034,,exception
60035,,exception
60036,,exception
60037,,exception
60038,,exception
60039,,exception
60040,,exception
60041,,exception
60042,,exception
60043,,exception
60044,,exception
60045,,exception
60046,,exception
60047,,exception
60048,,exception
60049,,exception
60050,,exception
60051,,exception
60052,,exception
60053,,exception
60054,,exception
60055,,exception
60056,,exception
60057,,exception
60058,,exception
60059,,exception
60060,,exception
60061,,exception
60062,,exception
60063,,exception
60064,,exception
60065,,exception
60066,,exception
60067,,exception
60068,,exception
60069,,exception
60070,,exception
60071,,exception
60072,,exception
60073,,exception
60074,,exception
60075,,exception
60076,,exception
60077,,exception
60078,,exception
60079,,exception
60080,,exception
60081,,exception
60082,,exception
60083,,exception
60084,,exception
60085,,exception
60086,,exception
60087,,exception
60088,,exception
60089,,exception
60090,,exception
60091,,exception
60092,,exception
60093,,exception
60094,,exception
60095,,exception
60096,,exception
60097,,exception
60098,,exception
60099,,exception
60100,,exception
60101,,exception
60102,,exception
60103,,exception
60104,,exception
60105,,exception
60106,,exception
60107,,exception
60108,,exception
60109,,exception
60110,,exception
60111,,exception
60112,,exception
60113,,exception
60114,,exception
60115,,exception
60116,,exception
60117,,exception
60118,,exception
60119,,exception
60120,,exception
60121,,exception
60122,,exception
60123,,exception
60124,,exception
60125,,exception
60126,,exception
60127,,exception
60128,,exception
60129,,exception
60130,,exception
60131,,exception
60132,,exception
60133,,exception
60134,,exception
60135,,exception
60136,,exception
60137,,exception
60138,,exception
60139,,exception
60140,,exception
60141,,exception
60142,,exception
60143,,exception
60144,,exception
60145,,exception
60146,,exception
60147,,exception
60148,,exception
60149,,exception
60150,,exception
60151,,exception
60152,,exception
60153,,exception
60154,,exception
60155,,exception
60156,,exception
60157,,exception
60158,,exception
60159,,exception
60160,,exception
60161,,exception
60162,,exception
60163,,exception
60164,,exception
60165,,exception
60166,,exception
60167,,exception
60168,,exception
60169,,exception
60170,,exception
60171,,exception
60172,,exception
60173,,exception
60174,,exception
60175,,exception
60176,,exception
60177,,exception
60178,,exception
60179,,exception
60180,,exception
60181,,exception
60182,,exception
60183,,exception
60184,,exception
60185,,exception
60186,,exception
60187,,exception
60188,,exception
60189,,exception
60190,,exception
60191,,exception
60192,,exception
60193,,exception
60194,,exception
60195,,exception
60196,,exception
60197,,exception
60198,,exception
60199,,exception
60200,,exception
60201,,exception
60202,,exception
60203,,exception
60204,,exception
60205,,exception
60206,,exception
60207,,exception
60208,,exception
60209,,exception
60210,,exception
60211,,exception
60212,,exception
60213,,exception
60214,,exception
60215,,exception
60216,,exception
60217,,exception
60218,,exception
60219,,exception
60220,,exception
60221,,exception
60222,,exception
60223,,exception
60224,,exception
60225,,exception
60226,,exception
60227,,exception
60228,,exception
60229,,exception
60230,,exception
60231,,exception
60232,,exception
60233,,exception
60234,,exception
60235,,exception
60236,,exception
60237,,exception
60238,,exception
60239,,exception
60240,,exception
60241,,exception
60242,,exception
60243,,exception
60244,,exception
60245,,exception
60246,,exception
60247,,exception
60248,,exception
60249,,exception
60250,,exception
60251,,exception
60252,,exception
60253,,exception
60254,,exception
60255,,exception
60256,,exception
60257,,exception
60258,,exception
60259,,exception
60260,,exception
60261,,exception
60262,,exception
60263,,exception
60264,,exception
60265,,exception
60266,,exception
60267,,exception
60268,,exception
60269,,exception
60270,,exception
60271,,exception
60272,,exception
60273,,exception
60274,,exception
60275,,exception
60276,,exception
60277,,exception
60278,,exception
60279,,exception
60280,,exception
60281,,exception
60282,,exception
60283,,exception
60284,,exception
60285,,exception
60286,,exception
60287,,exception
60288,,exception
60289,,exception
60290,,exception
60291,,exception
60292,,exception
60293,,exception
60294,,exception
60295,,exception
60296,,exception
60297,,exception
60298,,exception
60299,,exception
60300,,exception
60301,,exception
60302,,exception
60303,,exception
60304,,exception
60305,,exception
60306,,exception
60307,,exception
60308,,exception
60309,,exception
60310,,exception
60311,,exception
60312,,exception
60313,,exception
60314,,exception
60315,,exception
60316,,exception
60317,,exception
60318,,exception
60319,,exception
60320,,exception
60321,,exception
60322,,exception
60323,,exception
60324,,exception
60325,,exception
60326,,exception
60327,,exception
60328,,exception
60329,,exception
60330,,exception
60331,,exception
60332,,exception
60333,,exception
60334,,exception
60335,,exception
60336,,exception
60337,,exception
60338,,exception
60339,,exception
60340,,exception
60341,,exception
60342,,exception
60343,,exception
60344,,exception
60345,,exception
60346,,exception
60347,,exception
60348,,exception
60349,,exception
60350,,exception
60351,,exception
60352,,exception
60353,,exception
60354,,exception
60355,,exception
60356,,exception
60357,,exception
60358,,exception
60359,,exception
60360,,exception
60361,,exception
60362,,exception
60363,,exception
60364,,exception
60365,,exception
60366,,exception
60367,,exception
60368,,exception
60369,,exception
60370,,exception
60371,,exception
60372,,exception
60373,,exception
60374,,exception
60375,,exception
60376,,exception
60377,,exception
60378,,exception
60379,,exception
60380,,exception
60381,,exception
60382,,exception
60383,,exception
60384,,exception
60385,,exception
60386,,exception
60387,,exception
60388,,exception
60389,,exception
60390,,exception
60391,,exception
60392,,exception
60393,,exception
60394,,exception
60395,,exception
60396,,exception
60397,,exception
60398,,exception
60399,,exception
60400,,exception
60401,,exception
60402,,exception
60403,,exception
60404,,exception
60405,,exception
60406,,exception
60407,,exception
60408,,exception
60409,,exception
60410,,exception
60411,,exception
60412,,exception
60413,,exception
60414,,exception
60415,,exception
60416,,exception
60417,,exception
60418,,exception
60419,,exception
60420,,exception
60421,,exception
60422,,exception
60423,,exception
60424,,exception
60425,,exception
60426,,exception
60427,,exception
60428,,exception
60429,,exception
60430,,exception
60431,,exception
60432,,exception
60433,,exception
60434,,exception
60435,,exception
60436,,exception
60437,,exception
60438,,exception
60439,,exception
60440,,exception
60441,,exception
60442,,exception
60443,,exception
60444,,exception
60445,,exception
60446,,exception
60447,,exception
60448,,exception
60449,,exception
60450,,exception
60451,,exception
60452,,exception
60453,,exception
60454,,exception
60455,,exception
60456,,exception
60457,,exception
60458,,exception
60459,,exception
60460,,exception
60461,,exception
60462,,exception
60463,,exception
60464,,exception
60465,,exception
60466,,exception
60467,,exception
60468,,exception
60469,,exception
60470,,exception
60471,,exception
60472,,exception
60473,,exception
60474,,exception
60475,,exception
60476,,exception
60477,,exception
60478,,exception
60479,,exception
60480,,exception
60481,,exception
60482,,exception
60483,,exception
60484,,exception
60485,,exception
60486,,exception
60487,,exception
60488,,exception
60489,,exception
60490,,exception
60491,,exception
60492,,exception
60493,,exception
60494,,exception
60495,,exception
60496,,exception
60497,,exception
60498,,exception
60499,,exception
60500,,exception
60501,,exception
60502,,exception
60503,,exception
60504,,exception
60505,,exception
60506,,exception
60507,,exception
60508,,exception
60509,,exception
60510,,exception
60511,,exception
60512,,exception
60513,,exception
60514,,exception
60515,,exception
60516,,exception
60517,,exception
60518,,exception
60519,,exception
60520,,exception
60521,,exception
60522,,exception
60523,,exception
60524,,exception
60525,,exception
60526,,exception
60527,,exception
60528,,exception
60529,,exception
60530,,exception
60531,,exception
60532,,exception
60533,,exception
60534,,exception
60535,,exception
60536,,exception
60537,,exception
60538,,exception
60539,,exception
60540,,exception
60541,,exception
60542,,exception
60543,,exception
60544,,exception
60545,,exception
60546,,exception
60547,,exception
60548,,exception
60549,,exception
60550,,exception
60551,,exception
60552,,exception
60553,,exception
60554,,exception
60555,,exception
60556,,exception
60557,,exception
60558,,exception
60559,,exception
60560,,exception
60561,,exception
60562,,exception
60563,,exception
60564,,exception
60565,,exception
60566,,exception
60567,,exception
60568,,exception
60569,,exception
60570,,exception
60571,,exception
60572,,exception
60573,,exception
60574,,exception
60575,,exception
60576,,exception
60577,,exception
60578,,exception
60579,,exception
60580,,exception
60581,,exception
60582,,exception
60583,,exception
60584,,exception
60585,,exception
60586,,exception
60587,,exception
60588,,exception
60589,,exception
60590,,exception
60591,,exception
60592,,exception
60593,,exception
60594,,exception
60595,,exception
60596,,exception
60597,,exception
60598,,exception
60599,,exception
60600,,exception
60601,,exception
60602,,exception
60603,,exception
60604,,exception
60605,,exception
60606,,exception
60607,,exception
60608,,exception
60609,,exception
60610,,exception
60611,,exception
60612,,exception
60613,,exception
60614,,exception
60615,,exception
60616,,exception
60617,,exception
60618,,exception
60619,,exception
60620,,exception
60621,,exception
60622,,exception
60623,,exception
60624,,exception
60625,,exception
60626,,exception
60627,,exception
60628,,exception
60629,,exception
60630,,exception
60631,,exception
60632,,exception
60633,,exception
60634,,exception
60635,,exception
60636,,exception
60637,,exception
60638,,exception
60639,,exception
60640,,exception
60641,,exception
60642,,exception
60643,,exception
60644,,exception
60645,,exception
60646,,exception
60647,,exception
60648,,exception
60649,,exception
60650,,exception
60651,,exception
60652,,exception
60653,,exception
60654,,exception
60655,,exception
60656,,exception
60657,,exception
60658,,exception
60659,,exception
60660,,exception
60661,,exception
60662,,exception
60663,,exception
60664,,exception
60665,,exception
60666,,exception
60667,,exception
60668,,exception
60669,,exception
60670,,exception
60671,,exception
60672,,exception
60673,,exception
60674,,exception
60675,,exception
60676,,exception
60677,,exception
60678,,exception
60679,,exception
60680,,exception
60681,,exception
60682,,exception
60683,,exception
60684,,exception
60685,,exception
60686,,exception
60687,,exception
60688,,exception
60689,,exception
60690,,exception
60691,,exception
60692,,exception
60693,,exception
60694,,exception
60695,,exception
60696,,exception
60697,,exception
60698,,exception
60699,,exception
60700,,exception
60701,,exception
60702,,exception
60703,,exception
60704,,exception
60705,,exception
60706,,exception
60707,,exception
60708,,exception
60709,,exception
60710,,exception
60711,,exception
60712,,exception
60713,,exception
60714,,exception
60715,,exception
60716,,exception
60717,,exception
60718,,exception
60719,,exception
60720,,exception
60721,,exception
60722,,exception
60723,,exception
60724,,exception
60725,,exception
60726,,exception
60727,,exception
60728,,exception
60729,,exception
60730,,exception
60731,,exception
60732,,exception
60733,,exception
60734,,exception
60735,,exception
60736,,exception
60737,,exception
60738,,exception
60739,,exception
60740,,exception
60741,,exception
60742,,exception
60743,,exception
60744,,exception
60745,,exception
60746,,exception
60747,,exception
60748,,exception
60749,,exception
60750,,exception
60751,,exception
60752,,exception
60753,,exception
60754,,exception
60755,,exception
60756,,exception
60757,,exception
60758,,exception
60759,,exception
60760,,exception
60761,,exception
60762,,exception
60763,,exception
60764,,exception
60765,,exception
60766,,exception
60767,,exception
60768,,exception
60769,,exception
60770,,exception
60771,,exception
60772,,exception
60773,,exception
60774,,exception
60775,,exception
60776,,exception
60777,,exception
60778,,exception
60779,,exception
60780,,exception
60781,,exception
60782,,exception
60783,,exception
60784,,exception
60785,,exception
60786,,exception
60787,,exception
60788,,exception
60789,,exception
60790,,exception
60791,,exception
60792,,exception
60793,,exception
60794,,exception
60795,,exception
60796,,exception
60797,,exception
60798,,exception
60799,,exception
60800,,exception
60801,,exception
60802,,exception
60803,,exception
60804,,exception
60805,,exception
60806,,exception
60807,,exception
60808,,exception
60809,,exception
60810,,exception
60811,,exception
60812,,exception
60813,,exception
60814,,exception
60815,,exception
60816,,exception
60817,,exception
60818,,exception
60819,,exception
60820,,exception
60821,,exception
60822,,exception
60823,,exception
60824,,exception
60825,,exception
60826,,exception
60827,,exception
60828,,exception
60829,,exception
60830,,exception
60831,,exception
60832,,exception
60833,,exception
60834,,exception
60835,,exception
60836,,exception
60837,,exception
60838,,exception
60839,,exception
60840,,exception
60841,,exception
60842,,exception
60843,,exception
60844,,exception
60845,,exception
60846,,exception
60847,,exception
60848,,exception
60849,,exception
60850,,exception
60851,,exception
60852,,exception
60853,,exception
60854,,exception
60855,,exception
60856,,exception
60857,,exception
60858,,exception
60859,,exception
60860,,exception
60861,,exception
60862,,exception
60863,,exception
60864,,exception
60865,,exception
60866,,exception
60867,,exception
60868,,exception
60869,,exception
60870,,exception
60871,,exception
60872,,exception
60873,,exception
60874,,exception
60875,,exception
60876,,exception
60877,,exception
60878,,exception
60879,,exception
60880,,exception
60881,,exception
60882,,exception
60883,,exception
60884,,exception
60885,,exception
60886,,exception
60887,,exception
60888,,exception
60889,,exception
60890,,exception
60891,,exception
60892,,exception
60893,,exception
60894,,exception
60895,,exception
60896,,exception
60897,,exception
60898,,exception
60899,,exception
60900,,exception
60901,,exception
60902,,exception
60903,,exception
60904,,exception
60905,,exception
60906,,exception
60907,,exception
60908,,exception
60909,,exception
60910,,exception
60911,,exception
60912,,exception
60913,,exception
60914,,exception
60915,,exception
60916,,exception
60917,,exception
60918,,exception
60919,,exception
60920,,exception
60921,,exception
60922,,exception
60923,,exception
60924,,exception
60925,,exception
60926,,exception
60927,,exception
60928,,exception
60929,,exception
60930,,exception
60931,,exception
60932,,exception
60933,,exception
60934,,exception
60935,,exception
60936,,exception
60937,,exception
60938,,exception
60939,,exception
60940,,exception
60941,,exception
60942,,exception
60943,,exception
60944,,exception
60945,,exception
60946,,exception
60947,,exception
60948,,exception
60949,,exception
60950,,exception
60951,,exception
60952,,exception
60953,,exception
60954,,exception
60955,,exception
60956,,exception
60957,,exception
60958,,exception
60959,,exception
60960,,exception
60961,,exception
60962,,exception
60963,,exception
60964,,exception
60965,,exception
60966,,exception
60967,,exception
60968,,exception
60969,,exception
60970,,exception
60971,,exception
60972,,exception
60973,,exception
60974,,exception
60975,,exception
60976,,exception
60977,,exception
60978,,exception
60979,,exception
60980,,exception
60981,,exception
60982,,exception
60983,,exception
60984,,exception
60985,,exception
60986,,exception
60987,,exception
60988,,exception
60989,,exception
60990,,exception
60991,,exception
60992,,exception
60993,,exception
60994,,exception
60995,,exception
60996,,exception
60997,,exception
60998,,exception
60999,,exception
61000,,exception
61001,,exception
61002,,exception
61003,,exception
61004,,exception
61005,,exception
61006,,exception
61007,,exception
61008,,exception
61009,,exception
61010,,exception
61011,,exception
61012,,exception
61013,,exception
61014,,exception
61015,,exception
61016,,exception
61017,,exception
61018,,exception
61019,,exception
61020,,exception
61021,,exception
61022,,exception
61023,,exception
61024,,exception
61025,,exception
61026,,exception
61027,,exception
61028,,exception
61029,,exception
61030,,exception
61031,,exception
61032,,exception
61033,,exception
61034,,exception
61035,,exception
61036,,exception
61037,,exception
61038,,exception
61039,,exception
61040,,exception
61041,,exception
61042,,exception
61043,,exception
61044,,exception
61045,,exception
61046,,exception
61047,,exception
61048,,exception
61049,,exception
61050,,exception
61051,,exception
61052,,exception
61053,,exception
61054,,exception
61055,,exception
61056,,exception
61057,,exception
61058,,exception
61059,,exception
61060,,exception
61061,,exception
61062,,exception
61063,,exception
61064,,exception
61065,,exception
61066,,exception
61067,,exception
61068,,exception
61069,,exception
61070,,exception
61071,,exception
61072,,exception
61073,,exception
61074,,exception
61075,,exception
61076,,exception
61077,,exception
61078,,exception
61079,,exception
61080,,exception
61081,,exception
61082,,exception
61083,,exception
61084,,exception
61085,,exception
61086,,exception
61087,,exception
61088,,exception
61089,,exception
61090,,exception
61091,,exception
61092,,exception
61093,,exception
61094,,exception
61095,,exception
61096,,exception
61097,,exception
61098,,exception
61099,,exception
61100,,exception
61101,,exception
61102,,exception
61103,,exception
61104,,exception
61105,,exception
61106,,exception
61107,,exception
61108,,exception
61109,,exception
61110,,exception
61111,,exception
61112,,exception
61113,,exception
61114,,exception
61115,,exception
61116,,exception
61117,,exception
61118,,exception
61119,,exception
61120,,exception
61121,,exception
61122,,exception
61123,,exception
61124,,exception
61125,,exception
61126,,exception
61127,,exception
61128,,exception
61129,,exception
61130,,exception
61131,,exception
61132,,exception
61133,,exception
61134,,exception
61135,,exception
61136,,exception
61137,,exception
61138,,exception
61139,,exception
61140,,exception
61141,,exception
61142,,exception
61143,,exception
61144,,exception
61145,,exception
61146,,exception
61147,,exception
61148,,exception
61149,,exception
61150,,exception
61151,,exception
61152,,exception
61153,,exception
61154,,exception
61155,,exception
61156,,exception
61157,,exception
61158,,exception
61159,,exception
61160,,exception
61161,,exception
61162,,exception
61163,,exception
61164,,exception
61165,,exception
61166,,exception
61167,,exception
61168,,exception
61169,,exception
61170,,exception
61171,,exception
61172,,exception
61173,,exception
61174,,exception
61175,,exception
61176,,exception
61177,,exception
61178,,exception
61179,,exception
61180,,exception
61181,,exception
61182,,exception
61183,,exception
61184,,exception
61185,,exception
61186,,exception
61187,,exception
61188,,exception
61189,,exception
61190,,exception
61191,,exception
61192,,exception
61193,,exception
61194,,exception
61195,,exception
61196,,exception
61197,,exception
61198,,exception
61199,,exception
61200,,exception
61201,,exception
61202,,exception
61203,,exception
61204,,exception
61205,,exception
61206,,exception
61207,,exception
61208,,exception
61209,,exception
61210,,exception
61211,,exception
61212,,exception
61213,,exception
61214,,exception
61215,,exception
61216,,exception
61217,,exception
61218,,exception
61219,,exception
61220,,exception
61221,,exception
61222,,exception
61223,,exception
61224,,exception
61225,,exception
61226,,exception
61227,,exception
61228,,exception
61229,,exception
61230,,exception
61231,,exception
61232,,exception
61233,,exception
61234,,exception
61235,,exception
61236,,exception
61237,,exception
61238,,exception
61239,,exception
61240,,exception
61241,,exception
61242,,exception
61243,,exception
61244,,exception
61245,,exception
61246,,exception
61247,,exception
61248,,exception
61249,,exception
61250,,exception
61251,,exception
61252,,exception
61253,,exception
61254,,exception
61255,,exception
61256,,exception
61257,,exception
61258,,exception
61259,,exception
61260,,exception
61261,,exception
61262,,exception
61263,,exception
61264,,exception
61265,,exception
61266,,exception
61267,,exception
61268,,exception
61269,,exception
61270,,exception
61271,,exception
61272,,exception
61273,,exception
61274,,exception
61275,,exception
61276,,exception
61277,,exception
61278,,exception
61279,,exception
61280,,exception
61281,,exception
61282,,exception
61283,,exception
61284,,exception
61285,,exception
61286,,exception
61287,,exception
61288,,exception
61289,,exception
61290,,exception
61291,,exception
61292,,exception
61293,,exception
61294,,exception
61295,,exception
61296,,exception
61297,,exception
61298,,exception
61299,,exception
61300,,exception
61301,,exception
61302,,exception
61303,,exception
61304,,exception
61305,,exception
61306,,exception
61307,,exception
61308,,exception
61309,,exception
61310,,exception
61311,,exception
61312,,exception
61313,,exception
61314,,exception
61315,,exception
61316,,exception
61317,,exception
61318,,exception
61319,,exception
61320,,exception
61321,,exception
61322,,exception
61323,,exception
61324,,exception
61325,,exception
61326,,exception
61327,,exception
61328,,exception
61329,,exception
61330,,exception
61331,,exception
61332,,exception
61333,,exception
61334,,exception
61335,,exception
61336,,exception
61337,,exception
61338,,exception
61339,,exception
61340,,exception
61341,,exception
61342,,exception
61343,,exception
61344,,exception
61345,,exception
61346,,exception
61347,,exception
61348,,exception
61349,,exception
61350,,exception
61351,,exception
61352,,exception
61353,,exception
61354,,exception
61355,,exception
61356,,exception
61357,,exception
61358,,exception
61359,,exception
61360,,exception
61361,,exception
61362,,exception
61363,,exception
61364,,exception
61365,,exception
61366,,exception
61367,,exception
61368,,exception
61369,,exception
61370,,exception
61371,,exception
61372,,exception
61373,,exception
61374,,exception
61375,,exception
61376,,exception
61377,,exception
61378,,exception
61379,,exception
61380,,exception
61381,,exception
61382,,exception
61383,,exception
61384,,exception
61385,,exception
61386,,exception
61387,,exception
61388,,exception
61389,,exception
61390,,exception
61391,,exception
61392,,exception
61393,,exception
61394,,exception
61395,,exception
61396,,exception
61397,,exception
61398,,exception
61399,,exception
61400,,exception
61401,,exception
61402,,exception
61403,,exception
61404,,exception
61405,,exception
61406,,exception
61407,,exception
61408,,exception
61409,,exception
61410,,exception
61411,,exception
61412,,exception
61413,,exception
61414,,exception
61415,,exception
61416,,exception
61417,,exception
61418,,exception
61419,,exception
61420,,exception
61421,,exception
61422,,exception
61423,,exception
61424,,exception
61425,,exception
61426,,exception
61427,,exception
61428,,exception
61429,,exception
61430,,exception
61431,,exception
61432,,exception
61433,,exception
61434,,exception
61435,,exception
61436,,exception
61437,,exception
61438,,exception
61439,,exception
61440,,exception
61441,,exception
61442,,exception
61443,,exception
61444,,exception
61445,,exception
61446,,exception
61447,,exception
61448,,exception
61449,,exception
61450,,exception
61451,,exception
61452,,exception
61453,,exception
61454,,exception
61455,,exception
61456,,exception
61457,,exception
61458,,exception
61459,,exception
61460,,exception
61461,,exception
61462,,exception
61463,,exception
61464,,exception
61465,,exception
61466,,exception
61467,,exception
61468,,exception
61469,,exception
61470,,exception
61471,,exception
61472,,exception
61473,,exception
61474,,exception
61475,,exception
61476,,exception
61477,,exception
61478,,exception
61479,,exception
61480,,exception
61481,,exception
61482,,exception
61483,,exception
61484,,exception
61485,,exception
61486,,exception
61487,,exception
61488,,exception
61489,,exception
61490,,exception
61491,,exception
61492,,exception
61493,,exception
61494,,exception
61495,,exception
61496,,exception
61497,,exception
61498,,exception
61499,,exception
61500,,exception
61501,,exception
61502,,exception
61503,,exception
61504,,exception
61505,,exception
61506,,exception
61507,,exception
61508,,exception
61509,,exception
61510,,exception
61511,,exception
61512,,exception
61513,,exception
61514,,exception
61515,,exception
61516,,exception
61517,,exception
61518,,exception
61519,,exception
61520,,exception
61521,,exception
61522,,exception
61523,,exception
61524,,exception
61525,,exception
61526,,exception
61527,,exception
61528,,exception
61529,,exception
61530,,exception
61531,,exception
61532,,exception
61533,,exception
61534,,exception
61535,,exception
61536,,exception
61537,,exception
61538,,exception
61539,,exception
61540,,exception
61541,,exception
61542,,exception
61543,,exception
61544,,exception
61545,,exception
61546,,exception
61547,,exception
61548,,exception
61549,,exception
61550,,exception
61551,,exception
61552,,exception
61553,,exception
61554,,exception
61555,,exception
61556,,exception
61557,,exception
61558,,exception
61559,,exception
61560,,exception
61561,,exception
61562,,exception
61563,,exception
61564,,exception
61565,,exception
61566,,exception
61567,,exception
61568,,exception
61569,,exception
61570,,exception
61571,,exception
61572,,exception
61573,,exception
61574,,exception
61575,,exception
61576,,exception
61577,,exception
61578,,exception
61579,,exception
61580,,exception
61581,,exception
61582,,exception
61583,,exception
61584,,exception
61585,,exception
61586,,exception
61587,,exception
61588,,exception
61589,,exception
61590,,exception
61591,,exception
61592,,exception
61593,,exception
61594,,exception
61595,,exception
61596,,exception
61597,,exception
61598,,exception
61599,,exception
61600,,exception
61601,,exception
61602,,exception
61603,,exception
61604,,exception
61605,,exception
61606,,exception
61607,,exception
61608,,exception
61609,,exception
61610,,exception
61611,,exception
61612,,exception
61613,,exception
61614,,exception
61615,,exception
61616,,exception
61617,,exception
61618,,exception
61619,,exception
61620,,exception
61621,,exception
61622,,exception
61623,,exception
61624,,exception
61625,,exception
61626,,exception
61627,,exception
61628,,exception
61629,,exception
61630,,exception
61631,,exception
61632,,exception
61633,,exception
61634,,exception
61635,,exception
61636,,exception
61637,,exception
61638,,exception
61639,,exception
61640,,exception
61641,,exception
61642,,exception
61643,,exception
61644,,exception
61645,,exception
61646,,exception
61647,,exception
61648,,exception
61649,,exception
61650,,exception
61651,,exception
61652,,exception
61653,,exception
61654,,exception
61655,,exception
61656,,exception
61657,,exception
61658,,exception
61659,,exception
61660,,exception
61661,,exception
61662,,exception
61663,,exception
61664,,exception
61665,,exception
61666,,exception
61667,,exception
61668,,exception
61669,,exception
61670,,exception
61671,,exception
61672,,exception
61673,,exception
61674,,exception
61675,,exception
61676,,exception
61677,,exception
61678,,exception
61679,,exception
61680,,exception
61681,,exception
61682,,exception
61683,,exception
61684,,exception
61685,,exception
61686,,exception
61687,,exception
61688,,exception
61689,,exception
61690,,exception
61691,,exception
61692,,exception
61693,,exception
61694,,exception
61695,,exception
61696,,exception
61697,,exception
61698,,exception
61699,,exception
61700,,exception
61701,,exception
61702,,exception
61703,,exception
61704,,exception
61705,,exception
61706,,exception
61707,,exception
61708,,exception
61709,,exception
61710,,exception
61711,,exception
61712,,exception
61713,,exception
61714,,exception
61715,,exception
61716,,exception
61717,,exception
61718,,exception
61719,,exception
61720,,exception
61721,,exception
61722,,exception
61723,,exception
61724,,exception
61725,,exception
61726,,exception
61727,,exception
61728,,exception
61729,,exception
61730,,exception
61731,,exception
61732,,exception
61733,,exception
61734,,exception
61735,,exception
61736,,exception
61737,,exception
61738,,exception
61739,,exception
61740,,exception
61741,,exception
61742,,exception
61743,,exception
61744,,exception
61745,,exception
61746,,exception
61747,,exception
61748,,exception
61749,,exception
61750,,exception
61751,,exception
61752,,exception
61753,,exception
61754,,exception
61755,,exception
61756,,exception
61757,,exception
61758,,exception
61759,,exception
61760,,exception
61761,,exception
61762,,exception
61763,,exception
61764,,exception
61765,,exception
61766,,exception
61767,,exception
61768,,exception
61769,,exception
61770,,exception
61771,,exception
61772,,exception
61773,,exception
61774,,exception
61775,,exception
61776,,exception
61777,,exception
61778,,exception
61779,,exception
61780,,exception
61781,,exception
61782,,exception
61783,,exception
61784,,exception
61785,,exception
61786,,exception
61787,,exception
61788,,exception
61789,,exception
61790,,exception
61791,,exception
61792,,exception
61793,,exception
61794,,exception
61795,,exception
61796,,exception
61797,,exception
61798,,exception
61799,,exception
61800,,exception
61801,,exception
61802,,exception
61803,,exception
61804,,exception
61805,,exception
61806,,exception
61807,,exception
61808,,exception
61809,,exception
61810,,exception
61811,,exception
61812,,exception
61813,,exception
61814,,exception
61815,,exception
61816,,exception
61817,,exception
61818,,exception
61819,,exception
61820,,exception
61821,,exception
61822,,exception
61823,,exception
61824,,exception
61825,,exception
61826,,exception
61827,,exception
61828,,exception
61829,,exception
61830,,exception
61831,,exception
61832,,exception
61833,,exception
61834,,exception
61835,,exception
61836,,exception
61837,,exception
61838,,exception
61839,,exception
61840,,exception
61841,,exception
61842,,exception
61843,,exception
61844,,exception
61845,,exception
61846,,exception
61847,,exception
61848,,exception
61849,,exception
61850,,exception
61851,,exception
61852,,exception
61853,,exception
61854,,exception
61855,,exception
61856,,exception
61857,,exception
61858,,exception
61859,,exception
61860,,exception
61861,,exception
61862,,exception
61863,,exception
61864,,exception
61865,,exception
61866,,exception
61867,,exception
61868,,exception
61869,,exception
61870,,exception
61871,,exception
61872,,exception
61873,,exception
61874,,exception
61875,,exception
61876,,exception
61877,,exception
61878,,exception
61879,,exception
61880,,exception
61881,,exception
61882,,exception
61883,,exception
61884,,exception
61885,,exception
61886,,exception
61887,,exception
61888,,exception
61889,,exception
61890,,exception
61891,,exception
61892,,exception
61893,,exception
61894,,exception
61895,,exception
61896,,exception
61897,,exception
61898,,exception
61899,,exception
61900,,exception
61901,,exception
61902,,exception
61903,,exception
61904,,exception
61905,,exception
61906,,exception
61907,,exception
61908,,exception
61909,,exception
61910,,exception
61911,,exception
61912,,exception
61913,,exception
61914,,exception
61915,,exception
61916,,exception
61917,,exception
61918,,exception
61919,,exception
61920,,exception
61921,,exception
61922,,exception
61923,,exception
61924,,exception
61925,,exception
61926,,exception
61927,,exception
61928,,exception
61929,,exception
61930,,exception
61931,,exception
61932,,exception
61933,,exception
61934,,exception
61935,,exception
61936,,exception
61937,,exception
61938,,exception
61939,,exception
61940,,exception
61941,,exception
61942,,exception
61943,,exception
61944,,exception
61945,,exception
61946,,exception
61947,,exception
61948,,exception
61949,,exception
61950,,exception
61951,,exception
61952,,exception
61953,,exception
61954,,exception
61955,,exception
61956,,exception
61957,,exception
61958,,exception
61959,,exception
61960,,exception
61961,,exception
61962,,exception
61963,,exception
61964,,exception
61965,,exception
61966,,exception
61967,,exception
61968,,exception
61969,,exception
61970,,exception
61971,,exception
61972,,exception
61973,,exception
61974,,exception
61975,,exception
61976,,exception
61977,,exception
61978,,exception
61979,,exception
61980,,exception
61981,,exception
61982,,exception
61983,,exception
61984,,exception
61985,,exception
61986,,exception
61987,,exception
61988,,exception
61989,,exception
61990,,exception
61991,,exception
61992,,exception
61993,,exception
61994,,exception
61995,,exception
61996,,exception
61997,,exception
61998,,exception
61999,,exception
62000,,exception
62001,,exception
62002,,exception
62003,,exception
62004,,exception
62005,,exception
62006,,exception
62007,,exception
62008,,exception
62009,,exception
62010,,exception
62011,,exception
62012,,exception
62013,,exception
62014,,exception
62015,,exception
62016,,exception
62017,,exception
62018,,exception
62019,,exception
62020,,exception
62021,,exception
62022,,exception
62023,,exception
62024,,exception
62025,,exception
62026,,exception
62027,,exception
62028,,exception
62029,,exception
62030,,exception
62031,,exception
62032,,exception
62033,,exception
62034,,exception
62035,,exception
62036,,exception
62037,,exception
62038,,exception
62039,,exception
62040,,exception
62041,,exception
62042,,exception
62043,,exception
62044,,exception
62045,,exception
62046,,exception
62047,,exception
62048,,exception
62049,,exception
62050,,exception
62051,,exception
62052,,exception
62053,,exception
62054,,exception
62055,,exception
62056,,exception
62057,,exception
62058,,exception
62059,,exception
62060,,exception
62061,,exception
62062,,exception
62063,,exception
62064,,exception
62065,,exception
62066,,exception
62067,,exception
62068,,exception
62069,,exception
62070,,exception
62071,,exception
62072,,exception
62073,,exception
62074,,exception
62075,,exception
62076,,exception
62077,,exception
62078,,exception
62079,,exception
62080,,exception
62081,,exception
62082,,exception
62083,,exception
62084,,exception
62085,,exception
62086,,exception
62087,,exception
62088,,exception
62089,,exception
62090,,exception
62091,,exception
62092,,exception
62093,,exception
62094,,exception
62095,,exception
62096,,exception
62097,,exception
62098,,exception
62099,,exception
62100,,exception
62101,,exception
62102,,exception
62103,,exception
62104,,exception
62105,,exception
62106,,exception
62107,,exception
62108,,exception
62109,,exception
62110,,exception
62111,,exception
62112,,exception
62113,,exception
62114,,exception
62115,,exception
62116,,exception
62117,,exception
62118,,exception
62119,,exception
62120,,exception
62121,,exception
62122,,exception
62123,,exception
62124,,exception
62125,,exception
62126,,exception
62127,,exception
62128,,exception
62129,,exception
62130,,exception
62131,,exception
62132,,exception
62133,,exception
62134,,exception
62135,,exception
62136,,exception
62137,,exception
62138,,exception
62139,,exception
62140,,exception
62141,,exception
62142,,exception
62143,,exception
62144,,exception
62145,,exception
62146,,exception
62147,,exception
62148,,exception
62149,,exception
62150,,exception
62151,,exception
62152,,exception
62153,,exception
62154,,exception
62155,,exception
62156,,exception
62157,,exception
62158,,exception
62159,,exception
62160,,exception
62161,,exception
62162,,exception
62163,,exception
62164,,exception
62165,,exception
62166,,exception
62167,,exception
62168,,exception
62169,,exception
62170,,exception
62171,,exception
62172,,exception
62173,,exception
62174,,exception
62175,,exception
62176,,exception
62177,,exception
62178,,exception
62179,,exception
62180,,exception
62181,,exception
62182,,exception
62183,,exception
62184,,exception
62185,,exception
62186,,exception
62187,,exception
62188,,exception
62189,,exception
62190,,exception
62191,,exception
62192,,exception
62193,,exception
62194,,exception
62195,,exception
62196,,exception
62197,,exception
62198,,exception
62199,,exception
62200,,exception
62201,,exception
62202,,exception
62203,,exception
62204,,exception
62205,,exception
62206,,exception
62207,,exception
62208,,exception
62209,,exception
62210,,exception
62211,,exception
62212,,exception
62213,,exception
62214,,exception
62215,,exception
62216,,exception
62217,,exception
62218,,exception
62219,,exception
62220,,exception
62221,,exception
62222,,exception
62223,,exception
62224,,exception
62225,,exception
62226,,exception
62227,,exception
62228,,exception
62229,,exception
62230,,exception
62231,,exception
62232,,exception
62233,,exception
62234,,exception
62235,,exception
62236,,exception
62237,,exception
62238,,exception
62239,,exception
62240,,exception
62241,,exception
62242,,exception
62243,,exception
62244,,exception
62245,,exception
62246,,exception
62247,,exception
62248,,exception
62249,,exception
62250,,exception
62251,,exception
62252,,exception
62253,,exception
62254,,exception
62255,,exception
62256,,exception
62257,,exception
62258,,exception
62259,,exception
62260,,exception
62261,,exception
62262,,exception
62263,,exception
62264,,exception
62265,,exception
62266,,exception
62267,,exception
62268,,exception
62269,,exception
62270,,exception
62271,,exception
62272,,exception
62273,,exception
62274,,exception
62275,,exception
62276,,exception
62277,,exception
62278,,exception
62279,,exception
62280,,exception
62281,,exception
62282,,exception
62283,,exception
62284,,exception
62285,,exception
62286,,exception
62287,,exception
62288,,exception
62289,,exception
62290,,exception
62291,,exception
62292,,exception
62293,,exception
62294,,exception
62295,,exception
62296,,exception
62297,,exception
62298,,exception
62299,,exception
62300,,exception
62301,,exception
62302,,exception
62303,,exception
62304,,exception
62305,,exception
62306,,exception
62307,,exception
62308,,exception
62309,,exception
62310,,exception
62311,,exception
62312,,exception
62313,,exception
62314,,exception
62315,,exception
62316,,exception
62317,,exception
62318,,exception
62319,,exception
62320,,exception
62321,,exception
62322,,exception
62323,,exception
62324,,exception
62325,,exception
62326,,exception
62327,,exception
62328,,exception
62329,,exception
62330,,exception
62331,,exception
62332,,exception
62333,,exception
62334,,exception
62335,,exception
62336,,exception
62337,,exception
62338,,exception
62339,,exception
62340,,exception
62341,,exception
62342,,exception
62343,,exception
62344,,exception
62345,,exception
62346,,exception
62347,,exception
62348,,exception
62349,,exception
62350,,exception
62351,,exception
62352,,exception
62353,,exception
62354,,exception
62355,,exception
62356,,exception
62357,,exception
62358,,exception
62359,,exception
62360,,exception
62361,,exception
62362,,exception
62363,,exception
62364,,exception
62365,,exception
62366,,exception
62367,,exception
62368,,exception
62369,,exception
62370,,exception
62371,,exception
62372,,exception
62373,,exception
62374,,exception
62375,,exception
62376,,exception
62377,,exception
62378,,exception
62379,,exception
62380,,exception
62381,,exception
62382,,exception
62383,,exception
62384,,exception
62385,,exception
62386,,exception
62387,,exception
62388,,exception
62389,,exception
62390,,exception
62391,,exception
62392,,exception
62393,,exception
62394,,exception
62395,,exception
62396,,exception
62397,,exception
62398,,exception
62399,,exception
62400,,exception
62401,,exception
62402,,exception
62403,,exception
62404,,exception
62405,,exception
62406,,exception
62407,,exception
62408,,exception
62409,,exception
62410,,exception
62411,,exception
62412,,exception
62413,,exception
62414,,exception
62415,,exception
62416,,exception
62417,,exception
62418,,exception
62419,,exception
62420,,exception
62421,,exception
62422,,exception
62423,,exception
62424,,exception
62425,,exception
62426,,exception
62427,,exception
62428,,exception
62429,,exception
62430,,exception
62431,,exception
62432,,exception
62433,,exception
62434,,exception
62435,,exception
62436,,exception
62437,,exception
62438,,exception
62439,,exception
62440,,exception
62441,,exception
62442,,exception
62443,,exception
62444,,exception
62445,,exception
62446,,exception
62447,,exception
62448,,exception
62449,,exception
62450,,exception
62451,,exception
62452,,exception
62453,,exception
62454,,exception
62455,,exception
62456,,exception
62457,,exception
62458,,exception
62459,,exception
62460,,exception
62461,,exception
62462,,exception
62463,,exception
62464,,exception
62465,,exception
62466,,exception
62467,,exception
62468,,exception
62469,,exception
62470,,exception
62471,,exception
62472,,exception
62473,,exception
62474,,exception
62475,,exception
62476,,exception
62477,,exception
62478,,exception
62479,,exception
62480,,exception
62481,,exception
62482,,exception
62483,,exception
62484,,exception
62485,,exception
62486,,exception
62487,,exception
62488,,exception
62489,,exception
62490,,exception
62491,,exception
62492,,exception
62493,,exception
62494,,exception
62495,,exception
62496,,exception
62497,,exception
62498,,exception
62499,,exception
62500,,exception
62501,,exception
62502,,exception
62503,,exception
62504,,exception
62505,,exception
62506,,exception
62507,,exception
62508,,exception
62509,,exception
62510,,exception
62511,,exception
62512,,exception
62513,,exception
62514,,exception
62515,,exception
62516,,exception
62517,,exception
62518,,exception
62519,,exception
62520,,exception
62521,,exception
62522,,exception
62523,,exception
62524,,exception
62525,,exception
62526,,exception
62527,,exception
62528,,exception
62529,,exception
62530,,exception
62531,,exception
62532,,exception
62533,,exception
62534,,exception
62535,,exception
62536,,exception
62537,,exception
62538,,exception
62539,,exception
62540,,exception
62541,,exception
62542,,exception
62543,,exception
62544,,exception
62545,,exception
62546,,exception
62547,,exception
62548,,exception
62549,,exception
62550,,exception
62551,,exception
62552,,exception
62553,,exception
62554,,exception
62555,,exception
62556,,exception
62557,,exception
62558,,exception
62559,,exception
62560,,exception
62561,,exception
62562,,exception
62563,,exception
62564,,exception
62565,,exception
62566,,exception
62567,,exception
62568,,exception
62569,,exception
62570,,exception
62571,,exception
62572,,exception
62573,,exception
62574,,exception
62575,,exception
62576,,exception
62577,,exception
62578,,exception
62579,,exception
62580,,exception
62581,,exception
62582,,exception
62583,,exception
62584,,exception
62585,,exception
62586,,exception
62587,,exception
62588,,exception
62589,,exception
62590,,exception
62591,,exception
62592,,exception
62593,,exception
62594,,exception
62595,,exception
62596,,exception
62597,,exception
62598,,exception
62599,,exception
62600,,exception
62601,,exception
62602,,exception
62603,,exception
62604,,exception
62605,,exception
62606,,exception
62607,,exception
62608,,exception
62609,,exception
62610,,exception
62611,,exception
62612,,exception
62613,,exception
62614,,exception
62615,,exception
62616,,exception
62617,,exception
62618,,exception
62619,,exception
62620,,exception
62621,,exception
62622,,exception
62623,,exception
62624,,exception
62625,,exception
62626,,exception
62627,,exception
62628,,exception
62629,,exception
62630,,exception
62631,,exception
62632,,exception
62633,,exception
62634,,exception
62635,,exception
62636,,exception
62637,,exception
62638,,exception
62639,,exception
62640,,exception
62641,,exception
62642,,exception
62643,,exception
62644,,exception
62645,,exception
62646,,exception
62647,,exception
62648,,exception
62649,,exception
62650,,exception
62651,,exception
62652,,exception
62653,,exception
62654,,exception
62655,,exception
62656,,exception
62657,,exception
62658,,exception
62659,,exception
62660,,exception
62661,,exception
62662,,exception
62663,,exception
62664,,exception
62665,,exception
62666,,exception
62667,,exception
62668,,exception
62669,,exception
62670,,exception
62671,,exception
62672,,exception
62673,,exception
62674,,exception
62675,,exception
62676,,exception
62677,,exception
62678,,exception
62679,,exception
62680,,exception
62681,,exception
62682,,exception
62683,,exception
62684,,exception
62685,,exception
62686,,exception
62687,,exception
62688,,exception
62689,,exception
62690,,exception
62691,,exception
62692,,exception
62693,,exception
62694,,exception
62695,,exception
62696,,exception
62697,,exception
62698,,exception
62699,,exception
62700,,exception
62701,,exception
62702,,exception
62703,,exception
62704,,exception
62705,,exception
62706,,exception
62707,,exception
62708,,exception
62709,,exception
62710,,exception
62711,,exception
62712,,exception
62713,,exception
62714,,exception
62715,,exception
62716,,exception
62717,,exception
62718,,exception
62719,,exception
62720,,exception
62721,,exception
62722,,exception
62723,,exception
62724,,exception
62725,,exception
62726,,exception
62727,,exception
62728,,exception
62729,,exception
62730,,exception
62731,,exception
62732,,exception
62733,,exception
62734,,exception
62735,,exception
62736,,exception
62737,,exception
62738,,exception
62739,,exception
62740,,exception
62741,,exception
62742,,exception
62743,,exception
62744,,exception
62745,,exception
62746,,exception
62747,,exception
62748,,exception
62749,,exception
62750,,exception
62751,,exception
62752,,exception
62753,,exception
62754,,exception
62755,,exception
62756,,exception
62757,,exception
62758,,exception
62759,,exception
62760,,exception
62761,,exception
62762,,exception
62763,,exception
62764,,exception
62765,,exception
62766,,exception
62767,,exception
62768,,exception
62769,,exception
62770,,exception
62771,,exception
62772,,exception
62773,,exception
62774,,exception
62775,,exception
62776,,exception
62777,,exception
62778,,exception
62779,,exception
62780,,exception
62781,,exception
62782,,exception
62783,,exception
62784,,exception
62785,,exception
62786,,exception
62787,,exception
62788,,exception
62789,,exception
62790,,exception
62791,,exception
62792,,exception
62793,,exception
62794,,exception
62795,,exception
62796,,exception
62797,,exception
62798,,exception
62799,,exception
62800,,exception
62801,,exception
62802,,exception
62803,,exception
62804,,exception
62805,,exception
62806,,exception
62807,,exception
62808,,exception
62809,,exception
62810,,exception
62811,,exception
62812,,exception
62813,,exception
62814,,exception
62815,,exception
62816,,exception
62817,,exception
62818,,exception
62819,,exception
62820,,exception
62821,,exception
62822,,exception
62823,,exception
62824,,exception
62825,,exception
62826,,exception
62827,,exception
62828,,exception
62829,,exception
62830,,exception
62831,,exception
62832,,exception
62833,,exception
62834,,exception
62835,,exception
62836,,exception
62837,,exception
62838,,exception
62839,,exception
62840,,exception
62841,,exception
62842,,exception
62843,,exception
62844,,exception
62845,,exception
62846,,exception
62847,,exception
62848,,exception
62849,,exception
62850,,exception
62851,,exception
62852,,exception
62853,,exception
62854,,exception
62855,,exception
62856,,exception
62857,,exception
62858,,exception
62859,,exception
62860,,exception
62861,,exception
62862,,exception
62863,,exception
62864,,exception
62865,,exception
62866,,exception
62867,,exception
62868,,exception
62869,,exception
62870,,exception
62871,,exception
62872,,exception
62873,,exception
62874,,exception
62875,,exception
62876,,exception
62877,,exception
62878,,exception
62879,,exception
62880,,exception
62881,,exception
62882,,exception
62883,,exception
62884,,exception
62885,,exception
62886,,exception
62887,,exception
62888,,exception
62889,,exception
62890,,exception
62891,,exception
62892,,exception
62893,,exception
62894,,exception
62895,,exception
62896,,exception
62897,,exception
62898,,exception
62899,,exception
62900,,exception
62901,,exception
62902,,exception
62903,,exception
62904,,exception
62905,,exception
62906,,exception
62907,,exception
62908,,exception
62909,,exception
62910,,exception
62911,,exception
62912,,exception
62913,,exception
62914,,exception
62915,,exception
62916,,exception
62917,,exception
62918,,exception
62919,,exception
62920,,exception
62921,,exception
62922,,exception
62923,,exception
62924,,exception
62925,,exception
62926,,exception
62927,,exception
62928,,exception
62929,,exception
62930,,exception
62931,,exception
62932,,exception
62933,,exception
62934,,exception
62935,,exception
62936,,exception
62937,,exception
62938,,exception
62939,,exception
62940,,exception
62941,,exception
62942,,exception
62943,,exception
62944,,exception
62945,,exception
62946,,exception
62947,,exception
62948,,exception
62949,,exception
62950,,exception
62951,,exception
62952,,exception
62953,,exception
62954,,exception
62955,,exception
62956,,exception
62957,,exception
62958,,exception
62959,,exception
62960,,exception
62961,,exception
62962,,exception
62963,,exception
62964,,exception
62965,,exception
62966,,exception
62967,,exception
62968,,exception
62969,,exception
62970,,exception
62971,,exception
62972,,exception
62973,,exception
62974,,exception
62975,,exception
62976,,exception
62977,,exception
62978,,exception
62979,,exception
62980,,exception
62981,,exception
62982,,exception
62983,,exception
62984,,exception
62985,,exception
62986,,exception
62987,,exception
62988,,exception
62989,,exception
62990,,exception
62991,,exception
62992,,exception
62993,,exception
62994,,exception
62995,,exception
62996,,exception
62997,,exception
62998,,exception
62999,,exception
63000,,exception
63001,,exception
63002,,exception
63003,,exception
63004,,exception
63005,,exception
63006,,exception
63007,,exception
63008,,exception
63009,,exception
63010,,exception
63011,,exception
63012,,exception
63013,,exception
63014,,exception
63015,,exception
63016,,exception
63017,,exception
63018,,exception
63019,,exception
63020,,exception
63021,,exception
63022,,exception
63023,,exception
63024,,exception
63025,,exception
63026,,exception
63027,,exception
63028,,exception
63029,,exception
63030,,exception
63031,,exception
63032,,exception
63033,,exception
63034,,exception
63035,,exception
63036,,exception
63037,,exception
63038,,exception
63039,,exception
63040,,exception
63041,,exception
63042,,exception
63043,,exception
63044,,exception
63045,,exception
63046,,exception
63047,,exception
63048,,exception
63049,,exception
63050,,exception
63051,,exception
63052,,exception
63053,,exception
63054,,exception
63055,,exception
63056,,exception
63057,,exception
63058,,exception
63059,,exception
63060,,exception
63061,,exception
63062,,exception
63063,,exception
63064,,exception
63065,,exception
63066,,exception
63067,,exception
63068,,exception
63069,,exception
63070,,exception
63071,,exception
63072,,exception
63073,,exception
63074,,exception
63075,,exception
63076,,exception
63077,,exception
63078,,exception
63079,,exception
63080,,exception
63081,,exception
63082,,exception
63083,,exception
63084,,exception
63085,,exception
63086,,exception
63087,,exception
63088,,exception
63089,,exception
63090,,exception
63091,,exception
63092,,exception
63093,,exception
63094,,exception
63095,,exception
63096,,exception
63097,,exception
63098,,exception
63099,,exception
63100,,exception
63101,,exception
63102,,exception
63103,,exception
63104,,exception
63105,,exception
63106,,exception
63107,,exception
63108,,exception
63109,,exception
63110,,exception
63111,,exception
63112,,exception
63113,,exception
63114,,exception
63115,,exception
63116,,exception
63117,,exception
63118,,exception
63119,,exception
63120,,exception
63121,,exception
63122,,exception
63123,,exception
63124,,exception
63125,,exception
63126,,exception
63127,,exception
63128,,exception
63129,,exception
63130,,exception
63131,,exception
63132,,exception
63133,,exception
63134,,exception
63135,,exception
63136,,exception
63137,,exception
63138,,exception
63139,,exception
63140,,exception
63141,,exception
63142,,exception
63143,,exception
63144,,exception
63145,,exception
63146,,exception
63147,,exception
63148,,exception
63149,,exception
63150,,exception
63151,,exception
63152,,exception
63153,,exception
63154,,exception
63155,,exception
63156,,exception
63157,,exception
63158,,exception
63159,,exception
63160,,exception
63161,,exception
63162,,exception
63163,,exception
63164,,exception
63165,,exception
63166,,exception
63167,,exception
63168,,exception
63169,,exception
63170,,exception
63171,,exception
63172,,exception
63173,,exception
63174,,exception
63175,,exception
63176,,exception
63177,,exception
63178,,exception
63179,,exception
63180,,exception
63181,,exception
63182,,exception
63183,,exception
63184,,exception
63185,,exception
63186,,exception
63187,,exception
63188,,exception
63189,,exception
63190,,exception
63191,,exception
63192,,exception
63193,,exception
63194,,exception
63195,,exception
63196,,exception
63197,,exception
63198,,exception
63199,,exception
63200,,exception
63201,,exception
63202,,exception
63203,,exception
63204,,exception
63205,,exception
63206,,exception
63207,,exception
63208,,exception
63209,,exception
63210,,exception
63211,,exception
63212,,exception
63213,,exception
63214,,exception
63215,,exception
63216,,exception
63217,,exception
63218,,exception
63219,,exception
63220,,exception
63221,,exception
63222,,exception
63223,,exception
63224,,exception
63225,,exception
63226,,exception
63227,,exception
63228,,exception
63229,,exception
63230,,exception
63231,,exception
63232,,exception
63233,,exception
63234,,exception
63235,,exception
63236,,exception
63237,,exception
63238,,exception
63239,,exception
63240,,exception
63241,,exception
63242,,exception
63243,,exception
63244,,exception
63245,,exception
63246,,exception
63247,,exception
63248,,exception
63249,,exception
63250,,exception
63251,,exception
63252,,exception
63253,,exception
63254,,exception
63255,,exception
63256,,exception
63257,,exception
63258,,exception
63259,,exception
63260,,exception
63261,,exception
63262,,exception
63263,,exception
63264,,exception
63265,,exception
63266,,exception
63267,,exception
63268,,exception
63269,,exception
63270,,exception
63271,,exception
63272,,exception
63273,,exception
63274,,exception
63275,,exception
63276,,exception
63277,,exception
63278,,exception
63279,,exception
63280,,exception
63281,,exception
63282,,exception
63283,,exception
63284,,exception
63285,,exception
63286,,exception
63287,,exception
63288,,exception
63289,,exception
63290,,exception
63291,,exception
63292,,exception
63293,,exception
63294,,exception
63295,,exception
63296,,exception
63297,,exception
63298,,exception
63299,,exception
63300,,exception
63301,,exception
63302,,exception
63303,,exception
63304,,exception
63305,,exception
63306,,exception
63307,,exception
63308,,exception
63309,,exception
63310,,exception
63311,,exception
63312,,exception
63313,,exception
63314,,exception
63315,,exception
63316,,exception
63317,,exception
63318,,exception
63319,,exception
63320,,exception
63321,,exception
63322,,exception
63323,,exception
63324,,exception
63325,,exception
63326,,exception
63327,,exception
63328,,exception
63329,,exception
63330,,exception
63331,,exception
63332,,exception
63333,,exception
63334,,exception
63335,,exception
63336,,exception
63337,,exception
63338,,exception
63339,,exception
63340,,exception
63341,,exception
63342,,exception
63343,,exception
63344,,exception
63345,,exception
63346,,exception
63347,,exception
63348,,exception
63349,,exception
63350,,exception
63351,,exception
63352,,exception
63353,,exception
63354,,exception
63355,,exception
63356,,exception
63357,,exception
63358,,exception
63359,,exception
63360,,exception
63361,,exception
63362,,exception
63363,,exception
63364,,exception
63365,,exception
63366,,exception
63367,,exception
63368,,exception
63369,,exception
63370,,exception
63371,,exception
63372,,exception
63373,,exception
63374,,exception
63375,,exception
63376,,exception
63377,,exception
63378,,exception
63379,,exception
63380,,exception
63381,,exception
63382,,exception
63383,,exception
63384,,exception
63385,,exception
63386,,exception
63387,,exception
63388,,exception
63389,,exception
63390,,exception
63391,,exception
63392,,exception
63393,,exception
63394,,exception
63395,,exception
63396,,exception
63397,,exception
63398,,exception
63399,,exception
63400,,exception
63401,,exception
63402,,exception
63403,,exception
63404,,exception
63405,,exception
63406,,exception
63407,,exception
63408,,exception
63409,,exception
63410,,exception
63411,,exception
63412,,exception
63413,,exception
63414,,exception
63415,,exception
63416,,exception
63417,,exception
63418,,exception
63419,,exception
63420,,exception
63421,,exception
63422,,exception
63423,,exception
63424,,exception
63425,,exception
63426,,exception
63427,,exception
63428,,exception
63429,,exception
63430,,exception
63431,,exception
63432,,exception
63433,,exception
63434,,exception
63435,,exception
63436,,exception
63437,,exception
63438,,exception
63439,,exception
63440,,exception
63441,,exception
63442,,exception
63443,,exception
63444,,exception
63445,,exception
63446,,exception
63447,,exception
63448,,exception
63449,,exception
63450,,exception
63451,,exception
63452,,exception
63453,,exception
63454,,exception
63455,,exception
63456,,exception
63457,,exception
63458,,exception
63459,,exception
63460,,exception
63461,,exception
63462,,exception
63463,,exception
63464,,exception
63465,,exception
63466,,exception
63467,,exception
63468,,exception
63469,,exception
63470,,exception
63471,,exception
63472,,exception
63473,,exception
63474,,exception
63475,,exception
63476,,exception
63477,,exception
63478,,exception
63479,,exception
63480,,exception
63481,,exception
63482,,exception
63483,,exception
63484,,exception
63485,,exception
63486,,exception
63487,,exception
63488,,exception
63489,,exception
63490,,exception
63491,,exception
63492,,exception
63493,,exception
63494,,exception
63495,,exception
63496,,exception
63497,,exception
63498,,exception
63499,,exception
63500,,exception
63501,,exception
63502,,exception
63503,,exception
63504,,exception
63505,,exception
63506,,exception
63507,,exception
63508,,exception
63509,,exception
63510,,exception
63511,,exception
63512,,exception
63513,,exception
63514,,exception
63515,,exception
63516,,exception
63517,,exception
63518,,exception
63519,,exception
63520,,exception
63521,,exception
63522,,exception
63523,,exception
63524,,exception
63525,,exception
63526,,exception
63527,,exception
63528,,exception
63529,,exception
63530,,exception
63531,,exception
63532,,exception
63533,,exception
63534,,exception
63535,,exception
63536,,exception
63537,,exception
63538,,exception
63539,,exception
63540,,exception
63541,,exception
63542,,exception
63543,,exception
63544,,exception
63545,,exception
63546,,exception
63547,,exception
63548,,exception
63549,,exception
63550,,exception
63551,,exception
63552,,exception
63553,,exception
63554,,exception
63555,,exception
63556,,exception
63557,,exception
63558,,exception
63559,,exception
63560,,exception
63561,,exception
63562,,exception
63563,,exception
63564,,exception
63565,,exception
63566,,exception
63567,,exception
63568,,exception
63569,,exception
63570,,exception
63571,,exception
63572,,exception
63573,,exception
63574,,exception
63575,,exception
63576,,exception
63577,,exception
63578,,exception
63579,,exception
63580,,exception
63581,,exception
63582,,exception
63583,,exception
63584,,exception
63585,,exception
63586,,exception
63587,,exception
63588,,exception
63589,,exception
63590,,exception
63591,,exception
63592,,exception
63593,,exception
63594,,exception
63595,,exception
63596,,exception
63597,,exception
63598,,exception
63599,,exception
63600,,exception
63601,,exception
63602,,exception
63603,,exception
63604,,exception
63605,,exception
63606,,exception
63607,,exception
63608,,exception
63609,,exception
63610,,exception
63611,,exception
63612,,exception
63613,,exception
63614,,exception
63615,,exception
63616,,exception
63617,,exception
63618,,exception
63619,,exception
63620,,exception
63621,,exception
63622,,exception
63623,,exception
63624,,exception
63625,,exception
63626,,exception
63627,,exception
63628,,exception
63629,,exception
63630,,exception
63631,,exception
63632,,exception
63633,,exception
63634,,exception
63635,,exception
63636,,exception
63637,,exception
63638,,exception
63639,,exception
63640,,exception
63641,,exception
63642,,exception
63643,,exception
63644,,exception
63645,,exception
63646,,exception
63647,,exception
63648,,exception
63649,,exception
63650,,exception
63651,,exception
63652,,exception
63653,,exception
63654,,exception
63655,,exception
63656,,exception
63657,,exception
63658,,exception
63659,,exception
63660,,exception
63661,,exception
63662,,exception
63663,,exception
63664,,exception
63665,,exception
63666,,exception
63667,,exception
63668,,exception
63669,,exception
63670,,exception
63671,,exception
63672,,exception
63673,,exception
63674,,exception
63675,,exception
63676,,exception
63677,,exception
63678,,exception
63679,,exception
63680,,exception
63681,,exception
63682,,exception
63683,,exception
63684,,exception
63685,,exception
63686,,exception
63687,,exception
63688,,exception
63689,,exception
63690,,exception
63691,,exception
63692,,exception
63693,,exception
63694,,exception
63695,,exception
63696,,exception
63697,,exception
63698,,exception
63699,,exception
63700,,exception
63701,,exception
63702,,exception
63703,,exception
63704,,exception
63705,,exception
63706,,exception
63707,,exception
63708,,exception
63709,,exception
63710,,exception
63711,,exception
63712,,exception
63713,,exception
63714,,exception
63715,,exception
63716,,exception
63717,,exception
63718,,exception
63719,,exception
63720,,exception
63721,,exception
63722,,exception
63723,,exception
63724,,exception
63725,,exception
63726,,exception
63727,,exception
63728,,exception
63729,,exception
63730,,exception
63731,,exception
63732,,exception
63733,,exception
63734,,exception
63735,,exception
63736,,exception
63737,,exception
63738,,exception
63739,,exception
63740,,exception
63741,,exception
63742,,exception
63743,,exception
63744,,exception
63745,,exception
63746,,exception
63747,,exception
63748,,exception
63749,,exception
63750,,exception
63751,,exception
63752,,exception
63753,,exception
63754,,exception
63755,,exception
63756,,exception
63757,,exception
63758,,exception
63759,,exception
63760,,exception
63761,,exception
63762,,exception
63763,,exception
63764,,exception
63765,,exception
63766,,exception
63767,,exception
63768,,exception
63769,,exception
63770,,exception
63771,,exception
63772,,exception
63773,,exception
63774,,exception
63775,,exception
63776,,exception
63777,,exception
63778,,exception
63779,,exception
63780,,exception
63781,,exception
63782,,exception
63783,,exception
63784,,exception
63785,,exception
63786,,exception
63787,,exception
63788,,exception
63789,,exception
63790,,exception
63791,,exception
63792,,exception
63793,,exception
63794,,exception
63795,,exception
63796,,exception
63797,,exception
63798,,exception
63799,,exception
63800,,exception
63801,,exception
63802,,exception
63803,,exception
63804,,exception
63805,,exception
63806,,exception
63807,,exception
63808,,exception
63809,,exception
63810,,exception
63811,,exception
63812,,exception
63813,,exception
63814,,exception
63815,,exception
63816,,exception
63817,,exception
63818,,exception
63819,,exception
63820,,exception
63821,,exception
63822,,exception
63823,,exception
63824,,exception
63825,,exception
63826,,exception
63827,,exception
63828,,exception
63829,,exception
63830,,exception
63831,,exception
63832,,exception
63833,,exception
63834,,exception
63835,,exception
63836,,exception
63837,,exception
63838,,exception
63839,,exception
63840,,exception
63841,,exception
63842,,exception
63843,,exception
63844,,exception
63845,,exception
63846,,exception
63847,,exception
63848,,exception
63849,,exception
63850,,exception
63851,,exception
63852,,exception
63853,,exception
63854,,exception
63855,,exception
63856,,exception
63857,,exception
63858,,exception
63859,,exception
63860,,exception
63861,,exception
63862,,exception
63863,,exception
63864,,exception
63865,,exception
63866,,exception
63867,,exception
63868,,exception
63869,,exception
63870,,exception
63871,,exception
63872,,exception
63873,,exception
63874,,exception
63875,,exception
63876,,exception
63877,,exception
63878,,exception
63879,,exception
63880,,exception
63881,,exception
63882,,exception
63883,,exception
63884,,exception
63885,,exception
63886,,exception
63887,,exception
63888,,exception
63889,,exception
63890,,exception
63891,,exception
63892,,exception
63893,,exception
63894,,exception
63895,,exception
63896,,exception
63897,,exception
63898,,exception
63899,,exception
63900,,exception
63901,,exception
63902,,exception
63903,,exception
63904,,exception
63905,,exception
63906,,exception
63907,,exception
63908,,exception
63909,,exception
63910,,exception
63911,,exception
63912,,exception
63913,,exception
63914,,exception
63915,,exception
63916,,exception
63917,,exception
63918,,exception
63919,,exception
63920,,exception
63921,,exception
63922,,exception
63923,,exception
63924,,exception
63925,,exception
63926,,exception
63927,,exception
63928,,exception
63929,,exception
63930,,exception
63931,,exception
63932,,exception
63933,,exception
63934,,exception
63935,,exception
63936,,exception
63937,,exception
63938,,exception
63939,,exception
63940,,exception
63941,,exception
63942,,exception
63943,,exception
63944,,exception
63945,,exception
63946,,exception
63947,,exception
63948,,exception
63949,,exception
63950,,exception
63951,,exception
63952,,exception
63953,,exception
63954,,exception
63955,,exception
63956,,exception
63957,,exception
63958,,exception
63959,,exception
63960,,exception
63961,,exception
63962,,exception
63963,,exception
63964,,exception
63965,,exception
63966,,exception
63967,,exception
63968,,exception
63969,,exception
63970,,exception
63971,,exception
63972,,exception
63973,,exception
63974,,exception
63975,,exception
63976,,exception
63977,,exception
63978,,exception
63979,,exception
63980,,exception
63981,,exception
63982,,exception
63983,,exception
63984,,exception
63985,,exception
63986,,exception
63987,,exception
63988,,exception
63989,,exception
63990,,exception
63991,,exception
63992,,exception
63993,,exception
63994,,exception
63995,,exception
63996,,exception
63997,,exception
63998,,exception
63999,,exception
64000,,exception
64001,,exception
64002,,exception
64003,,exception
64004,,exception
64005,,exception
64006,,exception
64007,,exception
64008,,exception
64009,,exception
64010,,exception
64011,,exception
64012,,exception
64013,,exception
64014,,exception
64015,,exception
64016,,exception
64017,,exception
64018,,exception
64019,,exception
64020,,exception
64021,,exception
64022,,exception
64023,,exception
64024,,exception
64025,,exception
64026,,exception
64027,,exception
64028,,exception
64029,,exception
64030,,exception
64031,,exception
64032,,exception
64033,,exception
64034,,exception
64035,,exception
64036,,exception
64037,,exception
64038,,exception
64039,,exception
64040,,exception
64041,,exception
64042,,exception
64043,,exception
64044,,exception
64045,,exception
64046,,exception
64047,,exception
64048,,exception
64049,,exception
64050,,exception
64051,,exception
64052,,exception
64053,,exception
64054,,exception
64055,,exception
64056,,exception
64057,,exception
64058,,exception
64059,,exception
64060,,exception
64061,,exception
64062,,exception
64063,,exception
64064,,exception
64065,,exception
64066,,exception
64067,,exception
64068,,exception
64069,,exception
64070,,exception
64071,,exception
64072,,exception
64073,,exception
64074,,exception
64075,,exception
64076,,exception
64077,,exception
64078,,exception
64079,,exception
64080,,exception
64081,,exception
64082,,exception
64083,,exception
64084,,exception
64085,,exception
64086,,exception
64087,,exception
64088,,exception
64089,,exception
64090,,exception
64091,,exception
64092,,exception
64093,,exception
64094,,exception
64095,,exception
64096,,exception
64097,,exception
64098,,exception
64099,,exception
64100,,exception
64101,,exception
64102,,exception
64103,,exception
64104,,exception
64105,,exception
64106,,exception
64107,,exception
64108,,exception
64109,,exception
64110,,exception
64111,,exception
64112,,exception
64113,,exception
64114,,exception
64115,,exception
64116,,exception
64117,,exception
64118,,exception
64119,,exception
64120,,exception
64121,,exception
64122,,exception
64123,,exception
64124,,exception
64125,,exception
64126,,exception
64127,,exception
64128,,exception
64129,,exception
64130,,exception
64131,,exception
64132,,exception
64133,,exception
64134,,exception
64135,,exception
64136,,exception
64137,,exception
64138,,exception
64139,,exception
64140,,exception
64141,,exception
64142,,exception
64143,,exception
64144,,exception
64145,,exception
64146,,exception
64147,,exception
64148,,exception
64149,,exception
64150,,exception
64151,,exception
64152,,exception
64153,,exception
64154,,exception
64155,,exception
64156,,exception
64157,,exception
64158,,exception
64159,,exception
64160,,exception
64161,,exception
64162,,exception
64163,,exception
64164,,exception
64165,,exception
64166,,exception
64167,,exception
64168,,exception
64169,,exception
64170,,exception
64171,,exception
64172,,exception
64173,,exception
64174,,exception
64175,,exception
64176,,exception
64177,,exception
64178,,exception
64179,,exception
64180,,exception
64181,,exception
64182,,exception
64183,,exception
64184,,exception
64185,,exception
64186,,exception
64187,,exception
64188,,exception
64189,,exception
64190,,exception
64191,,exception
64192,,exception
64193,,exception
64194,,exception
64195,,exception
64196,,exception
64197,,exception
64198,,exception
64199,,exception
64200,,exception
64201,,exception
64202,,exception
64203,,exception
64204,,exception
64205,,exception
64206,,exception
64207,,exception
64208,,exception
64209,,exception
64210,,exception
64211,,exception
64212,,exception
64213,,exception
64214,,exception
64215,,exception
64216,,exception
64217,,exception
64218,,exception
64219,,exception
64220,,exception
64221,,exception
64222,,exception
64223,,exception
64224,,exception
64225,,exception
64226,,exception
64227,,exception
64228,,exception
64229,,exception
64230,,exception
64231,,exception
64232,,exception
64233,,exception
64234,,exception
64235,,exception
64236,,exception
64237,,exception
64238,,exception
64239,,exception
64240,,exception
64241,,exception
64242,,exception
64243,,exception
64244,,exception
64245,,exception
64246,,exception
64247,,exception
64248,,exception
64249,,exception
64250,,exception
64251,,exception
64252,,exception
64253,,exception
64254,,exception
64255,,exception
64256,,exception
64257,,exception
64258,,exception
64259,,exception
64260,,exception
64261,,exception
64262,,exception
64263,,exception
64264,,exception
64265,,exception
64266,,exception
64267,,exception
64268,,exception
64269,,exception
64270,,exception
64271,,exception
64272,,exception
64273,,exception
64274,,exception
64275,,exception
64276,,exception
64277,,exception
64278,,exception
64279,,exception
64280,,exception
64281,,exception
64282,,exception
64283,,exception
64284,,exception
64285,,exception
64286,,exception
64287,,exception
64288,,exception
64289,,exception
64290,,exception
64291,,exception
64292,,exception
64293,,exception
64294,,exception
64295,,exception
64296,,exception
64297,,exception
64298,,exception
64299,,exception
64300,,exception
64301,,exception
64302,,exception
64303,,exception
64304,,exception
64305,,exception
64306,,exception
64307,,exception
64308,,exception
64309,,exception
64310,,exception
64311,,exception
64312,,exception
64313,,exception
64314,,exception
64315,,exception
64316,,exception
64317,,exception
64318,,exception
64319,,exception
64320,,exception
64321,,exception
64322,,exception
64323,,exception
64324,,exception
64325,,exception
64326,,exception
64327,,exception
64328,,exception
64329,,exception
64330,,exception
64331,,exception
64332,,exception
64333,,exception
64334,,exception
64335,,exception
64336,,exception
64337,,exception
64338,,exception
64339,,exception
64340,,exception
64341,,exception
64342,,exception
64343,,exception
64344,,exception
64345,,exception
64346,,exception
64347,,exception
64348,,exception
64349,,exception
64350,,exception
64351,,exception
64352,,exception
64353,,exception
64354,,exception
64355,,exception
64356,,exception
64357,,exception
64358,,exception
64359,,exception
64360,,exception
64361,,exception
64362,,exception
64363,,exception
64364,,exception
64365,,exception
64366,,exception
64367,,exception
64368,,exception
64369,,exception
64370,,exception
64371,,exception
64372,,exception
64373,,exception
64374,,exception
64375,,exception
64376,,exception
64377,,exception
64378,,exception
64379,,exception
64380,,exception
64381,,exception
64382,,exception
64383,,exception
64384,,exception
64385,,exception
64386,,exception
64387,,exception
64388,,exception
64389,,exception
64390,,exception
64391,,exception
64392,,exception
64393,,exception
64394,,exception
64395,,exception
64396,,exception
64397,,exception
64398,,exception
64399,,exception
64400,,exception
64401,,exception
64402,,exception
64403,,exception
64404,,exception
64405,,exception
64406,,exception
64407,,exception
64408,,exception
64409,,exception
64410,,exception
64411,,exception
64412,,exception
64413,,exception
64414,,exception
64415,,exception
64416,,exception
64417,,exception
64418,,exception
64419,,exception
64420,,exception
64421,,exception
64422,,exception
64423,,exception
64424,,exception
64425,,exception
64426,,exception
64427,,exception
64428,,exception
64429,,exception
64430,,exception
64431,,exception
64432,,exception
64433,,exception
64434,,exception
64435,,exception
64436,,exception
64437,,exception
64438,,exception
64439,,exception
64440,,exception
64441,,exception
64442,,exception
64443,,exception
64444,,exception
64445,,exception
64446,,exception
64447,,exception
64448,,exception
64449,,exception
64450,,exception
64451,,exception
64452,,exception
64453,,exception
64454,,exception
64455,,exception
64456,,exception
64457,,exception
64458,,exception
64459,,exception
64460,,exception
64461,,exception
64462,,exception
64463,,exception
64464,,exception
64465,,exception
64466,,exception
64467,,exception
64468,,exception
64469,,exception
64470,,exception
64471,,exception
64472,,exception
64473,,exception
64474,,exception
64475,,exception
64476,,exception
64477,,exception
64478,,exception
64479,,exception
64480,,exception
64481,,exception
64482,,exception
64483,,exception
64484,,exception
64485,,exception
64486,,exception
64487,,exception
64488,,exception
64489,,exception
64490,,exception
64491,,exception
64492,,exception
64493,,exception
64494,,exception
64495,,exception
64496,,exception
64497,,exception
64498,,exception
64499,,exception
64500,,exception
64501,,exception
64502,,exception
64503,,exception
64504,,exception
64505,,exception
64506,,exception
64507,,exception
64508,,exception
64509,,exception
64510,,exception
64511,,exception
64512,,exception
64513,,exception
64514,,exception
64515,,exception
64516,,exception
64517,,exception
64518,,exception
64519,,exception
64520,,exception
64521,,exception
64522,,exception
64523,,exception
64524,,exception
64525,,exception
64526,,exception
64527,,exception
64528,,exception
64529,,exception
64530,,exception
64531,,exception
64532,,exception
64533,,exception
64534,,exception
64535,,exception
64536,,exception
64537,,exception
64538,,exception
64539,,exception
64540,,exception
64541,,exception
64542,,exception
64543,,exception
64544,,exception
64545,,exception
64546,,exception
64547,,exception
64548,,exception
64549,,exception
64550,,exception
64551,,exception
64552,,exception
64553,,exception
64554,,exception
64555,,exception
64556,,exception
64557,,exception
64558,,exception
64559,,exception
64560,,exception
64561,,exception
64562,,exception
64563,,exception
64564,,exception
64565,,exception
64566,,exception
64567,,exception
64568,,exception
64569,,exception
64570,,exception
64571,,exception
64572,,exception
64573,,exception
64574,,exception
64575,,exception
64576,,exception
64577,,exception
64578,,exception
64579,,exception
64580,,exception
64581,,exception
64582,,exception
64583,,exception
64584,,exception
64585,,exception
64586,,exception
64587,,exception
64588,,exception
64589,,exception
64590,,exception
64591,,exception
64592,,exception
64593,,exception
64594,,exception
64595,,exception
64596,,exception
64597,,exception
64598,,exception
64599,,exception
64600,,exception
64601,,exception
64602,,exception
64603,,exception
64604,,exception
64605,,exception
64606,,exception
64607,,exception
64608,,exception
64609,,exception
64610,,exception
64611,,exception
64612,,exception
64613,,exception
64614,,exception
64615,,exception
64616,,exception
64617,,exception
64618,,exception
64619,,exception
64620,,exception
64621,,exception
64622,,exception
64623,,exception
64624,,exception
64625,,exception
64626,,exception
64627,,exception
64628,,exception
64629,,exception
64630,,exception
64631,,exception
64632,,exception
64633,,exception
64634,,exception
64635,,exception
64636,,exception
64637,,exception
64638,,exception
64639,,exception
64640,,exception
64641,,exception
64642,,exception
64643,,exception
64644,,exception
64645,,exception
64646,,exception
64647,,exception
64648,,exception
64649,,exception
64650,,exception
64651,,exception
64652,,exception
64653,,exception
64654,,exception
64655,,exception
64656,,exception
64657,,exception
64658,,exception
64659,,exception
64660,,exception
64661,,exception
64662,,exception
64663,,exception
64664,,exception
64665,,exception
64666,,exception
64667,,exception
64668,,exception
64669,,exception
64670,,exception
64671,,exception
64672,,exception
64673,,exception
64674,,exception
64675,,exception
64676,,exception
64677,,exception
64678,,exception
64679,,exception
64680,,exception
64681,,exception
64682,,exception
64683,,exception
64684,,exception
64685,,exception
64686,,exception
64687,,exception
64688,,exception
64689,,exception
64690,,exception
64691,,exception
64692,,exception
64693,,exception
64694,,exception
64695,,exception
64696,,exception
64697,,exception
64698,,exception
64699,,exception
64700,,exception
64701,,exception
64702,,exception
64703,,exception
64704,,exception
64705,,exception
64706,,exception
64707,,exception
64708,,exception
64709,,exception
64710,,exception
64711,,exception
64712,,exception
64713,,exception
64714,,exception
64715,,exception
64716,,exception
64717,,exception
64718,,exception
64719,,exception
64720,,exception
64721,,exception
64722,,exception
64723,,exception
64724,,exception
64725,,exception
64726,,exception
64727,,exception
64728,,exception
64729,,exception
64730,,exception
64731,,exception
64732,,exception
64733,,exception
64734,,exception
64735,,exception
64736,,exception
64737,,exception
64738,,exception
64739,,exception
64740,,exception
64741,,exception
64742,,exception
64743,,exception
64744,,exception
64745,,exception
64746,,exception
64747,,exception
64748,,exception
64749,,exception
64750,,exception
64751,,exception
64752,,exception
64753,,exception
64754,,exception
64755,,exception
64756,,exception
64757,,exception
64758,,exception
64759,,exception
64760,,exception
64761,,exception
64762,,exception
64763,,exception
64764,,exception
64765,,exception
64766,,exception
64767,,exception
64768,,exception
64769,,exception
64770,,exception
64771,,exception
64772,,exception
64773,,exception
64774,,exception
64775,,exception
64776,,exception
64777,,exception
64778,,exception
64779,,exception
64780,,exception
64781,,exception
64782,,exception
64783,,exception
64784,,exception
64785,,exception
64786,,exception
64787,,exception
64788,,exception
64789,,exception
64790,,exception
64791,,exception
64792,,exception
64793,,exception
64794,,exception
64795,,exception
64796,,exception
64797,,exception
64798,,exception
64799,,exception
64800,,exception
64801,,exception
64802,,exception
64803,,exception
64804,,exception
64805,,exception
64806,,exception
64807,,exception
64808,,exception
64809,,exception
64810,,exception
64811,,exception
64812,,exception
64813,,exception
64814,,exception
64815,,exception
64816,,exception
64817,,exception
64818,,exception
64819,,exception
64820,,exception
64821,,exception
64822,,exception
64823,,exception
64824,,exception
64825,,exception
64826,,exception
64827,,exception
64828,,exception
64829,,exception
64830,,exception
64831,,exception
64832,,exception
64833,,exception
64834,,exception
64835,,exception
64836,,exception
64837,,exception
64838,,exception
64839,,exception
64840,,exception
64841,,exception
64842,,exception
64843,,exception
64844,,exception
64845,,exception
64846,,exception
64847,,exception
64848,,exception
64849,,exception
64850,,exception
64851,,exception
64852,,exception
64853,,exception
64854,,exception
64855,,exception
64856,,exception
64857,,exception
64858,,exception
64859,,exception
64860,,exception
64861,,exception
64862,,exception
64863,,exception
64864,,exception
64865,,exception
64866,,exception
64867,,exception
64868,,exception
64869,,exception
64870,,exception
64871,,exception
64872,,exception
64873,,exception
64874,,exception
64875,,exception
64876,,exception
64877,,exception
64878,,exception
64879,,exception
64880,,exception
64881,,exception
64882,,exception
64883,,exception
64884,,exception
64885,,exception
64886,,exception
64887,,exception
64888,,exception
64889,,exception
64890,,exception
64891,,exception
64892,,exception
64893,,exception
64894,,exception
64895,,exception
64896,,exception
64897,,exception
64898,,exception
64899,,exception
64900,,exception
64901,,exception
64902,,exception
64903,,exception
64904,,exception
64905,,exception
64906,,exception
64907,,exception
64908,,exception
64909,,exception
64910,,exception
64911,,exception
64912,,exception
64913,,exception
64914,,exception
64915,,exception
64916,,exception
64917,,exception
64918,,exception
64919,,exception
64920,,exception
64921,,exception
64922,,exception
64923,,exception
64924,,exception
64925,,exception
64926,,exception
64927,,exception
64928,,exception
64929,,exception
64930,,exception
64931,,exception
64932,,exception
64933,,exception
64934,,exception
64935,,exception
64936,,exception
64937,,exception
64938,,exception
64939,,exception
64940,,exception
64941,,exception
64942,,exception
64943,,exception
64944,,exception
64945,,exception
64946,,exception
64947,,exception
64948,,exception
64949,,exception
64950,,exception
64951,,exception
64952,,exception
64953,,exception
64954,,exception
64955,,exception
64956,,exception
64957,,exception
64958,,exception
64959,,exception
64960,,exception
64961,,exception
64962,,exception
64963,,exception
64964,,exception
64965,,exception
64966,,exception
64967,,exception
64968,,exception
64969,,exception
64970,,exception
64971,,exception
64972,,exception
64973,,exception
64974,,exception
64975,,exception
64976,,exception
64977,,exception
64978,,exception
64979,,exception
64980,,exception
64981,,exception
64982,,exception
64983,,exception
64984,,exception
64985,,exception
64986,,exception
64987,,exception
64988,,exception
64989,,exception
64990,,exception
64991,,exception
64992,,exception
64993,,exception
64994,,exception
64995,,exception
64996,,exception
64997,,exception
64998,,exception
64999,,exception
65000,,exception
65001,,exception
65002,,exception
65003,,exception
65004,,exception
65005,,exception
65006,,exception
65007,,exception
65008,,exception
65009,,exception
65010,,exception
65011,,exception
65012,,exception
65013,,exception
65014,,exception
65015,,exception
65016,,exception
65017,,exception
65018,,exception
65019,,exception
65020,,exception
65021,,exception
65022,,exception
65023,,exception
65024,,exception
65025,,exception
65026,,exception
65027,,exception
65028,,exception
65029,,exception
65030,,exception
65031,,exception
65032,,exception
65033,,exception
65034,,exception
65035,,exception
65036,,exception
65037,,exception
65038,,exception
65039,,exception
65040,,exception
65041,,exception
65042,,exception
65043,,exception
65044,,exception
65045,,exception
65046,,exception
65047,,exception
65048,,exception
65049,,exception
65050,,exception
65051,,exception
65052,,exception
65053,,exception
65054,,exception
65055,,exception
65056,,exception
65057,,exception
65058,,exception
65059,,exception
65060,,exception
65061,,exception
65062,,exception
65063,,exception
65064,,exception
65065,,exception
65066,,exception
65067,,exception
65068,,exception
65069,,exception
65070,,exception
65071,,exception
65072,,exception
65073,,exception
65074,,exception
65075,,exception
65076,,exception
65077,,exception
65078,,exception
65079,,exception
65080,,exception
65081,,exception
65082,,exception
65083,,exception
65084,,exception
65085,,exception
65086,,exception
65087,,exception
65088,,exception
65089,,exception
65090,,exception
65091,,exception
65092,,exception
65093,,exception
65094,,exception
65095,,exception
65096,,exception
65097,,exception
65098,,exception
65099,,exception
65100,,exception
65101,,exception
65102,,exception
65103,,exception
65104,,exception
65105,,exception
65106,,exception
65107,,exception
65108,,exception
65109,,exception
65110,,exception
65111,,exception
65112,,exception
65113,,exception
65114,,exception
65115,,exception
65116,,exception
65117,,exception
65118,,exception
65119,,exception
65120,,exception
65121,,exception
65122,,exception
65123,,exception
65124,,exception
65125,,exception
65126,,exception
65127,,exception
65128,,exception
65129,,exception
65130,,exception
65131,,exception
65132,,exception
65133,,exception
65134,,exception
65135,,exception
65136,,exception
65137,,exception
65138,,exception
65139,,exception
65140,,exception
65141,,exception
65142,,exception
65143,,exception
65144,,exception
65145,,exception
65146,,exception
65147,,exception
65148,,exception
65149,,exception
65150,,exception
65151,,exception
65152,,exception
65153,,exception
65154,,exception
65155,,exception
65156,,exception
65157,,exception
65158,,exception
65159,,exception
65160,,exception
65161,,exception
65162,,exception
65163,,exception
65164,,exception
65165,,exception
65166,,exception
65167,,exception
65168,,exception
65169,,exception
65170,,exception
65171,,exception
65172,,exception
65173,,exception
65174,,exception
65175,,exception
65176,,exception
65177,,exception
65178,,exception
65179,,exception
65180,,exception
65181,,exception
65182,,exception
65183,,exception
65184,,exception
65185,,exception
65186,,exception
65187,,exception
65188,,exception
65189,,exception
65190,,exception
65191,,exception
65192,,exception
65193,,exception
65194,,exception
65195,,exception
65196,,exception
65197,,exception
65198,,exception
65199,,exception
65200,,exception
65201,,exception
65202,,exception
65203,,exception
65204,,exception
65205,,exception
65206,,exception
65207,,exception
65208,,exception
65209,,exception
65210,,exception
65211,,exception
65212,,exception
65213,,exception
65214,,exception
65215,,exception
65216,,exception
65217,,exception
65218,,exception
65219,,exception
65220,,exception
65221,,exception
65222,,exception
65223,,exception
65224,,exception
65225,,exception
65226,,exception
65227,,exception
65228,,exception
65229,,exception
65230,,exception
65231,,exception
65232,,exception
65233,,exception
65234,,exception
65235,,exception
65236,,exception
65237,,exception
65238,,exception
65239,,exception
65240,,exception
65241,,exception
65242,,exception
65243,,exception
65244,,exception
65245,,exception
65246,,exception
65247,,exception
65248,,exception
65249,,exception
65250,,exception
65251,,exception
65252,,exception
65253,,exception
65254,,exception
65255,,exception
65256,,exception
65257,,exception
65258,,exception
65259,,exception
65260,,exception
65261,,exception
65262,,exception
65263,,exception
65264,,exception
65265,,exception
65266,,exception
65267,,exception
65268,,exception
65269,,exception
65270,,exception
65271,,exception
65272,,exception
65273,,exception
65274,,exception
65275,,exception
65276,,exception
65277,,exception
65278,,exception
65279,,exception
65280,,exception
65281,,exception
65282,,exception
65283,,exception
65284,,exception
65285,,exception
65286,,exception
65287,,exception
65288,,exception
65289,,exception
65290,,exception
65291,,exception
65292,,exception
65293,,exception
65294,,exception
65295,,exception
65296,,exception
65297,,exception
65298,,exception
65299,,exception
65300,,exception
65301,,exception
65302,,exception
65303,,exception
65304,,exception
65305,,exception
65306,,exception
65307,,exception
65308,,exception
65309,,exception
65310,,exception
65311,,exception
65312,,exception
65313,,exception
65314,,exception
65315,,exception
65316,,exception
65317,,exception
65318,,exception
65319,,exception
65320,,exception
65321,,exception
65322,,exception
65323,,exception
65324,,exception
65325,,exception
65326,,exception
65327,,exception
65328,,exception
65329,,exception
65330,,exception
65331,,exception
65332,,exception
65333,,exception
65334,,exception
65335,,exception
65336,,exception
65337,,exception
65338,,exception
65339,,exception
65340,,exception
65341,,exception
65342,,exception
65343,,exception
65344,,exception
65345,,exception
65346,,exception
65347,,exception
65348,,exception
65349,,exception
65350,,exception
65351,,exception
65352,,exception
65353,,exception
65354,,exception
65355,,exception
65356,,exception
65357,,exception
65358,,exception
65359,,exception
65360,,exception
65361,,exception
65362,,exception
65363,,exception
65364,,exception
65365,,exception
65366,,exception
65367,,exception
65368,,exception
65369,,exception
65370,,exception
65371,,exception
65372,,exception
65373,,exception
65374,,exception
65375,,exception
65376,,exception
65377,,exception
65378,,exception
65379,,exception
65380,,exception
65381,,exception
65382,,exception
65383,,exception
65384,,exception
65385,,exception
65386,,exception
65387,,exception
65388,,exception
65389,,exception
65390,,exception
65391,,exception
65392,,exception
65393,,exception
65394,,exception
65395,,exception
65396,,exception
65397,,exception
65398,,exception
65399,,exception
65400,,exception
65401,,exception
65402,,exception
65403,,exception
65404,,exception
65405,,exception
65406,,exception
65407,,exception
65408,,exception
65409,,exception
65410,,exception
65411,,exception
65412,,exception
65413,,exception
65414,,exception
65415,,exception
65416,,exception
65417,,exception
65418,,exception
65419,,exception
65420,,exception
65421,,exception
65422,,exception
65423,,exception
65424,,exception
65425,,exception
65426,,exception
65427,,exception
65428,,exception
65429,,exception
65430,,exception
65431,,exception
65432,,exception
65433,,exception
65434,,exception
65435,,exception
65436,,exception
65437,,exception
65438,,exception
65439,,exception
65440,,exception
65441,,exception
65442,,exception
65443,,exception
65444,,exception
65445,,exception
65446,,exception
65447,,exception
65448,,exception
65449,,exception
65450,,exception
65451,,exception
65452,,exception
65453,,exception
65454,,exception
65455,,exception
65456,,exception
65457,,exception
65458,,exception
65459,,exception
65460,,exception
65461,,exception
65462,,exception
65463,,exception
65464,,exception
65465,,exception
65466,,exception
65467,,exception
65468,,exception
65469,,exception
65470,,exception
65471,,exception
65472,,exception
65473,,exception
65474,,exception
65475,,exception
65476,,exception
65477,,exception
65478,,exception
65479,,exception
65480,,exception
65481,,exception
65482,,exception
65483,,exception
65484,,exception
65485,,exception
65486,,exception
65487,,exception
65488,,exception
65489,,exception
65490,,exception
65491,,exception
65492,,exception
65493,,exception
65494,,exception
65495,,exception
65496,,exception
65497,,exception
65498,,exception
65499,,exception
65500,,exception
65501,,exception
65502,,exception
65503,,exception
65504,,exception
65505,,exception
65506,,exception
65507,,exception
65508,,exception
65509,,exception
65510,,exception
65511,,exception
65512,,exception
65513,,exception
65514,,exception
65515,,exception
65516,,exception
65517,,exception
65518,,exception
65519,,exception
65520,,exception
65521,,exception
65522,,exception
65523,,exception
65524,,exception
65525,,exception
65526,,exception
65527,,exception
65528,,exception
65529,,exception
65530,,exception
65531,,exception
65532,,exception
65533,,exception
65534,,exception
65535,,exception
